Meldedatum,Altersgruppe,Bevoelkerung,Faelle_gesamt,Faelle_neu,Faelle_7-Tage,Inzidenz_7-Tage
2020-01-03,00-04,3988681,0,0,0,0
2020-01-03,00+,84358845,1,1,0,0
2020-01-03,05-14,7940296,0,0,0,0
2020-01-03,15-34,19059537,0,0,0,0
2020-01-03,35-59,28508100,0,0,0,0
2020-01-03,60-79,18749279,0,0,0,0
2020-01-03,80+,6112952,1,1,0,0
2020-01-04,00-04,3988681,0,0,0,0
2020-01-04,00+,84358845,1,0,0,0
2020-01-04,05-14,7940296,0,0,0,0
2020-01-04,15-34,19059537,0,0,0,0
2020-01-04,35-59,28508100,0,0,0,0
2020-01-04,60-79,18749279,0,0,0,0
2020-01-04,80+,6112952,1,0,0,0
2020-01-05,00-04,3988681,0,0,0,0
2020-01-05,00+,84358845,1,0,0,0
2020-01-05,05-14,7940296,0,0,0,0
2020-01-05,15-34,19059537,0,0,0,0
2020-01-05,35-59,28508100,0,0,0,0
2020-01-05,60-79,18749279,0,0,0,0
2020-01-05,80+,6112952,1,0,0,0
2020-01-06,00-04,3988681,0,0,0,0
2020-01-06,00+,84358845,1,0,0,0
2020-01-06,05-14,7940296,0,0,0,0
2020-01-06,15-34,19059537,0,0,0,0
2020-01-06,35-59,28508100,0,0,0,0
2020-01-06,60-79,18749279,0,0,0,0
2020-01-06,80+,6112952,1,0,0,0
2020-01-07,00-04,3988681,0,0,0,0
2020-01-07,00+,84358845,1,0,0,0
2020-01-07,05-14,7940296,0,0,0,0
2020-01-07,15-34,19059537,0,0,0,0
2020-01-07,35-59,28508100,0,0,0,0
2020-01-07,60-79,18749279,0,0,0,0
2020-01-07,80+,6112952,1,0,0,0
2020-01-08,00-04,3988681,0,0,0,0
2020-01-08,00+,84358845,1,0,0,0
2020-01-08,05-14,7940296,0,0,0,0
2020-01-08,15-34,19059537,0,0,0,0
2020-01-08,35-59,28508100,0,0,0,0
2020-01-08,60-79,18749279,0,0,0,0
2020-01-08,80+,6112952,1,0,0,0
2020-01-09,00-04,3988681,0,0,0,0
2020-01-09,00+,84358845,1,0,1,0
2020-01-09,05-14,7940296,0,0,0,0
2020-01-09,15-34,19059537,0,0,0,0
2020-01-09,35-59,28508100,0,0,0,0
2020-01-09,60-79,18749279,0,0,0,0
2020-01-09,80+,6112952,1,0,1,0
2020-01-10,00-04,3988681,0,0,0,0
2020-01-10,00+,84358845,1,0,0,0
2020-01-10,05-14,7940296,0,0,0,0
2020-01-10,15-34,19059537,0,0,0,0
2020-01-10,35-59,28508100,0,0,0,0
2020-01-10,60-79,18749279,0,0,0,0
2020-01-10,80+,6112952,1,0,0,0
2020-01-11,00-04,3988681,0,0,0,0
2020-01-11,00+,84358845,1,0,0,0
2020-01-11,05-14,7940296,0,0,0,0
2020-01-11,15-34,19059537,0,0,0,0
2020-01-11,35-59,28508100,0,0,0,0
2020-01-11,60-79,18749279,0,0,0,0
2020-01-11,80+,6112952,1,0,0,0
2020-01-12,00-04,3988681,0,0,0,0
2020-01-12,00+,84358845,1,0,0,0
2020-01-12,05-14,7940296,0,0,0,0
2020-01-12,15-34,19059537,0,0,0,0
2020-01-12,35-59,28508100,0,0,0,0
2020-01-12,60-79,18749279,0,0,0,0
2020-01-12,80+,6112952,1,0,0,0
2020-01-13,00-04,3988681,0,0,0,0
2020-01-13,00+,84358845,1,0,0,0
2020-01-13,05-14,7940296,0,0,0,0
2020-01-13,15-34,19059537,0,0,0,0
2020-01-13,35-59,28508100,0,0,0,0
2020-01-13,60-79,18749279,0,0,0,0
2020-01-13,80+,6112952,1,0,0,0
2020-01-14,00-04,3988681,0,0,0,0
2020-01-14,00+,84358845,1,0,0,0
2020-01-14,05-14,7940296,0,0,0,0
2020-01-14,15-34,19059537,0,0,0,0
2020-01-14,35-59,28508100,0,0,0,0
2020-01-14,60-79,18749279,0,0,0,0
2020-01-14,80+,6112952,1,0,0,0
2020-01-15,00-04,3988681,0,0,0,0
2020-01-15,00+,84358845,1,0,0,0
2020-01-15,05-14,7940296,0,0,0,0
2020-01-15,15-34,19059537,0,0,0,0
2020-01-15,35-59,28508100,0,0,0,0
2020-01-15,60-79,18749279,0,0,0,0
2020-01-15,80+,6112952,1,0,0,0
2020-01-16,00-04,3988681,0,0,0,0
2020-01-16,00+,84358845,1,0,0,0
2020-01-16,05-14,7940296,0,0,0,0
2020-01-16,15-34,19059537,0,0,0,0
2020-01-16,35-59,28508100,0,0,0,0
2020-01-16,60-79,18749279,0,0,0,0
2020-01-16,80+,6112952,1,0,0,0
2020-01-17,00-04,3988681,0,0,0,0
2020-01-17,00+,84358845,1,0,0,0
2020-01-17,05-14,7940296,0,0,0,0
2020-01-17,15-34,19059537,0,0,0,0
2020-01-17,35-59,28508100,0,0,0,0
2020-01-17,60-79,18749279,0,0,0,0
2020-01-17,80+,6112952,1,0,0,0
2020-01-18,00-04,3988681,0,0,0,0
2020-01-18,00+,84358845,1,0,0,0
2020-01-18,05-14,7940296,0,0,0,0
2020-01-18,15-34,19059537,0,0,0,0
2020-01-18,35-59,28508100,0,0,0,0
2020-01-18,60-79,18749279,0,0,0,0
2020-01-18,80+,6112952,1,0,0,0
2020-01-19,00-04,3988681,0,0,0,0
2020-01-19,00+,84358845,1,0,0,0
2020-01-19,05-14,7940296,0,0,0,0
2020-01-19,15-34,19059537,0,0,0,0
2020-01-19,35-59,28508100,0,0,0,0
2020-01-19,60-79,18749279,0,0,0,0
2020-01-19,80+,6112952,1,0,0,0
2020-01-20,00-04,3988681,0,0,0,0
2020-01-20,00+,84358845,1,0,0,0
2020-01-20,05-14,7940296,0,0,0,0
2020-01-20,15-34,19059537,0,0,0,0
2020-01-20,35-59,28508100,0,0,0,0
2020-01-20,60-79,18749279,0,0,0,0
2020-01-20,80+,6112952,1,0,0,0
2020-01-21,00-04,3988681,0,0,0,0
2020-01-21,00+,84358845,1,0,0,0
2020-01-21,05-14,7940296,0,0,0,0
2020-01-21,15-34,19059537,0,0,0,0
2020-01-21,35-59,28508100,0,0,0,0
2020-01-21,60-79,18749279,0,0,0,0
2020-01-21,80+,6112952,1,0,0,0
2020-01-22,00-04,3988681,0,0,0,0
2020-01-22,00+,84358845,1,0,0,0
2020-01-22,05-14,7940296,0,0,0,0
2020-01-22,15-34,19059537,0,0,0,0
2020-01-22,35-59,28508100,0,0,0,0
2020-01-22,60-79,18749279,0,0,0,0
2020-01-22,80+,6112952,1,0,0,0
2020-01-23,00-04,3988681,0,0,0,0
2020-01-23,00+,84358845,1,0,0,0
2020-01-23,05-14,7940296,0,0,0,0
2020-01-23,15-34,19059537,0,0,0,0
2020-01-23,35-59,28508100,0,0,0,0
2020-01-23,60-79,18749279,0,0,0,0
2020-01-23,80+,6112952,1,0,0,0
2020-01-24,00-04,3988681,0,0,0,0
2020-01-24,00+,84358845,2,1,1,0
2020-01-24,05-14,7940296,0,0,0,0
2020-01-24,15-34,19059537,0,0,0,0
2020-01-24,35-59,28508100,0,0,0,0
2020-01-24,60-79,18749279,0,0,0,0
2020-01-24,80+,6112952,2,1,1,0
2020-01-25,00-04,3988681,0,0,0,0
2020-01-25,00+,84358845,2,0,1,0
2020-01-25,05-14,7940296,0,0,0,0
2020-01-25,15-34,19059537,0,0,0,0
2020-01-25,35-59,28508100,0,0,0,0
2020-01-25,60-79,18749279,0,0,0,0
2020-01-25,80+,6112952,2,0,1,0
2020-01-26,00-04,3988681,0,0,0,0
2020-01-26,00+,84358845,2,0,1,0
2020-01-26,05-14,7940296,0,0,0,0
2020-01-26,15-34,19059537,0,0,0,0
2020-01-26,35-59,28508100,0,0,0,0
2020-01-26,60-79,18749279,0,0,0,0
2020-01-26,80+,6112952,2,0,1,0
2020-01-27,00-04,3988681,0,0,0,0
2020-01-27,00+,84358845,2,0,1,0
2020-01-27,05-14,7940296,0,0,0,0
2020-01-27,15-34,19059537,0,0,0,0
2020-01-27,35-59,28508100,0,0,0,0
2020-01-27,60-79,18749279,0,0,0,0
2020-01-27,80+,6112952,2,0,1,0
2020-01-28,00-04,3988681,0,0,0,0
2020-01-28,00+,84358845,2,0,1,0
2020-01-28,05-14,7940296,0,0,0,0
2020-01-28,15-34,19059537,0,0,0,0
2020-01-28,35-59,28508100,0,0,0,0
2020-01-28,60-79,18749279,0,0,0,0
2020-01-28,80+,6112952,2,0,1,0
2020-01-29,00-04,3988681,0,0,0,0
2020-01-29,00+,84358845,4,2,3,0
2020-01-29,05-14,7940296,0,0,0,0
2020-01-29,15-34,19059537,1,1,1,0
2020-01-29,35-59,28508100,1,1,1,0
2020-01-29,60-79,18749279,0,0,0,0
2020-01-29,80+,6112952,2,0,1,0
2020-01-30,00-04,3988681,0,0,0,0
2020-01-30,00+,84358845,6,2,5,0
2020-01-30,05-14,7940296,0,0,0,0
2020-01-30,15-34,19059537,3,2,3,0
2020-01-30,35-59,28508100,1,0,1,0
2020-01-30,60-79,18749279,0,0,0,0
2020-01-30,80+,6112952,2,0,1,0
2020-01-31,00-04,3988681,0,0,0,0
2020-01-31,00+,84358845,6,0,4,0
2020-01-31,05-14,7940296,0,0,0,0
2020-01-31,15-34,19059537,3,0,3,0
2020-01-31,35-59,28508100,1,0,1,0
2020-01-31,60-79,18749279,0,0,0,0
2020-01-31,80+,6112952,2,0,0,0
2020-02-01,00-04,3988681,1,1,1,0
2020-02-01,00+,84358845,10,4,8,0
2020-02-01,05-14,7940296,0,0,0,0
2020-02-01,15-34,19059537,4,1,4,0
2020-02-01,35-59,28508100,3,2,3,0
2020-02-01,60-79,18749279,0,0,0,0
2020-02-01,80+,6112952,2,0,0,0
2020-02-02,00-04,3988681,1,0,1,0
2020-02-02,00+,84358845,11,1,9,0
2020-02-02,05-14,7940296,0,0,0,0
2020-02-02,15-34,19059537,5,1,5,0
2020-02-02,35-59,28508100,3,0,3,0
2020-02-02,60-79,18749279,0,0,0,0
2020-02-02,80+,6112952,2,0,0,0
2020-02-03,00-04,3988681,1,0,1,0
2020-02-03,00+,84358845,11,0,9,0
2020-02-03,05-14,7940296,0,0,0,0
2020-02-03,15-34,19059537,5,0,5,0
2020-02-03,35-59,28508100,3,0,3,0
2020-02-03,60-79,18749279,0,0,0,0
2020-02-03,80+,6112952,2,0,0,0
2020-02-04,00-04,3988681,1,0,1,0
2020-02-04,00+,84358845,12,1,10,0
2020-02-04,05-14,7940296,0,0,0,0
2020-02-04,15-34,19059537,6,1,6,0
2020-02-04,35-59,28508100,3,0,3,0
2020-02-04,60-79,18749279,0,0,0,0
2020-02-04,80+,6112952,2,0,0,0
2020-02-05,00-04,3988681,2,1,2,0.1
2020-02-05,00+,84358845,16,4,12,0
2020-02-05,05-14,7940296,0,0,0,0
2020-02-05,15-34,19059537,7,1,6,0
2020-02-05,35-59,28508100,5,2,4,0
2020-02-05,60-79,18749279,0,0,0,0
2020-02-05,80+,6112952,2,0,0,0
2020-02-06,00-04,3988681,2,0,2,0.1
2020-02-06,00+,84358845,18,2,12,0
2020-02-06,05-14,7940296,0,0,0,0
2020-02-06,15-34,19059537,8,1,5,0
2020-02-06,35-59,28508100,6,1,5,0
2020-02-06,60-79,18749279,0,0,0,0
2020-02-06,80+,6112952,2,0,0,0
2020-02-07,00-04,3988681,2,0,2,0.1
2020-02-07,00+,84358845,19,1,13,0
2020-02-07,05-14,7940296,0,0,0,0
2020-02-07,15-34,19059537,8,0,5,0
2020-02-07,35-59,28508100,7,1,6,0
2020-02-07,60-79,18749279,0,0,0,0
2020-02-07,80+,6112952,2,0,0,0
2020-02-08,00-04,3988681,2,0,1,0
2020-02-08,00+,84358845,20,1,10,0
2020-02-08,05-14,7940296,0,0,0,0
2020-02-08,15-34,19059537,8,0,4,0
2020-02-08,35-59,28508100,8,1,5,0
2020-02-08,60-79,18749279,0,0,0,0
2020-02-08,80+,6112952,2,0,0,0
2020-02-09,00-04,3988681,2,0,1,0
2020-02-09,00+,84358845,20,0,9,0
2020-02-09,05-14,7940296,0,0,0,0
2020-02-09,15-34,19059537,8,0,3,0
2020-02-09,35-59,28508100,8,0,5,0
2020-02-09,60-79,18749279,0,0,0,0
2020-02-09,80+,6112952,2,0,0,0
2020-02-10,00-04,3988681,2,0,1,0
2020-02-10,00+,84358845,20,0,9,0
2020-02-10,05-14,7940296,0,0,0,0
2020-02-10,15-34,19059537,8,0,3,0
2020-02-10,35-59,28508100,8,0,5,0
2020-02-10,60-79,18749279,0,0,0,0
2020-02-10,80+,6112952,2,0,0,0
2020-02-11,00-04,3988681,2,0,1,0
2020-02-11,00+,84358845,21,1,9,0
2020-02-11,05-14,7940296,0,0,0,0
2020-02-11,15-34,19059537,8,0,2,0
2020-02-11,35-59,28508100,9,1,6,0
2020-02-11,60-79,18749279,0,0,0,0
2020-02-11,80+,6112952,2,0,0,0
2020-02-12,00-04,3988681,3,1,1,0
2020-02-12,00+,84358845,23,2,7,0
2020-02-12,05-14,7940296,0,0,0,0
2020-02-12,15-34,19059537,8,0,1,0
2020-02-12,35-59,28508100,10,1,5,0
2020-02-12,60-79,18749279,0,0,0,0
2020-02-12,80+,6112952,2,0,0,0
2020-02-13,00-04,3988681,3,0,1,0
2020-02-13,00+,84358845,24,1,6,0
2020-02-13,05-14,7940296,0,0,0,0
2020-02-13,15-34,19059537,8,0,0,0
2020-02-13,35-59,28508100,11,1,5,0
2020-02-13,60-79,18749279,0,0,0,0
2020-02-13,80+,6112952,2,0,0,0
2020-02-14,00-04,3988681,3,0,1,0
2020-02-14,00+,84358845,24,0,5,0
2020-02-14,05-14,7940296,0,0,0,0
2020-02-14,15-34,19059537,8,0,0,0
2020-02-14,35-59,28508100,11,0,4,0
2020-02-14,60-79,18749279,0,0,0,0
2020-02-14,80+,6112952,2,0,0,0
2020-02-15,00-04,3988681,3,0,1,0
2020-02-15,00+,84358845,24,0,4,0
2020-02-15,05-14,7940296,0,0,0,0
2020-02-15,15-34,19059537,8,0,0,0
2020-02-15,35-59,28508100,11,0,3,0
2020-02-15,60-79,18749279,0,0,0,0
2020-02-15,80+,6112952,2,0,0,0
2020-02-16,00-04,3988681,4,1,2,0.1
2020-02-16,00+,84358845,25,1,5,0
2020-02-16,05-14,7940296,0,0,0,0
2020-02-16,15-34,19059537,8,0,0,0
2020-02-16,35-59,28508100,11,0,3,0
2020-02-16,60-79,18749279,0,0,0,0
2020-02-16,80+,6112952,2,0,0,0
2020-02-17,00-04,3988681,4,0,2,0.1
2020-02-17,00+,84358845,25,0,5,0
2020-02-17,05-14,7940296,0,0,0,0
2020-02-17,15-34,19059537,8,0,0,0
2020-02-17,35-59,28508100,11,0,3,0
2020-02-17,60-79,18749279,0,0,0,0
2020-02-17,80+,6112952,2,0,0,0
2020-02-18,00-04,3988681,4,0,2,0.1
2020-02-18,00+,84358845,27,2,6,0
2020-02-18,05-14,7940296,0,0,0,0
2020-02-18,15-34,19059537,10,2,2,0
2020-02-18,35-59,28508100,11,0,2,0
2020-02-18,60-79,18749279,0,0,0,0
2020-02-18,80+,6112952,2,0,0,0
2020-02-19,00-04,3988681,4,0,1,0
2020-02-19,00+,84358845,28,1,5,0
2020-02-19,05-14,7940296,0,0,0,0
2020-02-19,15-34,19059537,10,0,2,0
2020-02-19,35-59,28508100,11,0,1,0
2020-02-19,60-79,18749279,1,1,1,0
2020-02-19,80+,6112952,2,0,0,0
2020-02-20,00-04,3988681,4,0,1,0
2020-02-20,00+,84358845,29,1,5,0
2020-02-20,05-14,7940296,1,1,1,0
2020-02-20,15-34,19059537,10,0,2,0
2020-02-20,35-59,28508100,11,0,0,0
2020-02-20,60-79,18749279,1,0,1,0
2020-02-20,80+,6112952,2,0,0,0
2020-02-21,00-04,3988681,4,0,1,0
2020-02-21,00+,84358845,31,2,7,0
2020-02-21,05-14,7940296,1,0,1,0
2020-02-21,15-34,19059537,11,1,3,0
2020-02-21,35-59,28508100,11,0,0,0
2020-02-21,60-79,18749279,2,1,2,0
2020-02-21,80+,6112952,2,0,0,0
2020-02-22,00-04,3988681,4,0,1,0
2020-02-22,00+,84358845,31,0,7,0
2020-02-22,05-14,7940296,1,0,1,0
2020-02-22,15-34,19059537,11,0,3,0
2020-02-22,35-59,28508100,11,0,0,0
2020-02-22,60-79,18749279,2,0,2,0
2020-02-22,80+,6112952,2,0,0,0
2020-02-23,00-04,3988681,4,0,0,0
2020-02-23,00+,84358845,31,0,6,0
2020-02-23,05-14,7940296,1,0,1,0
2020-02-23,15-34,19059537,11,0,3,0
2020-02-23,35-59,28508100,11,0,0,0
2020-02-23,60-79,18749279,2,0,2,0
2020-02-23,80+,6112952,2,0,0,0
2020-02-24,00-04,3988681,4,0,0,0
2020-02-24,00+,84358845,31,0,6,0
2020-02-24,05-14,7940296,1,0,1,0
2020-02-24,15-34,19059537,11,0,3,0
2020-02-24,35-59,28508100,11,0,0,0
2020-02-24,60-79,18749279,2,0,2,0
2020-02-24,80+,6112952,2,0,0,0
2020-02-25,00-04,3988681,4,0,0,0
2020-02-25,00+,84358845,32,1,5,0
2020-02-25,05-14,7940296,1,0,1,0
2020-02-25,15-34,19059537,11,0,1,0
2020-02-25,35-59,28508100,12,1,1,0
2020-02-25,60-79,18749279,2,0,2,0
2020-02-25,80+,6112952,2,0,0,0
2020-02-26,00-04,3988681,4,0,0,0
2020-02-26,00+,84358845,35,3,7,0
2020-02-26,05-14,7940296,1,0,1,0
2020-02-26,15-34,19059537,13,2,3,0
2020-02-26,35-59,28508100,13,1,2,0
2020-02-26,60-79,18749279,2,0,1,0
2020-02-26,80+,6112952,2,0,0,0
2020-02-27,00-04,3988681,4,0,0,0
2020-02-27,00+,84358845,43,8,14,0
2020-02-27,05-14,7940296,1,0,0,0
2020-02-27,15-34,19059537,16,3,6,0
2020-02-27,35-59,28508100,18,5,7,0
2020-02-27,60-79,18749279,2,0,1,0
2020-02-27,80+,6112952,2,0,0,0
2020-02-28,00-04,3988681,4,0,0,0
2020-02-28,00+,84358845,67,24,36,0
2020-02-28,05-14,7940296,2,1,1,0
2020-02-28,15-34,19059537,27,11,16,0.1
2020-02-28,35-59,28508100,26,8,15,0.1
2020-02-28,60-79,18749279,5,3,3,0
2020-02-28,80+,6112952,3,1,1,0
2020-02-29,00-04,3988681,6,2,2,0.1
2020-02-29,00+,84358845,112,45,81,0.1
2020-02-29,05-14,7940296,2,0,1,0
2020-02-29,15-34,19059537,48,21,37,0.2
2020-02-29,35-59,28508100,41,15,30,0.1
2020-02-29,60-79,18749279,12,7,10,0.1
2020-02-29,80+,6112952,3,0,1,0
2020-03-01,00-04,3988681,6,0,2,0.1
2020-03-01,00+,84358845,135,23,104,0.1
2020-03-01,05-14,7940296,3,1,2,0
2020-03-01,15-34,19059537,56,8,45,0.2
2020-03-01,35-59,28508100,54,13,43,0.2
2020-03-01,60-79,18749279,13,1,11,0.1
2020-03-01,80+,6112952,3,0,1,0
2020-03-02,00-04,3988681,6,0,2,0.1
2020-03-02,00+,84358845,170,35,139,0.2
2020-03-02,05-14,7940296,3,0,2,0
2020-03-02,15-34,19059537,73,17,62,0.3
2020-03-02,35-59,28508100,68,14,57,0.2
2020-03-02,60-79,18749279,17,4,15,0.1
2020-03-02,80+,6112952,3,0,1,0
2020-03-03,00-04,3988681,6,0,2,0.1
2020-03-03,00+,84358845,213,43,181,0.2
2020-03-03,05-14,7940296,3,0,2,0
2020-03-03,15-34,19059537,89,16,78,0.4
2020-03-03,35-59,28508100,85,17,73,0.3
2020-03-03,60-79,18749279,26,9,24,0.1
2020-03-03,80+,6112952,4,1,2,0
2020-03-04,00-04,3988681,6,0,2,0.1
2020-03-04,00+,84358845,298,85,263,0.3
2020-03-04,05-14,7940296,9,6,8,0.1
2020-03-04,15-34,19059537,115,26,102,0.5
2020-03-04,35-59,28508100,122,37,109,0.4
2020-03-04,60-79,18749279,42,16,40,0.2
2020-03-04,80+,6112952,4,0,2,0
2020-03-05,00-04,3988681,6,0,2,0.1
2020-03-05,00+,84358845,455,157,412,0.5
2020-03-05,05-14,7940296,12,3,11,0.1
2020-03-05,15-34,19059537,171,56,155,0.8
2020-03-05,35-59,28508100,201,79,183,0.6
2020-03-05,60-79,18749279,57,15,55,0.3
2020-03-05,80+,6112952,8,4,6,0.1
2020-03-06,00-04,3988681,11,5,7,0.2
2020-03-06,00+,84358845,641,186,574,0.7
2020-03-06,05-14,7940296,17,5,15,0.2
2020-03-06,15-34,19059537,236,65,209,1.1
2020-03-06,35-59,28508100,294,93,268,0.9
2020-03-06,60-79,18749279,73,16,68,0.4
2020-03-06,80+,6112952,10,2,7,0.1
2020-03-07,00-04,3988681,13,2,7,0.2
2020-03-07,00+,84358845,827,186,715,0.8
2020-03-07,05-14,7940296,23,6,21,0.3
2020-03-07,15-34,19059537,271,35,223,1.2
2020-03-07,35-59,28508100,398,104,357,1.3
2020-03-07,60-79,18749279,105,32,93,0.5
2020-03-07,80+,6112952,17,7,14,0.2
2020-03-08,00-04,3988681,13,0,7,0.2
2020-03-08,00+,84358845,969,142,834,1
2020-03-08,05-14,7940296,27,4,24,0.3
2020-03-08,15-34,19059537,309,38,253,1.3
2020-03-08,35-59,28508100,467,69,413,1.4
2020-03-08,60-79,18749279,133,28,120,0.6
2020-03-08,80+,6112952,20,3,17,0.3
2020-03-09,00-04,3988681,15,2,9,0.2
2020-03-09,00+,84358845,1075,106,905,1.1
2020-03-09,05-14,7940296,32,5,29,0.4
2020-03-09,15-34,19059537,333,24,260,1.4
2020-03-09,35-59,28508100,532,65,464,1.6
2020-03-09,60-79,18749279,141,8,124,0.7
2020-03-09,80+,6112952,22,2,19,0.3
2020-03-10,00-04,3988681,18,3,12,0.3
2020-03-10,00+,84358845,1423,348,1210,1.4
2020-03-10,05-14,7940296,44,12,41,0.5
2020-03-10,15-34,19059537,423,90,334,1.8
2020-03-10,35-59,28508100,723,191,638,2.2
2020-03-10,60-79,18749279,185,44,159,0.8
2020-03-10,80+,6112952,30,8,26,0.4
2020-03-11,00-04,3988681,20,2,14,0.4
2020-03-11,00+,84358845,2018,595,1720,2
2020-03-11,05-14,7940296,65,21,56,0.7
2020-03-11,15-34,19059537,574,151,459,2.4
2020-03-11,35-59,28508100,1030,307,908,3.2
2020-03-11,60-79,18749279,285,100,243,1.3
2020-03-11,80+,6112952,44,14,40,0.7
2020-03-12,00-04,3988681,26,6,20,0.5
2020-03-12,00+,84358845,2776,758,2321,2.8
2020-03-12,05-14,7940296,91,26,79,1
2020-03-12,15-34,19059537,766,192,595,3.1
2020-03-12,35-59,28508100,1413,383,1212,4.3
2020-03-12,60-79,18749279,425,140,368,2
2020-03-12,80+,6112952,55,11,47,0.8
2020-03-13,00-04,3988681,30,4,19,0.5
2020-03-13,00+,84358845,3766,990,3125,3.7
2020-03-13,05-14,7940296,104,13,87,1.1
2020-03-13,15-34,19059537,980,214,744,3.9
2020-03-13,35-59,28508100,2013,600,1719,6
2020-03-13,60-79,18749279,567,142,494,2.6
2020-03-13,80+,6112952,72,17,62,1
2020-03-14,00-04,3988681,32,2,19,0.5
2020-03-14,00+,84358845,5234,1468,4407,5.2
2020-03-14,05-14,7940296,142,38,119,1.5
2020-03-14,15-34,19059537,1330,350,1059,5.6
2020-03-14,35-59,28508100,2847,834,2449,8.6
2020-03-14,60-79,18749279,781,214,676,3.6
2020-03-14,80+,6112952,100,28,83,1.4
2020-03-15,00-04,3988681,44,12,31,0.8
2020-03-15,00+,84358845,6535,1301,5566,6.6
2020-03-15,05-14,7940296,173,31,146,1.8
2020-03-15,15-34,19059537,1676,346,1367,7.2
2020-03-15,35-59,28508100,3575,728,3108,10.9
2020-03-15,60-79,18749279,940,159,807,4.3
2020-03-15,80+,6112952,125,25,105,1.7
2020-03-16,00-04,3988681,50,6,35,0.9
2020-03-16,00+,84358845,7513,978,6438,7.6
2020-03-16,05-14,7940296,191,18,159,2
2020-03-16,15-34,19059537,1924,248,1591,8.3
2020-03-16,35-59,28508100,4121,546,3589,12.6
2020-03-16,60-79,18749279,1067,127,926,4.9
2020-03-16,80+,6112952,157,32,135,2.2
2020-03-17,00-04,3988681,58,8,40,1
2020-03-17,00+,84358845,9548,2035,8125,9.6
2020-03-17,05-14,7940296,232,41,188,2.4
2020-03-17,15-34,19059537,2446,522,2023,10.6
2020-03-17,35-59,28508100,5219,1098,4496,15.8
2020-03-17,60-79,18749279,1383,316,1198,6.4
2020-03-17,80+,6112952,207,50,177,2.9
2020-03-18,00-04,3988681,73,15,53,1.3
2020-03-18,00+,84358845,12581,3033,10563,12.5
2020-03-18,05-14,7940296,306,74,241,3
2020-03-18,15-34,19059537,3269,823,2695,14.1
2020-03-18,35-59,28508100,6821,1602,5791,20.3
2020-03-18,60-79,18749279,1809,426,1524,8.1
2020-03-18,80+,6112952,300,93,256,4.2
2020-03-19,00-04,3988681,103,30,77,1.9
2020-03-19,00+,84358845,16186,3605,13410,15.9
2020-03-19,05-14,7940296,365,59,274,3.5
2020-03-19,15-34,19059537,4248,979,3482,18.3
2020-03-19,35-59,28508100,8709,1888,7296,25.6
2020-03-19,60-79,18749279,2364,555,1939,10.3
2020-03-19,80+,6112952,393,93,338,5.5
2020-03-20,00-04,3988681,129,26,99,2.5
2020-03-20,00+,84358845,20231,4045,16465,19.5
2020-03-20,05-14,7940296,424,59,320,4
2020-03-20,15-34,19059537,5346,1098,4366,22.9
2020-03-20,35-59,28508100,10792,2083,8779,30.8
2020-03-20,60-79,18749279,3019,655,2452,13.1
2020-03-20,80+,6112952,515,122,443,7.2
2020-03-21,00-04,3988681,149,20,117,2.9
2020-03-21,00+,84358845,24281,4050,19047,22.6
2020-03-21,05-14,7940296,513,89,371,4.7
2020-03-21,15-34,19059537,6452,1106,5122,26.9
2020-03-21,35-59,28508100,12785,1993,9938,34.9
2020-03-21,60-79,18749279,3690,671,2909,15.5
2020-03-21,80+,6112952,680,165,580,9.5
2020-03-22,00-04,3988681,176,27,132,3.3
2020-03-22,00+,84358845,27636,3355,21101,25
2020-03-22,05-14,7940296,577,64,404,5.1
2020-03-22,15-34,19059537,7375,923,5699,29.9
2020-03-22,35-59,28508100,14344,1559,10769,37.8
2020-03-22,60-79,18749279,4319,629,3379,18
2020-03-22,80+,6112952,833,153,708,11.6
2020-03-23,00-04,3988681,192,16,142,3.6
2020-03-23,00+,84358845,29902,2266,22389,26.5
2020-03-23,05-14,7940296,613,36,422,5.3
2020-03-23,15-34,19059537,7963,588,6039,31.7
2020-03-23,35-59,28508100,15426,1082,11305,39.7
2020-03-23,60-79,18749279,4744,425,3677,19.6
2020-03-23,80+,6112952,950,117,793,13
2020-03-24,00-04,3988681,222,30,164,4.1
2020-03-24,00+,84358845,33629,3727,24081,28.5
2020-03-24,05-14,7940296,682,69,450,5.7
2020-03-24,15-34,19059537,8923,960,6477,34
2020-03-24,35-59,28508100,17179,1753,11960,42
2020-03-24,60-79,18749279,5477,733,4094,21.8
2020-03-24,80+,6112952,1132,182,925,15.1
2020-03-25,00-04,3988681,265,43,192,4.8
2020-03-25,00+,84358845,38503,4874,25922,30.7
2020-03-25,05-14,7940296,769,87,463,5.8
2020-03-25,15-34,19059537,10192,1269,6923,36.3
2020-03-25,35-59,28508100,19422,2243,12601,44.2
2020-03-25,60-79,18749279,6422,945,4613,24.6
2020-03-25,80+,6112952,1418,286,1118,18.3
2020-03-26,00-04,3988681,294,29,191,4.8
2020-03-26,00+,84358845,44175,5672,27989,33.2
2020-03-26,05-14,7940296,881,112,516,6.5
2020-03-26,15-34,19059537,11587,1395,7339,38.5
2020-03-26,35-59,28508100,22141,2719,13432,47.1
2020-03-26,60-79,18749279,7509,1087,5145,27.4
2020-03-26,80+,6112952,1748,330,1355,22.2
2020-03-27,00-04,3988681,341,47,212,5.3
2020-03-27,00+,84358845,50074,5899,29843,35.4
2020-03-27,05-14,7940296,978,97,554,7
2020-03-27,15-34,19059537,13088,1501,7742,40.6
2020-03-27,35-59,28508100,24788,2647,13996,49.1
2020-03-27,60-79,18749279,8701,1192,5682,30.3
2020-03-27,80+,6112952,2161,413,1646,26.9
2020-03-28,00-04,3988681,385,44,236,5.9
2020-03-28,00+,84358845,56045,5971,31764,37.7
2020-03-28,05-14,7940296,1087,109,574,7.2
2020-03-28,15-34,19059537,14547,1459,8095,42.5
2020-03-28,35-59,28508100,27376,2588,14591,51.2
2020-03-28,60-79,18749279,9978,1277,6288,33.5
2020-03-28,80+,6112952,2655,494,1975,32.3
2020-03-29,00-04,3988681,424,39,248,6.2
2020-03-29,00+,84358845,60764,4719,33128,39.3
2020-03-29,05-14,7940296,1186,99,609,7.7
2020-03-29,15-34,19059537,15722,1175,8347,43.8
2020-03-29,35-59,28508100,29314,1938,14970,52.5
2020-03-29,60-79,18749279,10998,1020,6679,35.6
2020-03-29,80+,6112952,3102,447,2269,37.1
2020-03-30,00-04,3988681,445,21,253,6.3
2020-03-30,00+,84358845,63838,3074,33936,40.2
2020-03-30,05-14,7940296,1238,52,625,7.9
2020-03-30,15-34,19059537,16492,770,8529,44.7
2020-03-30,35-59,28508100,30624,1310,15198,53.3
2020-03-30,60-79,18749279,11636,638,6892,36.8
2020-03-30,80+,6112952,3384,282,2434,39.8
2020-03-31,00-04,3988681,466,21,244,6.1
2020-03-31,00+,84358845,67962,4124,34333,40.7
2020-03-31,05-14,7940296,1301,63,619,7.8
2020-03-31,15-34,19059537,17460,968,8537,44.8
2020-03-31,35-59,28508100,32358,1734,15179,53.2
2020-03-31,60-79,18749279,12526,890,7049,37.6
2020-03-31,80+,6112952,3831,447,2699,44.2
2020-04-01,00-04,3988681,508,42,243,6.1
2020-04-01,00+,84358845,74002,6040,35499,42.1
2020-04-01,05-14,7940296,1439,138,670,8.4
2020-04-01,15-34,19059537,18837,1377,8645,45.4
2020-04-01,35-59,28508100,34862,2504,15440,54.2
2020-04-01,60-79,18749279,13828,1302,7406,39.5
2020-04-01,80+,6112952,4508,677,3090,50.5
2020-04-02,00-04,3988681,564,56,270,6.8
2020-04-02,00+,84358845,80259,6257,36084,42.8
2020-04-02,05-14,7940296,1575,136,694,8.7
2020-04-02,15-34,19059537,20272,1435,8685,45.6
2020-04-02,35-59,28508100,37382,2520,15241,53.5
2020-04-02,60-79,18749279,15186,1358,7677,40.9
2020-04-02,80+,6112952,5258,750,3510,57.4
2020-04-03,00-04,3988681,611,47,270,6.8
2020-04-03,00+,84358845,86801,6542,36727,43.5
2020-04-03,05-14,7940296,1694,119,716,9
2020-04-03,15-34,19059537,21773,1501,8685,45.6
2020-04-03,35-59,28508100,40016,2634,15228,53.4
2020-04-03,60-79,18749279,16571,1385,7870,42
2020-04-03,80+,6112952,6114,856,3953,64.7
2020-04-04,00-04,3988681,658,47,273,6.8
2020-04-04,00+,84358845,92983,6182,36938,43.8
2020-04-04,05-14,7940296,1819,125,732,9.2
2020-04-04,15-34,19059537,23164,1391,8617,45.2
2020-04-04,35-59,28508100,42434,2418,15058,52.8
2020-04-04,60-79,18749279,17880,1309,7902,42.1
2020-04-04,80+,6112952,7006,892,4351,71.2
2020-04-05,00-04,3988681,687,29,263,6.6
2020-04-05,00+,84358845,97323,4340,36559,43.3
2020-04-05,05-14,7940296,1919,100,733,9.2
2020-04-05,15-34,19059537,24125,961,8403,44.1
2020-04-05,35-59,28508100,44199,1765,14885,52.2
2020-04-05,60-79,18749279,18781,901,7783,41.5
2020-04-05,80+,6112952,7590,584,4488,73.4
2020-04-06,00-04,3988681,711,24,266,6.7
2020-04-06,00+,84358845,99855,2532,36017,42.7
2020-04-06,05-14,7940296,1961,42,723,9.1
2020-04-06,15-34,19059537,24701,576,8209,43.1
2020-04-06,35-59,28508100,45192,993,14568,51.1
2020-04-06,60-79,18749279,19299,518,7663,40.9
2020-04-06,80+,6112952,7969,379,4585,75
2020-04-07,00-04,3988681,741,30,275,6.9
2020-04-07,00+,84358845,103514,3659,35552,42.1
2020-04-07,05-14,7940296,2027,66,726,9.1
2020-04-07,15-34,19059537,25548,847,8088,42.4
2020-04-07,35-59,28508100,46566,1374,14208,49.8
2020-04-07,60-79,18749279,20080,781,7554,40.3
2020-04-07,80+,6112952,8530,561,4699,76.9
2020-04-08,00-04,3988681,799,58,291,7.3
2020-04-08,00+,84358845,108698,5184,34696,41.1
2020-04-08,05-14,7940296,2135,108,696,8.8
2020-04-08,15-34,19059537,26726,1178,7889,41.4
2020-04-08,35-59,28508100,48656,2090,13794,48.4
2020-04-08,60-79,18749279,21104,1024,7276,38.8
2020-04-08,80+,6112952,9255,725,4747,77.7
2020-04-09,00-04,3988681,843,44,279,7
2020-04-09,00+,84358845,113971,5273,33712,40
2020-04-09,05-14,7940296,2239,104,664,8.4
2020-04-09,15-34,19059537,27902,1176,7630,40
2020-04-09,35-59,28508100,50760,2104,13378,46.9
2020-04-09,60-79,18749279,22142,1038,6956,37.1
2020-04-09,80+,6112952,10060,805,4802,78.6
2020-04-10,00-04,3988681,868,25,257,6.4
2020-04-10,00+,84358845,118883,4912,32082,38
2020-04-10,05-14,7940296,2331,92,637,8
2020-04-10,15-34,19059537,29086,1184,7313,38.4
2020-04-10,35-59,28508100,52668,1908,12652,44.4
2020-04-10,60-79,18749279,23088,946,6517,34.8
2020-04-10,80+,6112952,10817,757,4703,76.9
2020-04-11,00-04,3988681,900,32,242,6.1
2020-04-11,00+,84358845,122233,3350,29250,34.7
2020-04-11,05-14,7940296,2396,65,577,7.3
2020-04-11,15-34,19059537,29866,780,6702,35.2
2020-04-11,35-59,28508100,53940,1272,11506,40.4
2020-04-11,60-79,18749279,23708,620,5828,31.1
2020-04-11,80+,6112952,11397,580,4391,71.8
2020-04-12,00-04,3988681,938,38,251,6.3
2020-04-12,00+,84358845,125109,2876,27786,32.9
2020-04-12,05-14,7940296,2471,75,552,7
2020-04-12,15-34,19059537,30549,683,6424,33.7
2020-04-12,35-59,28508100,54985,1045,10786,37.8
2020-04-12,60-79,18749279,24213,505,5432,29
2020-04-12,80+,6112952,11927,530,4337,70.9
2020-04-13,00-04,3988681,948,10,237,5.9
2020-04-13,00+,84358845,126978,1869,27123,32.2
2020-04-13,05-14,7940296,2503,32,542,6.8
2020-04-13,15-34,19059537,30968,419,6267,32.9
2020-04-13,35-59,28508100,55623,638,10431,36.6
2020-04-13,60-79,18749279,24552,339,5253,28
2020-04-13,80+,6112952,12357,430,4388,71.8
2020-04-14,00-04,3988681,958,10,217,5.4
2020-04-14,00+,84358845,128576,1598,25062,29.7
2020-04-14,05-14,7940296,2536,33,509,6.4
2020-04-14,15-34,19059537,31320,352,5772,30.3
2020-04-14,35-59,28508100,56127,504,9561,33.5
2020-04-14,60-79,18749279,24885,333,4805,25.6
2020-04-14,80+,6112952,12721,364,4191,68.6
2020-04-15,00-04,3988681,983,25,184,4.6
2020-04-15,00+,84358845,131041,2465,22343,26.5
2020-04-15,05-14,7940296,2592,56,457,5.8
2020-04-15,15-34,19059537,31895,575,5169,27.1
2020-04-15,35-59,28508100,56990,863,8334,29.2
2020-04-15,60-79,18749279,25352,467,4248,22.7
2020-04-15,80+,6112952,13200,479,3945,64.5
2020-04-16,00-04,3988681,1002,19,159,4
2020-04-16,00+,84358845,134365,3324,20394,24.2
2020-04-16,05-14,7940296,2658,66,419,5.3
2020-04-16,15-34,19059537,32666,771,4764,25
2020-04-16,35-59,28508100,58236,1246,7476,26.2
2020-04-16,60-79,18749279,25978,626,3836,20.5
2020-04-16,80+,6112952,13796,596,3736,61.1
2020-04-17,00-04,3988681,1040,38,172,4.3
2020-04-17,00+,84358845,137778,3413,18895,22.4
2020-04-17,05-14,7940296,2737,79,406,5.1
2020-04-17,15-34,19059537,33551,885,4465,23.4
2020-04-17,35-59,28508100,59585,1349,6917,24.3
2020-04-17,60-79,18749279,26584,606,3496,18.6
2020-04-17,80+,6112952,14251,455,3434,56.2
2020-04-18,00-04,3988681,1070,30,170,4.3
2020-04-18,00+,84358845,140824,3046,18591,22
2020-04-18,05-14,7940296,2820,83,424,5.3
2020-04-18,15-34,19059537,34383,832,4517,23.7
2020-04-18,35-59,28508100,60698,1113,6758,23.7
2020-04-18,60-79,18749279,27119,535,3411,18.2
2020-04-18,80+,6112952,14702,451,3305,54.1
2020-04-19,00-04,3988681,1094,24,156,3.9
2020-04-19,00+,84358845,142931,2107,17822,21.1
2020-04-19,05-14,7940296,2875,55,404,5.1
2020-04-19,15-34,19059537,34932,549,4383,23
2020-04-19,35-59,28508100,61449,751,6464,22.7
2020-04-19,60-79,18749279,27520,401,3307,17.6
2020-04-19,80+,6112952,15029,327,3102,50.7
2020-04-20,00-04,3988681,1105,11,157,3.9
2020-04-20,00+,84358845,144305,1374,17327,20.5
2020-04-20,05-14,7940296,2901,26,398,5
2020-04-20,15-34,19059537,35260,328,4292,22.5
2020-04-20,35-59,28508100,61922,473,6299,22.1
2020-04-20,60-79,18749279,27779,259,3227,17.2
2020-04-20,80+,6112952,15306,277,2949,48.2
2020-04-21,00-04,3988681,1129,24,171,4.3
2020-04-21,00+,84358845,146017,1712,17441,20.7
2020-04-21,05-14,7940296,2934,33,398,5
2020-04-21,15-34,19059537,35656,396,4336,22.7
2020-04-21,35-59,28508100,62532,610,6405,22.5
2020-04-21,60-79,18749279,28095,316,3210,17.1
2020-04-21,80+,6112952,15638,332,2917,47.7
2020-04-22,00-04,3988681,1153,24,170,4.3
2020-04-22,00+,84358845,148201,2184,17160,20.3
2020-04-22,05-14,7940296,3008,74,416,5.2
2020-04-22,15-34,19059537,36224,568,4329,22.7
2020-04-22,35-59,28508100,63292,760,6302,22.1
2020-04-22,60-79,18749279,28494,399,3142,16.8
2020-04-22,80+,6112952,15996,358,2796,45.7
2020-04-23,00-04,3988681,1190,37,188,4.7
2020-04-23,00+,84358845,150690,2489,16325,19.4
2020-04-23,05-14,7940296,3068,60,410,5.2
2020-04-23,15-34,19059537,36904,680,4238,22.2
2020-04-23,35-59,28508100,64190,898,5954,20.9
2020-04-23,60-79,18749279,28909,415,2931,15.6
2020-04-23,80+,6112952,16394,398,2598,42.5
2020-04-24,00-04,3988681,1219,29,179,4.5
2020-04-24,00+,84358845,152780,2090,15002,17.8
2020-04-24,05-14,7940296,3138,70,401,5.1
2020-04-24,15-34,19059537,37429,525,3878,20.3
2020-04-24,35-59,28508100,64910,720,5325,18.7
2020-04-24,60-79,18749279,29270,361,2686,14.3
2020-04-24,80+,6112952,16779,385,2528,41.4
2020-04-25,00-04,3988681,1253,34,183,4.6
2020-04-25,00+,84358845,154682,1902,13858,16.4
2020-04-25,05-14,7940296,3199,61,379,4.8
2020-04-25,15-34,19059537,37993,564,3610,18.9
2020-04-25,35-59,28508100,65546,636,4848,17
2020-04-25,60-79,18749279,29612,342,2493,13.3
2020-04-25,80+,6112952,17044,265,2342,38.3
2020-04-26,00-04,3988681,1274,21,180,4.5
2020-04-26,00+,84358845,155953,1271,13022,15.4
2020-04-26,05-14,7940296,3233,34,358,4.5
2020-04-26,15-34,19059537,38321,328,3389,17.8
2020-04-26,35-59,28508100,65983,437,4534,15.9
2020-04-26,60-79,18749279,29843,231,2323,12.4
2020-04-26,80+,6112952,17264,220,2235,36.6
2020-04-27,00-04,3988681,1290,16,185,4.6
2020-04-27,00+,84358845,156651,698,12346,14.6
2020-04-27,05-14,7940296,3245,12,344,4.3
2020-04-27,15-34,19059537,38514,193,3254,17.1
2020-04-27,35-59,28508100,66221,238,4299,15.1
2020-04-27,60-79,18749279,29962,119,2183,11.6
2020-04-27,80+,6112952,17384,120,2078,34
2020-04-28,00-04,3988681,1307,17,178,4.5
2020-04-28,00+,84358845,157765,1114,11748,13.9
2020-04-28,05-14,7940296,3286,41,352,4.4
2020-04-28,15-34,19059537,38833,319,3177,16.7
2020-04-28,35-59,28508100,66588,367,4056,14.2
2020-04-28,60-79,18749279,30187,225,2092,11.2
2020-04-28,80+,6112952,17529,145,1891,30.9
2020-04-29,00-04,3988681,1337,30,184,4.6
2020-04-29,00+,84358845,159238,1473,11037,13.1
2020-04-29,05-14,7940296,3327,41,319,4
2020-04-29,15-34,19059537,39247,414,3023,15.9
2020-04-29,35-59,28508100,67111,523,3819,13.4
2020-04-29,60-79,18749279,30434,247,1940,10.3
2020-04-29,80+,6112952,17747,218,1751,28.6
2020-04-30,00-04,3988681,1355,18,165,4.1
2020-04-30,00+,84358845,160666,1428,9976,11.8
2020-04-30,05-14,7940296,3374,47,306,3.9
2020-04-30,15-34,19059537,39650,403,2746,14.4
2020-04-30,35-59,28508100,67609,498,3419,12
2020-04-30,60-79,18749279,30685,251,1776,9.5
2020-04-30,80+,6112952,17958,211,1564,25.6
2020-05-01,00-04,3988681,1376,21,157,3.9
2020-05-01,00+,84358845,162130,1464,9350,11.1
2020-05-01,05-14,7940296,3420,46,282,3.6
2020-05-01,15-34,19059537,40047,397,2618,13.7
2020-05-01,35-59,28508100,68133,524,3223,11.3
2020-05-01,60-79,18749279,30936,251,1666,8.9
2020-05-01,80+,6112952,18183,225,1404,23
2020-05-02,00-04,3988681,1393,17,140,3.5
2020-05-02,00+,84358845,163049,919,8367,9.9
2020-05-02,05-14,7940296,3453,33,254,3.2
2020-05-02,15-34,19059537,40284,237,2291,12
2020-05-02,35-59,28508100,68441,308,2895,10.2
2020-05-02,60-79,18749279,31105,169,1493,8
2020-05-02,80+,6112952,18338,155,1294,21.2
2020-05-03,00-04,3988681,1410,17,136,3.4
2020-05-03,00+,84358845,163671,622,7718,9.1
2020-05-03,05-14,7940296,3489,36,256,3.2
2020-05-03,15-34,19059537,40466,182,2145,11.3
2020-05-03,35-59,28508100,68649,208,2666,9.4
2020-05-03,60-79,18749279,31203,98,1360,7.3
2020-05-03,80+,6112952,18419,81,1155,18.9
2020-05-04,00-04,3988681,1424,14,134,3.4
2020-05-04,00+,84358845,164094,423,7443,8.8
2020-05-04,05-14,7940296,3504,15,259,3.3
2020-05-04,15-34,19059537,40616,150,2102,11
2020-05-04,35-59,28508100,68810,161,2589,9.1
2020-05-04,60-79,18749279,31258,55,1296,6.9
2020-05-04,80+,6112952,18447,28,1063,17.4
2020-05-05,00-04,3988681,1447,23,140,3.5
2020-05-05,00+,84358845,164821,727,7056,8.4
2020-05-05,05-14,7940296,3527,23,241,3
2020-05-05,15-34,19059537,40835,219,2002,10.5
2020-05-05,35-59,28508100,69055,245,2467,8.7
2020-05-05,60-79,18749279,31375,117,1188,6.3
2020-05-05,80+,6112952,18547,100,1018,16.7
2020-05-06,00-04,3988681,1475,28,138,3.5
2020-05-06,00+,84358845,165915,1094,6677,7.9
2020-05-06,05-14,7940296,3566,39,239,3
2020-05-06,15-34,19059537,41142,307,1895,9.9
2020-05-06,35-59,28508100,69461,406,2350,8.2
2020-05-06,60-79,18749279,31563,188,1129,6
2020-05-06,80+,6112952,18673,126,926,15.1
2020-05-07,00-04,3988681,1505,30,150,3.8
2020-05-07,00+,84358845,167134,1219,6468,7.7
2020-05-07,05-14,7940296,3608,42,234,2.9
2020-05-07,15-34,19059537,41470,328,1820,9.5
2020-05-07,35-59,28508100,69914,453,2305,8.1
2020-05-07,60-79,18749279,31761,198,1076,5.7
2020-05-07,80+,6112952,18841,168,883,14.4
2020-05-08,00-04,3988681,1523,18,147,3.7
2020-05-08,00+,84358845,168337,1203,6207,7.4
2020-05-08,05-14,7940296,3654,46,234,2.9
2020-05-08,15-34,19059537,41820,350,1773,9.3
2020-05-08,35-59,28508100,70365,451,2232,7.8
2020-05-08,60-79,18749279,31958,197,1022,5.5
2020-05-08,80+,6112952,18982,141,799,13.1
2020-05-09,00-04,3988681,1542,19,149,3.7
2020-05-09,00+,84358845,169317,980,6268,7.4
2020-05-09,05-14,7940296,3703,49,250,3.1
2020-05-09,15-34,19059537,42097,277,1813,9.5
2020-05-09,35-59,28508100,70729,364,2288,8
2020-05-09,60-79,18749279,32107,149,1002,5.3
2020-05-09,80+,6112952,19104,122,766,12.5
2020-05-10,00-04,3988681,1555,13,145,3.6
2020-05-10,00+,84358845,169994,677,6323,7.5
2020-05-10,05-14,7940296,3723,20,234,2.9
2020-05-10,15-34,19059537,42291,194,1825,9.6
2020-05-10,35-59,28508100,70988,259,2339,8.2
2020-05-10,60-79,18749279,32221,114,1018,5.4
2020-05-10,80+,6112952,19181,77,762,12.5
2020-05-11,00-04,3988681,1562,7,138,3.5
2020-05-11,00+,84358845,170335,341,6241,7.4
2020-05-11,05-14,7940296,3736,13,232,2.9
2020-05-11,15-34,19059537,42394,103,1778,9.3
2020-05-11,35-59,28508100,71117,129,2307,8.1
2020-05-11,60-79,18749279,32278,57,1020,5.4
2020-05-11,80+,6112952,19213,32,766,12.5
2020-05-12,00-04,3988681,1576,14,129,3.2
2020-05-12,00+,84358845,171024,689,6203,7.4
2020-05-12,05-14,7940296,3769,33,242,3
2020-05-12,15-34,19059537,42612,218,1777,9.3
2020-05-12,35-59,28508100,71374,257,2319,8.1
2020-05-12,60-79,18749279,32370,92,995,5.3
2020-05-12,80+,6112952,19288,75,741,12.1
2020-05-13,00-04,3988681,1591,15,116,2.9
2020-05-13,00+,84358845,171877,853,5962,7.1
2020-05-13,05-14,7940296,3810,41,244,3.1
2020-05-13,15-34,19059537,42843,231,1701,8.9
2020-05-13,35-59,28508100,71698,324,2237,7.8
2020-05-13,60-79,18749279,32515,145,952,5.1
2020-05-13,80+,6112952,19385,97,712,11.6
2020-05-14,00-04,3988681,1619,28,114,2.9
2020-05-14,00+,84358845,172791,914,5657,6.7
2020-05-14,05-14,7940296,3843,33,235,3
2020-05-14,15-34,19059537,43091,248,1621,8.5
2020-05-14,35-59,28508100,72050,352,2136,7.5
2020-05-14,60-79,18749279,32646,131,885,4.7
2020-05-14,80+,6112952,19507,122,666,10.9
2020-05-15,00-04,3988681,1633,14,110,2.8
2020-05-15,00+,84358845,173603,812,5266,6.2
2020-05-15,05-14,7940296,3878,35,224,2.8
2020-05-15,15-34,19059537,43292,201,1472,7.7
2020-05-15,35-59,28508100,72385,335,2020,7.1
2020-05-15,60-79,18749279,32764,118,806,4.3
2020-05-15,80+,6112952,19616,109,634,10.4
2020-05-16,00-04,3988681,1649,16,107,2.7
2020-05-16,00+,84358845,174337,734,5020,6
2020-05-16,05-14,7940296,3916,38,213,2.7
2020-05-16,15-34,19059537,43519,227,1422,7.5
2020-05-16,35-59,28508100,72635,250,1906,6.7
2020-05-16,60-79,18749279,32873,109,766,4.1
2020-05-16,80+,6112952,19710,94,606,9.9
2020-05-17,00-04,3988681,1665,16,110,2.8
2020-05-17,00+,84358845,174799,462,4805,5.7
2020-05-17,05-14,7940296,3943,27,220,2.8
2020-05-17,15-34,19059537,43666,147,1375,7.2
2020-05-17,35-59,28508100,72789,154,1801,6.3
2020-05-17,60-79,18749279,32932,59,711,3.8
2020-05-17,80+,6112952,19769,59,588,9.6
2020-05-18,00-04,3988681,1679,14,117,2.9
2020-05-18,00+,84358845,175116,317,4781,5.7
2020-05-18,05-14,7940296,3968,25,232,2.9
2020-05-18,15-34,19059537,43784,118,1390,7.3
2020-05-18,35-59,28508100,72899,110,1782,6.3
2020-05-18,60-79,18749279,32967,35,689,3.7
2020-05-18,80+,6112952,19783,14,570,9.3
2020-05-19,00-04,3988681,1702,23,126,3.2
2020-05-19,00+,84358845,175656,540,4632,5.5
2020-05-19,05-14,7940296,4000,32,231,2.9
2020-05-19,15-34,19059537,43969,185,1357,7.1
2020-05-19,35-59,28508100,73090,191,1716,6
2020-05-19,60-79,18749279,33031,64,661,3.5
2020-05-19,80+,6112952,19828,45,540,8.8
2020-05-20,00-04,3988681,1729,27,138,3.5
2020-05-20,00+,84358845,176386,730,4509,5.3
2020-05-20,05-14,7940296,4024,24,214,2.7
2020-05-20,15-34,19059537,44184,215,1341,7
2020-05-20,35-59,28508100,73361,271,1663,5.8
2020-05-20,60-79,18749279,33123,92,608,3.2
2020-05-20,80+,6112952,19929,101,544,8.9
2020-05-21,00-04,3988681,1755,26,136,3.4
2020-05-21,00+,84358845,177218,832,4427,5.2
2020-05-21,05-14,7940296,4073,49,230,2.9
2020-05-21,15-34,19059537,44435,251,1344,7.1
2020-05-21,35-59,28508100,73670,309,1620,5.7
2020-05-21,60-79,18749279,33252,129,606,3.2
2020-05-21,80+,6112952,19997,68,490,8
2020-05-22,00-04,3988681,1768,13,135,3.4
2020-05-22,00+,84358845,177636,418,4033,4.8
2020-05-22,05-14,7940296,4104,31,226,2.8
2020-05-22,15-34,19059537,44568,133,1276,6.7
2020-05-22,35-59,28508100,73817,147,1432,5
2020-05-22,60-79,18749279,33301,49,537,2.9
2020-05-22,80+,6112952,20042,45,426,7
2020-05-23,00-04,3988681,1788,20,139,3.5
2020-05-23,00+,84358845,178162,526,3825,4.5
2020-05-23,05-14,7940296,4131,27,215,2.7
2020-05-23,15-34,19059537,44735,167,1216,6.4
2020-05-23,35-59,28508100,74001,184,1366,4.8
2020-05-23,60-79,18749279,33374,73,501,2.7
2020-05-23,80+,6112952,20096,54,386,6.3
2020-05-24,00-04,3988681,1793,5,128,3.2
2020-05-24,00+,84358845,178499,337,3700,4.4
2020-05-24,05-14,7940296,4149,18,206,2.6
2020-05-24,15-34,19059537,44833,98,1167,6.1
2020-05-24,35-59,28508100,74115,114,1326,4.7
2020-05-24,60-79,18749279,33436,62,504,2.7
2020-05-24,80+,6112952,20136,40,367,6
2020-05-25,00-04,3988681,1801,8,122,3.1
2020-05-25,00+,84358845,178718,219,3602,4.3
2020-05-25,05-14,7940296,4155,6,187,2.4
2020-05-25,15-34,19059537,44910,77,1126,5.9
2020-05-25,35-59,28508100,74186,71,1287,4.5
2020-05-25,60-79,18749279,33465,29,498,2.7
2020-05-25,80+,6112952,20164,28,381,6.2
2020-05-26,00-04,3988681,1813,12,111,2.8
2020-05-26,00+,84358845,179129,411,3473,4.1
2020-05-26,05-14,7940296,4178,23,178,2.2
2020-05-26,15-34,19059537,45030,120,1061,5.6
2020-05-26,35-59,28508100,74334,148,1244,4.4
2020-05-26,60-79,18749279,33529,64,498,2.7
2020-05-26,80+,6112952,20208,44,380,6.2
2020-05-27,00-04,3988681,1826,13,97,2.4
2020-05-27,00+,84358845,179746,617,3360,4
2020-05-27,05-14,7940296,4224,46,200,2.5
2020-05-27,15-34,19059537,45212,182,1028,5.4
2020-05-27,35-59,28508100,74574,240,1213,4.3
2020-05-27,60-79,18749279,33622,93,499,2.7
2020-05-27,80+,6112952,20251,43,322,5.3
2020-05-28,00-04,3988681,1840,14,85,2.1
2020-05-28,00+,84358845,180399,653,3181,3.8
2020-05-28,05-14,7940296,4259,35,186,2.3
2020-05-28,15-34,19059537,45437,225,1002,5.3
2020-05-28,35-59,28508100,74808,234,1138,4
2020-05-28,60-79,18749279,33724,102,472,2.5
2020-05-28,80+,6112952,20294,43,297,4.9
2020-05-29,00-04,3988681,1852,12,84,2.1
2020-05-29,00+,84358845,180928,529,3292,3.9
2020-05-29,05-14,7940296,4293,34,189,2.4
2020-05-29,15-34,19059537,45605,168,1037,5.4
2020-05-29,35-59,28508100,74996,188,1179,4.1
2020-05-29,60-79,18749279,33793,69,492,2.6
2020-05-29,80+,6112952,20352,58,310,5.1
2020-05-30,00-04,3988681,1864,12,76,1.9
2020-05-30,00+,84358845,181374,446,3212,3.8
2020-05-30,05-14,7940296,4332,39,201,2.5
2020-05-30,15-34,19059537,45730,125,995,5.2
2020-05-30,35-59,28508100,75164,168,1163,4.1
2020-05-30,60-79,18749279,33845,52,471,2.5
2020-05-30,80+,6112952,20401,49,305,5
2020-05-31,00-04,3988681,1878,14,85,2.1
2020-05-31,00+,84358845,181748,374,3249,3.9
2020-05-31,05-14,7940296,4369,37,220,2.8
2020-05-31,15-34,19059537,45876,146,1043,5.5
2020-05-31,35-59,28508100,75286,122,1171,4.1
2020-05-31,60-79,18749279,33877,32,441,2.4
2020-05-31,80+,6112952,20424,23,288,4.7
2020-06-01,00-04,3988681,1889,11,88,2.2
2020-06-01,00+,84358845,181926,178,3208,3.8
2020-06-01,05-14,7940296,4386,17,231,2.9
2020-06-01,15-34,19059537,45942,66,1032,5.4
2020-06-01,35-59,28508100,75333,47,1147,4
2020-06-01,60-79,18749279,33903,26,438,2.3
2020-06-01,80+,6112952,20435,11,271,4.4
2020-06-02,00-04,3988681,1894,5,81,2
2020-06-02,00+,84358845,182061,135,2932,3.5
2020-06-02,05-14,7940296,4398,12,220,2.8
2020-06-02,15-34,19059537,45993,51,963,5.1
2020-06-02,35-59,28508100,75359,26,1025,3.6
2020-06-02,60-79,18749279,33928,25,399,2.1
2020-06-02,80+,6112952,20451,16,243,4
2020-06-03,00-04,3988681,1915,21,89,2.2
2020-06-03,00+,84358845,182368,307,2622,3.1
2020-06-03,05-14,7940296,4421,23,197,2.5
2020-06-03,15-34,19059537,46098,105,886,4.6
2020-06-03,35-59,28508100,75449,90,875,3.1
2020-06-03,60-79,18749279,33971,43,349,1.9
2020-06-03,80+,6112952,20476,25,225,3.7
2020-06-04,00-04,3988681,1929,14,89,2.2
2020-06-04,00+,84358845,182865,497,2466,2.9
2020-06-04,05-14,7940296,4456,35,197,2.5
2020-06-04,15-34,19059537,46278,180,841,4.4
2020-06-04,35-59,28508100,75638,189,830,2.9
2020-06-04,60-79,18749279,34020,49,296,1.6
2020-06-04,80+,6112952,20506,30,212,3.5
2020-06-05,00-04,3988681,1949,20,97,2.4
2020-06-05,00+,84358845,183395,530,2467,2.9
2020-06-05,05-14,7940296,4519,63,226,2.8
2020-06-05,15-34,19059537,46467,189,862,4.5
2020-06-05,35-59,28508100,75819,181,823,2.9
2020-06-05,60-79,18749279,34070,50,277,1.5
2020-06-05,80+,6112952,20533,27,181,3
2020-06-06,00-04,3988681,1967,18,103,2.6
2020-06-06,00+,84358845,183828,433,2454,2.9
2020-06-06,05-14,7940296,4552,33,220,2.8
2020-06-06,15-34,19059537,46612,145,882,4.6
2020-06-06,35-59,28508100,75971,152,807,2.8
2020-06-06,60-79,18749279,34120,50,275,1.5
2020-06-06,80+,6112952,20568,35,167,2.7
2020-06-07,00-04,3988681,1981,14,103,2.6
2020-06-07,00+,84358845,184113,285,2365,2.8
2020-06-07,05-14,7940296,4575,23,206,2.6
2020-06-07,15-34,19059537,46711,99,835,4.4
2020-06-07,35-59,28508100,76066,95,780,2.7
2020-06-07,60-79,18749279,34154,34,277,1.5
2020-06-07,80+,6112952,20588,20,164,2.7
2020-06-08,00-04,3988681,1995,14,106,2.7
2020-06-08,00+,84358845,184277,164,2351,2.8
2020-06-08,05-14,7940296,4590,15,204,2.6
2020-06-08,15-34,19059537,46757,46,815,4.3
2020-06-08,35-59,28508100,76119,53,786,2.8
2020-06-08,60-79,18749279,34175,21,272,1.5
2020-06-08,80+,6112952,20603,15,168,2.7
2020-06-09,00-04,3988681,2011,16,117,2.9
2020-06-09,00+,84358845,184572,295,2511,3
2020-06-09,05-14,7940296,4621,31,223,2.8
2020-06-09,15-34,19059537,46864,107,871,4.6
2020-06-09,35-59,28508100,76215,96,856,3
2020-06-09,60-79,18749279,34205,30,277,1.5
2020-06-09,80+,6112952,20618,15,167,2.7
2020-06-10,00-04,3988681,2027,16,112,2.8
2020-06-10,00+,84358845,184998,426,2630,3.1
2020-06-10,05-14,7940296,4655,34,234,2.9
2020-06-10,15-34,19059537,47026,162,928,4.9
2020-06-10,35-59,28508100,76358,143,909,3.2
2020-06-10,60-79,18749279,34252,47,281,1.5
2020-06-10,80+,6112952,20642,24,166,2.7
2020-06-11,00-04,3988681,2050,23,121,3
2020-06-11,00+,84358845,185516,518,2651,3.1
2020-06-11,05-14,7940296,4704,49,248,3.1
2020-06-11,15-34,19059537,47206,180,928,4.9
2020-06-11,35-59,28508100,76542,184,904,3.2
2020-06-11,60-79,18749279,34308,56,288,1.5
2020-06-11,80+,6112952,20668,26,162,2.7
2020-06-12,00-04,3988681,2062,12,113,2.8
2020-06-12,00+,84358845,185799,283,2404,2.8
2020-06-12,05-14,7940296,4744,40,225,2.8
2020-06-12,15-34,19059537,47289,83,822,4.3
2020-06-12,35-59,28508100,76640,98,821,2.9
2020-06-12,60-79,18749279,34337,29,267,1.4
2020-06-12,80+,6112952,20689,21,156,2.6
2020-06-13,00-04,3988681,2079,17,112,2.8
2020-06-13,00+,84358845,186152,353,2324,2.8
2020-06-13,05-14,7940296,4780,36,228,2.9
2020-06-13,15-34,19059537,47409,120,797,4.2
2020-06-13,35-59,28508100,76749,109,778,2.7
2020-06-13,60-79,18749279,34366,29,246,1.3
2020-06-13,80+,6112952,20731,42,163,2.7
2020-06-14,00-04,3988681,2097,18,116,2.9
2020-06-14,00+,84358845,186453,301,2340,2.8
2020-06-14,05-14,7940296,4826,46,251,3.2
2020-06-14,15-34,19059537,47522,113,811,4.3
2020-06-14,35-59,28508100,76839,90,773,2.7
2020-06-14,60-79,18749279,34384,18,230,1.2
2020-06-14,80+,6112952,20747,16,159,2.6
2020-06-15,00-04,3988681,2105,8,110,2.8
2020-06-15,00+,84358845,186625,172,2348,2.8
2020-06-15,05-14,7940296,4834,8,244,3.1
2020-06-15,15-34,19059537,47587,65,830,4.4
2020-06-15,35-59,28508100,76896,57,777,2.7
2020-06-15,60-79,18749279,34403,19,228,1.2
2020-06-15,80+,6112952,20762,15,159,2.6
2020-06-16,00-04,3988681,2116,11,105,2.6
2020-06-16,00+,84358845,186884,259,2312,2.7
2020-06-16,05-14,7940296,4850,16,229,2.9
2020-06-16,15-34,19059537,47672,85,808,4.2
2020-06-16,35-59,28508100,76997,101,782,2.7
2020-06-16,60-79,18749279,34431,28,226,1.2
2020-06-16,80+,6112952,20780,18,162,2.7
2020-06-17,00-04,3988681,2142,26,115,2.9
2020-06-17,00+,84358845,187402,518,2404,2.8
2020-06-17,05-14,7940296,4900,50,245,3.1
2020-06-17,15-34,19059537,47852,180,826,4.3
2020-06-17,35-59,28508100,77189,192,831,2.9
2020-06-17,60-79,18749279,34474,43,222,1.2
2020-06-17,80+,6112952,20807,27,165,2.7
2020-06-18,00-04,3988681,2165,23,115,2.9
2020-06-18,00+,84358845,188269,867,2753,3.3
2020-06-18,05-14,7940296,4964,64,260,3.3
2020-06-18,15-34,19059537,48133,281,927,4.9
2020-06-18,35-59,28508100,77589,400,1047,3.7
2020-06-18,60-79,18749279,34538,64,230,1.2
2020-06-18,80+,6112952,20842,35,174,2.8
2020-06-19,00-04,3988681,2193,28,131,3.3
2020-06-19,00+,84358845,189034,765,3235,3.8
2020-06-19,05-14,7940296,5037,73,293,3.7
2020-06-19,15-34,19059537,48395,262,1106,5.8
2020-06-19,35-59,28508100,77912,323,1272,4.5
2020-06-19,60-79,18749279,34596,58,259,1.4
2020-06-19,80+,6112952,20863,21,174,2.8
2020-06-20,00-04,3988681,2233,40,154,3.9
2020-06-20,00+,84358845,190024,990,3872,4.6
2020-06-20,05-14,7940296,5132,95,352,4.4
2020-06-20,15-34,19059537,48751,356,1342,7
2020-06-20,35-59,28508100,78325,413,1576,5.5
2020-06-20,60-79,18749279,34660,64,294,1.6
2020-06-20,80+,6112952,20884,21,153,2.5
2020-06-21,00-04,3988681,2250,17,153,3.8
2020-06-21,00+,84358845,190595,571,4142,4.9
2020-06-21,05-14,7940296,5183,51,357,4.5
2020-06-21,15-34,19059537,48964,213,1442,7.6
2020-06-21,35-59,28508100,78558,233,1719,6
2020-06-21,60-79,18749279,34702,42,318,1.7
2020-06-21,80+,6112952,20899,15,152,2.5
2020-06-22,00-04,3988681,2263,13,158,4
2020-06-22,00+,84358845,190818,223,4193,5
2020-06-22,05-14,7940296,5203,20,369,4.6
2020-06-22,15-34,19059537,49039,75,1452,7.6
2020-06-22,35-59,28508100,78649,91,1753,6.1
2020-06-22,60-79,18749279,34717,15,314,1.7
2020-06-22,80+,6112952,20908,9,146,2.4
2020-06-23,00-04,3988681,2280,17,164,4.1
2020-06-23,00+,84358845,191265,447,4381,5.2
2020-06-23,05-14,7940296,5250,47,400,5
2020-06-23,15-34,19059537,49176,137,1504,7.9
2020-06-23,35-59,28508100,78849,200,1852,6.5
2020-06-23,60-79,18749279,34748,31,317,1.7
2020-06-23,80+,6112952,20922,14,142,2.3
2020-06-24,00-04,3988681,2296,16,154,3.9
2020-06-24,00+,84358845,191805,540,4403,5.2
2020-06-24,05-14,7940296,5296,46,396,5
2020-06-24,15-34,19059537,49345,169,1493,7.8
2020-06-24,35-59,28508100,79084,235,1895,6.6
2020-06-24,60-79,18749279,34804,56,330,1.8
2020-06-24,80+,6112952,20939,17,132,2.2
2020-06-25,00-04,3988681,2318,22,153,3.8
2020-06-25,00+,84358845,192315,510,4046,4.8
2020-06-25,05-14,7940296,5333,37,369,4.6
2020-06-25,15-34,19059537,49525,180,1392,7.3
2020-06-25,35-59,28508100,79293,209,1704,6
2020-06-25,60-79,18749279,34848,44,310,1.7
2020-06-25,80+,6112952,20957,18,115,1.9
2020-06-26,00-04,3988681,2339,21,146,3.7
2020-06-26,00+,84358845,192885,570,3851,4.6
2020-06-26,05-14,7940296,5375,42,338,4.3
2020-06-26,15-34,19059537,49703,178,1308,6.9
2020-06-26,35-59,28508100,79538,245,1626,5.7
2020-06-26,60-79,18749279,34904,56,308,1.6
2020-06-26,80+,6112952,20984,27,121,2
2020-06-27,00-04,3988681,2366,27,133,3.3
2020-06-27,00+,84358845,193458,573,3434,4.1
2020-06-27,05-14,7940296,5440,65,308,3.9
2020-06-27,15-34,19059537,49912,209,1161,6.1
2020-06-27,35-59,28508100,79742,204,1417,5
2020-06-27,60-79,18749279,34952,48,292,1.6
2020-06-27,80+,6112952,21004,20,120,2
2020-06-28,00-04,3988681,2382,16,132,3.3
2020-06-28,00+,84358845,193784,326,3189,3.8
2020-06-28,05-14,7940296,5464,24,281,3.5
2020-06-28,15-34,19059537,50038,126,1074,5.6
2020-06-28,35-59,28508100,79865,123,1307,4.6
2020-06-28,60-79,18749279,34983,31,281,1.5
2020-06-28,80+,6112952,21010,6,111,1.8
2020-06-29,00-04,3988681,2400,18,137,3.4
2020-06-29,00+,84358845,193985,201,3167,3.8
2020-06-29,05-14,7940296,5489,25,286,3.6
2020-06-29,15-34,19059537,50104,66,1065,5.6
2020-06-29,35-59,28508100,79943,78,1294,4.5
2020-06-29,60-79,18749279,34989,6,272,1.5
2020-06-29,80+,6112952,21017,7,109,1.8
2020-06-30,00-04,3988681,2417,17,137,3.4
2020-06-30,00+,84358845,194400,415,3135,3.7
2020-06-30,05-14,7940296,5523,34,273,3.4
2020-06-30,15-34,19059537,50254,150,1078,5.7
2020-06-30,35-59,28508100,80101,158,1252,4.4
2020-06-30,60-79,18749279,35032,43,284,1.5
2020-06-30,80+,6112952,21030,13,108,1.8
2020-07-01,00-04,3988681,2440,23,144,3.6
2020-07-01,00+,84358845,194858,458,3053,3.6
2020-07-01,05-14,7940296,5561,38,265,3.3
2020-07-01,15-34,19059537,50425,171,1080,5.7
2020-07-01,35-59,28508100,80257,156,1173,4.1
2020-07-01,60-79,18749279,35084,52,280,1.5
2020-07-01,80+,6112952,21048,18,109,1.8
2020-07-02,00-04,3988681,2466,26,148,3.7
2020-07-02,00+,84358845,195339,481,3024,3.6
2020-07-02,05-14,7940296,5609,48,276,3.5
2020-07-02,15-34,19059537,50592,167,1067,5.6
2020-07-02,35-59,28508100,80434,177,1141,4
2020-07-02,60-79,18749279,35126,42,278,1.5
2020-07-02,80+,6112952,21069,21,112,1.8
2020-07-03,00-04,3988681,2486,20,147,3.7
2020-07-03,00+,84358845,195810,471,2925,3.5
2020-07-03,05-14,7940296,5639,30,264,3.3
2020-07-03,15-34,19059537,50775,183,1072,5.6
2020-07-03,35-59,28508100,80622,188,1084,3.8
2020-07-03,60-79,18749279,35163,37,259,1.4
2020-07-03,80+,6112952,21082,13,98,1.6
2020-07-04,00-04,3988681,2511,25,145,3.6
2020-07-04,00+,84358845,196237,427,2779,3.3
2020-07-04,05-14,7940296,5676,37,236,3
2020-07-04,15-34,19059537,50924,149,1012,5.3
2020-07-04,35-59,28508100,80790,168,1048,3.7
2020-07-04,60-79,18749279,35198,35,246,1.3
2020-07-04,80+,6112952,21095,13,91,1.5
2020-07-05,00-04,3988681,2531,20,149,3.7
2020-07-05,00+,84358845,196531,294,2747,3.3
2020-07-05,05-14,7940296,5698,22,234,2.9
2020-07-05,15-34,19059537,51028,104,990,5.2
2020-07-05,35-59,28508100,80889,99,1024,3.6
2020-07-05,60-79,18749279,35231,33,248,1.3
2020-07-05,80+,6112952,21111,16,101,1.7
2020-07-06,00-04,3988681,2546,15,146,3.7
2020-07-06,00+,84358845,196676,145,2691,3.2
2020-07-06,05-14,7940296,5716,18,227,2.9
2020-07-06,15-34,19059537,51073,45,969,5.1
2020-07-06,35-59,28508100,80942,53,999,3.5
2020-07-06,60-79,18749279,35240,9,251,1.3
2020-07-06,80+,6112952,21116,5,99,1.6
2020-07-07,00-04,3988681,2570,24,153,3.8
2020-07-07,00+,84358845,196999,323,2599,3.1
2020-07-07,05-14,7940296,5755,39,232,2.9
2020-07-07,15-34,19059537,51180,107,926,4.9
2020-07-07,35-59,28508100,81057,115,956,3.4
2020-07-07,60-79,18749279,35269,29,237,1.3
2020-07-07,80+,6112952,21124,8,94,1.5
2020-07-08,00-04,3988681,2587,17,147,3.7
2020-07-08,00+,84358845,197396,397,2538,3
2020-07-08,05-14,7940296,5793,38,232,2.9
2020-07-08,15-34,19059537,51316,136,891,4.7
2020-07-08,35-59,28508100,81209,152,952,3.3
2020-07-08,60-79,18749279,35311,42,227,1.2
2020-07-08,80+,6112952,21136,12,88,1.4
2020-07-09,00-04,3988681,2612,25,146,3.7
2020-07-09,00+,84358845,197847,451,2508,3
2020-07-09,05-14,7940296,5836,43,227,2.9
2020-07-09,15-34,19059537,51466,150,874,4.6
2020-07-09,35-59,28508100,81376,167,942,3.3
2020-07-09,60-79,18749279,35361,50,235,1.3
2020-07-09,80+,6112952,21152,16,83,1.4
2020-07-10,00-04,3988681,2635,23,149,3.7
2020-07-10,00+,84358845,198269,422,2459,2.9
2020-07-10,05-14,7940296,5865,29,226,2.8
2020-07-10,15-34,19059537,51622,156,847,4.4
2020-07-10,35-59,28508100,81534,158,912,3.2
2020-07-10,60-79,18749279,35406,45,243,1.3
2020-07-10,80+,6112952,21163,11,81,1.3
2020-07-11,00-04,3988681,2663,28,152,3.8
2020-07-11,00+,84358845,198696,427,2459,2.9
2020-07-11,05-14,7940296,5899,34,223,2.8
2020-07-11,15-34,19059537,51795,173,871,4.6
2020-07-11,35-59,28508100,81676,142,886,3.1
2020-07-11,60-79,18749279,35445,39,247,1.3
2020-07-11,80+,6112952,21173,10,78,1.3
2020-07-12,00-04,3988681,2687,24,156,3.9
2020-07-12,00+,84358845,198973,277,2442,2.9
2020-07-12,05-14,7940296,5922,23,224,2.8
2020-07-12,15-34,19059537,51899,104,871,4.6
2020-07-12,35-59,28508100,81759,83,870,3.1
2020-07-12,60-79,18749279,35481,36,250,1.3
2020-07-12,80+,6112952,21180,7,69,1.1
2020-07-13,00-04,3988681,2691,4,145,3.6
2020-07-13,00+,84358845,199105,132,2429,2.9
2020-07-13,05-14,7940296,5936,14,220,2.8
2020-07-13,15-34,19059537,51950,51,877,4.6
2020-07-13,35-59,28508100,81804,45,862,3
2020-07-13,60-79,18749279,35492,11,252,1.3
2020-07-13,80+,6112952,21187,7,71,1.2
2020-07-14,00-04,3988681,2707,16,137,3.4
2020-07-14,00+,84358845,199433,328,2434,2.9
2020-07-14,05-14,7940296,5957,21,202,2.5
2020-07-14,15-34,19059537,52068,118,888,4.7
2020-07-14,35-59,28508100,81939,135,882,3.1
2020-07-14,60-79,18749279,35524,32,255,1.4
2020-07-14,80+,6112952,21193,6,69,1.1
2020-07-15,00-04,3988681,2722,15,135,3.4
2020-07-15,00+,84358845,199903,470,2507,3
2020-07-15,05-14,7940296,6013,56,220,2.8
2020-07-15,15-34,19059537,52248,180,932,4.9
2020-07-15,35-59,28508100,82108,169,899,3.2
2020-07-15,60-79,18749279,35565,41,254,1.4
2020-07-15,80+,6112952,21202,9,66,1.1
2020-07-16,00-04,3988681,2748,26,136,3.4
2020-07-16,00+,84358845,200445,542,2598,3.1
2020-07-16,05-14,7940296,6064,51,228,2.9
2020-07-16,15-34,19059537,52451,203,985,5.2
2020-07-16,35-59,28508100,82296,188,920,3.2
2020-07-16,60-79,18749279,35623,58,262,1.4
2020-07-16,80+,6112952,21218,16,66,1.1
2020-07-17,00-04,3988681,2781,33,146,3.7
2020-07-17,00+,84358845,201004,559,2735,3.2
2020-07-17,05-14,7940296,6109,45,244,3.1
2020-07-17,15-34,19059537,52651,200,1029,5.4
2020-07-17,35-59,28508100,82500,204,966,3.4
2020-07-17,60-79,18749279,35682,59,276,1.5
2020-07-17,80+,6112952,21236,18,73,1.2
2020-07-18,00-04,3988681,2802,21,139,3.5
2020-07-18,00+,84358845,201527,523,2831,3.4
2020-07-18,05-14,7940296,6158,49,259,3.3
2020-07-18,15-34,19059537,52850,199,1055,5.5
2020-07-18,35-59,28508100,82695,195,1019,3.6
2020-07-18,60-79,18749279,35726,44,281,1.5
2020-07-18,80+,6112952,21250,14,77,1.3
2020-07-19,00-04,3988681,2822,20,135,3.4
2020-07-19,00+,84358845,201966,439,2993,3.5
2020-07-19,05-14,7940296,6198,40,276,3.5
2020-07-19,15-34,19059537,53002,152,1103,5.8
2020-07-19,35-59,28508100,82869,174,1110,3.9
2020-07-19,60-79,18749279,35767,41,286,1.5
2020-07-19,80+,6112952,21262,12,82,1.3
2020-07-20,00-04,3988681,2832,10,141,3.5
2020-07-20,00+,84358845,202145,179,3040,3.6
2020-07-20,05-14,7940296,6223,25,287,3.6
2020-07-20,15-34,19059537,53057,55,1107,5.8
2020-07-20,35-59,28508100,82932,63,1128,4
2020-07-20,60-79,18749279,35781,14,289,1.5
2020-07-20,80+,6112952,21274,12,87,1.4
2020-07-21,00-04,3988681,2853,21,146,3.7
2020-07-21,00+,84358845,202596,451,3163,3.7
2020-07-21,05-14,7940296,6258,35,301,3.8
2020-07-21,15-34,19059537,53243,186,1175,6.2
2020-07-21,35-59,28508100,83090,158,1151,4
2020-07-21,60-79,18749279,35821,40,297,1.6
2020-07-21,80+,6112952,21285,11,92,1.5
2020-07-22,00-04,3988681,2870,17,148,3.7
2020-07-22,00+,84358845,203122,526,3219,3.8
2020-07-22,05-14,7940296,6294,36,281,3.5
2020-07-22,15-34,19059537,53428,185,1180,6.2
2020-07-22,35-59,28508100,83303,213,1195,4.2
2020-07-22,60-79,18749279,35885,64,320,1.7
2020-07-22,80+,6112952,21296,11,94,1.5
2020-07-23,00-04,3988681,2895,25,147,3.7
2020-07-23,00+,84358845,203824,702,3379,4
2020-07-23,05-14,7940296,6360,66,296,3.7
2020-07-23,15-34,19059537,53673,245,1222,6.4
2020-07-23,35-59,28508100,83590,287,1294,4.5
2020-07-23,60-79,18749279,35944,59,321,1.7
2020-07-23,80+,6112952,21316,20,98,1.6
2020-07-24,00-04,3988681,2929,34,148,3.7
2020-07-24,00+,84358845,204515,691,3511,4.2
2020-07-24,05-14,7940296,6437,77,328,4.1
2020-07-24,15-34,19059537,53913,240,1262,6.6
2020-07-24,35-59,28508100,83843,253,1343,4.7
2020-07-24,60-79,18749279,36009,65,327,1.7
2020-07-24,80+,6112952,21338,22,102,1.7
2020-07-25,00-04,3988681,2967,38,165,4.1
2020-07-25,00+,84358845,205320,805,3793,4.5
2020-07-25,05-14,7940296,6515,78,357,4.5
2020-07-25,15-34,19059537,54213,300,1363,7.2
2020-07-25,35-59,28508100,84149,306,1454,5.1
2020-07-25,60-79,18749279,36075,66,349,1.9
2020-07-25,80+,6112952,21355,17,105,1.7
2020-07-26,00-04,3988681,2987,20,165,4.1
2020-07-26,00+,84358845,205864,544,3898,4.6
2020-07-26,05-14,7940296,6554,39,356,4.5
2020-07-26,15-34,19059537,54399,186,1397,7.3
2020-07-26,35-59,28508100,84383,234,1514,5.3
2020-07-26,60-79,18749279,36124,49,357,1.9
2020-07-26,80+,6112952,21371,16,109,1.8
2020-07-27,00-04,3988681,2993,6,161,4
2020-07-27,00+,84358845,206076,212,3931,4.7
2020-07-27,05-14,7940296,6566,12,343,4.3
2020-07-27,15-34,19059537,54473,74,1416,7.4
2020-07-27,35-59,28508100,84482,99,1550,5.4
2020-07-27,60-79,18749279,36140,16,359,1.9
2020-07-27,80+,6112952,21376,5,102,1.7
2020-07-28,00-04,3988681,3010,17,157,3.9
2020-07-28,00+,84358845,206603,527,4007,4.7
2020-07-28,05-14,7940296,6617,51,359,4.5
2020-07-28,15-34,19059537,54670,197,1427,7.5
2020-07-28,35-59,28508100,84675,193,1585,5.6
2020-07-28,60-79,18749279,36183,43,362,1.9
2020-07-28,80+,6112952,21402,26,117,1.9
2020-07-29,00-04,3988681,3038,28,168,4.2
2020-07-29,00+,84358845,207358,755,4236,5
2020-07-29,05-14,7940296,6695,78,401,5.1
2020-07-29,15-34,19059537,54928,258,1500,7.9
2020-07-29,35-59,28508100,84972,297,1669,5.9
2020-07-29,60-79,18749279,36250,67,365,1.9
2020-07-29,80+,6112952,21427,25,131,2.1
2020-07-30,00-04,3988681,3063,25,168,4.2
2020-07-30,00+,84358845,208272,914,4448,5.3
2020-07-30,05-14,7940296,6767,72,407,5.1
2020-07-30,15-34,19059537,55281,353,1608,8.4
2020-07-30,35-59,28508100,85329,357,1739,6.1
2020-07-30,60-79,18749279,36329,79,385,2.1
2020-07-30,80+,6112952,21454,27,138,2.3
2020-07-31,00-04,3988681,3091,28,162,4.1
2020-07-31,00+,84358845,209137,865,4622,5.5
2020-07-31,05-14,7940296,6858,91,421,5.3
2020-07-31,15-34,19059537,55610,329,1697,8.9
2020-07-31,35-59,28508100,85653,324,1810,6.3
2020-07-31,60-79,18749279,36398,69,389,2.1
2020-07-31,80+,6112952,21478,24,140,2.3
2020-08-01,00-04,3988681,3114,23,147,3.7
2020-08-01,00+,84358845,210050,913,4730,5.6
2020-08-01,05-14,7940296,6938,80,423,5.3
2020-08-01,15-34,19059537,55963,353,1750,9.2
2020-08-01,35-59,28508100,85998,345,1849,6.5
2020-08-01,60-79,18749279,36471,73,396,2.1
2020-08-01,80+,6112952,21517,39,162,2.7
2020-08-02,00-04,3988681,3131,17,144,3.6
2020-08-02,00+,84358845,210613,563,4749,5.6
2020-08-02,05-14,7940296,6995,57,441,5.6
2020-08-02,15-34,19059537,56182,219,1783,9.4
2020-08-02,35-59,28508100,86215,217,1832,6.4
2020-08-02,60-79,18749279,36509,38,385,2.1
2020-08-02,80+,6112952,21531,14,160,2.6
2020-08-03,00-04,3988681,3142,11,149,3.7
2020-08-03,00+,84358845,210915,302,4839,5.7
2020-08-03,05-14,7940296,7017,22,451,5.7
2020-08-03,15-34,19059537,56291,109,1818,9.5
2020-08-03,35-59,28508100,86331,116,1849,6.5
2020-08-03,60-79,18749279,36537,28,397,2.1
2020-08-03,80+,6112952,21547,16,171,2.8
2020-08-04,00-04,3988681,3172,30,162,4.1
2020-08-04,00+,84358845,211712,797,5109,6.1
2020-08-04,05-14,7940296,7085,68,468,5.9
2020-08-04,15-34,19059537,56592,301,1922,10.1
2020-08-04,35-59,28508100,86634,303,1959,6.9
2020-08-04,60-79,18749279,36598,61,415,2.2
2020-08-04,80+,6112952,21573,26,171,2.8
2020-08-05,00-04,3988681,3192,20,154,3.9
2020-08-05,00+,84358845,212663,951,5305,6.3
2020-08-05,05-14,7940296,7168,83,473,6
2020-08-05,15-34,19059537,56956,364,2028,10.6
2020-08-05,35-59,28508100,86998,364,2026,7.1
2020-08-05,60-79,18749279,36695,97,445,2.4
2020-08-05,80+,6112952,21596,23,169,2.8
2020-08-06,00-04,3988681,3217,25,154,3.9
2020-08-06,00+,84358845,213774,1111,5502,6.5
2020-08-06,05-14,7940296,7290,122,523,6.6
2020-08-06,15-34,19059537,57425,469,2144,11.2
2020-08-06,35-59,28508100,87384,386,2055,7.2
2020-08-06,60-79,18749279,36782,87,453,2.4
2020-08-06,80+,6112952,21614,18,160,2.6
2020-08-07,00-04,3988681,3259,42,168,4.2
2020-08-07,00+,84358845,214944,1170,5807,6.9
2020-08-07,05-14,7940296,7416,126,558,7
2020-08-07,15-34,19059537,57873,448,2263,11.9
2020-08-07,35-59,28508100,87809,425,2156,7.6
2020-08-07,60-79,18749279,36882,100,484,2.6
2020-08-07,80+,6112952,21643,29,165,2.7
2020-08-08,00-04,3988681,3297,38,183,4.6
2020-08-08,00+,84358845,215949,1005,5899,7
2020-08-08,05-14,7940296,7539,123,601,7.6
2020-08-08,15-34,19059537,58270,397,2307,12.1
2020-08-08,35-59,28508100,88174,365,2176,7.6
2020-08-08,60-79,18749279,36945,63,474,2.5
2020-08-08,80+,6112952,21659,16,142,2.3
2020-08-09,00-04,3988681,3315,18,184,4.6
2020-08-09,00+,84358845,216659,710,6046,7.2
2020-08-09,05-14,7940296,7630,91,635,8
2020-08-09,15-34,19059537,58571,301,2389,12.5
2020-08-09,35-59,28508100,88406,232,2191,7.7
2020-08-09,60-79,18749279,36995,50,486,2.6
2020-08-09,80+,6112952,21676,17,145,2.4
2020-08-10,00-04,3988681,3330,15,188,4.7
2020-08-10,00+,84358845,216976,317,6061,7.2
2020-08-10,05-14,7940296,7668,38,651,8.2
2020-08-10,15-34,19059537,58707,136,2416,12.7
2020-08-10,35-59,28508100,88510,104,2179,7.6
2020-08-10,60-79,18749279,37010,15,473,2.5
2020-08-10,80+,6112952,21684,8,137,2.2
2020-08-11,00-04,3988681,3368,38,196,4.9
2020-08-11,00+,84358845,218080,1104,6368,7.5
2020-08-11,05-14,7940296,7791,123,706,8.9
2020-08-11,15-34,19059537,59156,449,2564,13.5
2020-08-11,35-59,28508100,88912,402,2278,8
2020-08-11,60-79,18749279,37072,62,474,2.5
2020-08-11,80+,6112952,21712,28,139,2.3
2020-08-12,00-04,3988681,3409,41,217,5.4
2020-08-12,00+,84358845,219271,1191,6608,7.8
2020-08-12,05-14,7940296,7930,139,762,9.6
2020-08-12,15-34,19059537,59670,514,2714,14.2
2020-08-12,35-59,28508100,89319,407,2321,8.1
2020-08-12,60-79,18749279,37139,67,444,2.4
2020-08-12,80+,6112952,21734,22,138,2.3
2020-08-13,00-04,3988681,3470,61,253,6.3
2020-08-13,00+,84358845,220816,1545,7042,8.3
2020-08-13,05-14,7940296,8140,210,850,10.7
2020-08-13,15-34,19059537,60325,655,2900,15.2
2020-08-13,35-59,28508100,89810,491,2426,8.5
2020-08-13,60-79,18749279,37236,97,454,2.4
2020-08-13,80+,6112952,21765,31,151,2.5
2020-08-14,00-04,3988681,3524,54,265,6.6
2020-08-14,00+,84358845,222320,1504,7376,8.7
2020-08-14,05-14,7940296,8316,176,900,11.3
2020-08-14,15-34,19059537,61006,681,3133,16.4
2020-08-14,35-59,28508100,90308,498,2499,8.8
2020-08-14,60-79,18749279,37308,72,426,2.3
2020-08-14,80+,6112952,21787,22,144,2.4
2020-08-15,00-04,3988681,3563,39,266,6.7
2020-08-15,00+,84358845,223694,1374,7745,9.2
2020-08-15,05-14,7940296,8470,154,931,11.7
2020-08-15,15-34,19059537,61634,628,3364,17.6
2020-08-15,35-59,28508100,90753,445,2579,9
2020-08-15,60-79,18749279,37389,81,444,2.4
2020-08-15,80+,6112952,21814,27,155,2.5
2020-08-16,00-04,3988681,3592,29,277,6.9
2020-08-16,00+,84358845,224453,759,7794,9.2
2020-08-16,05-14,7940296,8573,103,943,11.9
2020-08-16,15-34,19059537,61953,319,3382,17.7
2020-08-16,35-59,28508100,90989,236,2583,9.1
2020-08-16,60-79,18749279,37439,50,444,2.4
2020-08-16,80+,6112952,21836,22,160,2.6
2020-08-17,00-04,3988681,3606,14,276,6.9
2020-08-17,00+,84358845,224945,492,7969,9.4
2020-08-17,05-14,7940296,8629,56,961,12.1
2020-08-17,15-34,19059537,62157,204,3450,18.1
2020-08-17,35-59,28508100,91171,182,2661,9.3
2020-08-17,60-79,18749279,37465,26,455,2.4
2020-08-17,80+,6112952,21846,10,162,2.7
2020-08-18,00-04,3988681,3653,47,285,7.1
2020-08-18,00+,84358845,226484,1539,8404,10
2020-08-18,05-14,7940296,8793,164,1002,12.6
2020-08-18,15-34,19059537,62886,729,3730,19.6
2020-08-18,35-59,28508100,91675,504,2763,9.7
2020-08-18,60-79,18749279,37545,80,473,2.5
2020-08-18,80+,6112952,21860,14,148,2.4
2020-08-19,00-04,3988681,3703,50,294,7.4
2020-08-19,00+,84358845,228012,1528,8741,10.4
2020-08-19,05-14,7940296,8947,154,1017,12.8
2020-08-19,15-34,19059537,63614,728,3944,20.7
2020-08-19,35-59,28508100,92169,494,2850,10
2020-08-19,60-79,18749279,37633,88,494,2.6
2020-08-19,80+,6112952,21874,14,140,2.3
2020-08-20,00-04,3988681,3741,38,271,6.8
2020-08-20,00+,84358845,229764,1752,8948,10.6
2020-08-20,05-14,7940296,9125,178,985,12.4
2020-08-20,15-34,19059537,64484,870,4159,21.8
2020-08-20,35-59,28508100,92725,556,2915,10.2
2020-08-20,60-79,18749279,37725,92,489,2.6
2020-08-20,80+,6112952,21892,18,127,2.1
2020-08-21,00-04,3988681,3789,48,265,6.6
2020-08-21,00+,84358845,231384,1620,9064,10.7
2020-08-21,05-14,7940296,9269,144,953,12
2020-08-21,15-34,19059537,65265,781,4259,22.3
2020-08-21,35-59,28508100,93256,531,2948,10.3
2020-08-21,60-79,18749279,37822,97,514,2.7
2020-08-21,80+,6112952,21911,19,124,2
2020-08-22,00-04,3988681,3835,46,272,6.8
2020-08-22,00+,84358845,233041,1657,9347,11.1
2020-08-22,05-14,7940296,9439,170,969,12.2
2020-08-22,15-34,19059537,66023,758,4389,23
2020-08-22,35-59,28508100,93836,580,3083,10.8
2020-08-22,60-79,18749279,37902,80,513,2.7
2020-08-22,80+,6112952,21934,23,120,2
2020-08-23,00-04,3988681,3867,32,275,6.9
2020-08-23,00+,84358845,233960,919,9507,11.3
2020-08-23,05-14,7940296,9523,84,950,12
2020-08-23,15-34,19059537,66451,428,4498,23.6
2020-08-23,35-59,28508100,94142,306,3153,11.1
2020-08-23,60-79,18749279,37959,57,520,2.8
2020-08-23,80+,6112952,21946,12,110,1.8
2020-08-24,00-04,3988681,3886,19,280,7
2020-08-24,00+,84358845,234524,564,9579,11.4
2020-08-24,05-14,7940296,9582,59,953,12
2020-08-24,15-34,19059537,66715,264,4558,23.9
2020-08-24,35-59,28508100,94331,189,3160,11.1
2020-08-24,60-79,18749279,37987,28,522,2.8
2020-08-24,80+,6112952,21951,5,105,1.7
2020-08-25,00-04,3988681,3924,38,271,6.8
2020-08-25,00+,84358845,235952,1428,9468,11.2
2020-08-25,05-14,7940296,9728,146,935,11.8
2020-08-25,15-34,19059537,67393,678,4507,23.6
2020-08-25,35-59,28508100,94800,469,3125,11
2020-08-25,60-79,18749279,38067,80,522,2.8
2020-08-25,80+,6112952,21967,16,107,1.8
2020-08-26,00-04,3988681,3961,37,258,6.5
2020-08-26,00+,84358845,237440,1488,9428,11.2
2020-08-26,05-14,7940296,9869,141,922,11.6
2020-08-26,15-34,19059537,68099,706,4485,23.5
2020-08-26,35-59,28508100,95271,471,3102,10.9
2020-08-26,60-79,18749279,38180,113,547,2.9
2020-08-26,80+,6112952,21987,20,113,1.8
2020-08-27,00-04,3988681,3995,34,254,6.4
2020-08-27,00+,84358845,239061,1621,9297,11
2020-08-27,05-14,7940296,10036,167,911,11.5
2020-08-27,15-34,19059537,68888,789,4404,23.1
2020-08-27,35-59,28508100,95790,519,3065,10.8
2020-08-27,60-79,18749279,38273,93,548,2.9
2020-08-27,80+,6112952,22006,19,114,1.9
2020-08-28,00-04,3988681,4027,32,238,6
2020-08-28,00+,84358845,240607,1546,9223,10.9
2020-08-28,05-14,7940296,10172,136,903,11.4
2020-08-28,15-34,19059537,69625,737,4360,22.9
2020-08-28,35-59,28508100,96309,519,3053,10.7
2020-08-28,60-79,18749279,38382,109,560,3
2020-08-28,80+,6112952,22018,12,107,1.8
2020-08-29,00-04,3988681,4064,37,229,5.7
2020-08-29,00+,84358845,241999,1392,8958,10.6
2020-08-29,05-14,7940296,10294,122,855,10.8
2020-08-29,15-34,19059537,70312,687,4289,22.5
2020-08-29,35-59,28508100,96756,447,2920,10.2
2020-08-29,60-79,18749279,38451,69,549,2.9
2020-08-29,80+,6112952,22047,29,113,1.8
2020-08-30,00-04,3988681,4092,28,225,5.6
2020-08-30,00+,84358845,242832,833,8872,10.5
2020-08-30,05-14,7940296,10373,79,850,10.7
2020-08-30,15-34,19059537,70708,396,4257,22.3
2020-08-30,35-59,28508100,97030,274,2888,10.1
2020-08-30,60-79,18749279,38499,48,540,2.9
2020-08-30,80+,6112952,22055,8,109,1.8
2020-08-31,00-04,3988681,4108,16,222,5.6
2020-08-31,00+,84358845,243366,534,8842,10.5
2020-08-31,05-14,7940296,10419,46,837,10.5
2020-08-31,15-34,19059537,70963,255,4248,22.3
2020-08-31,35-59,28508100,97211,181,2880,10.1
2020-08-31,60-79,18749279,38528,29,541,2.9
2020-08-31,80+,6112952,22062,7,111,1.8
2020-09-01,00-04,3988681,4137,29,213,5.3
2020-09-01,00+,84358845,244543,1177,8591,10.2
2020-09-01,05-14,7940296,10509,90,781,9.8
2020-09-01,15-34,19059537,71562,599,4169,21.9
2020-09-01,35-59,28508100,97594,383,2794,9.8
2020-09-01,60-79,18749279,38591,63,524,2.8
2020-09-01,80+,6112952,22074,12,107,1.8
2020-09-02,00-04,3988681,4169,32,208,5.2
2020-09-02,00+,84358845,245865,1322,8425,10
2020-09-02,05-14,7940296,10607,98,738,9.3
2020-09-02,15-34,19059537,72227,665,4128,21.7
2020-09-02,35-59,28508100,98022,428,2751,9.6
2020-09-02,60-79,18749279,38678,87,498,2.7
2020-09-02,80+,6112952,22086,12,99,1.6
2020-09-03,00-04,3988681,4200,31,205,5.1
2020-09-03,00+,84358845,247277,1412,8216,9.7
2020-09-03,05-14,7940296,10713,106,677,8.5
2020-09-03,15-34,19059537,72929,702,4041,21.2
2020-09-03,35-59,28508100,98493,471,2703,9.5
2020-09-03,60-79,18749279,38757,79,484,2.6
2020-09-03,80+,6112952,22109,23,103,1.7
2020-09-04,00-04,3988681,4240,40,213,5.3
2020-09-04,00+,84358845,248792,1515,8185,9.7
2020-09-04,05-14,7940296,10848,135,676,8.5
2020-09-04,15-34,19059537,73662,733,4037,21.2
2020-09-04,35-59,28508100,98970,477,2661,9.3
2020-09-04,60-79,18749279,38869,112,487,2.6
2020-09-04,80+,6112952,22127,18,109,1.8
2020-09-05,00-04,3988681,4284,44,220,5.5
2020-09-05,00+,84358845,250290,1498,8291,9.8
2020-09-05,05-14,7940296,10999,151,705,8.9
2020-09-05,15-34,19059537,74355,693,4043,21.2
2020-09-05,35-59,28508100,99467,497,2711,9.5
2020-09-05,60-79,18749279,38963,94,512,2.7
2020-09-05,80+,6112952,22142,15,95,1.6
2020-09-06,00-04,3988681,4315,31,223,5.6
2020-09-06,00+,84358845,251396,1106,8564,10.2
2020-09-06,05-14,7940296,11102,103,729,9.2
2020-09-06,15-34,19059537,74825,470,4117,21.6
2020-09-06,35-59,28508100,99869,402,2839,10
2020-09-06,60-79,18749279,39043,80,544,2.9
2020-09-06,80+,6112952,22162,20,107,1.8
2020-09-07,00-04,3988681,4335,20,227,5.7
2020-09-07,00+,84358845,251975,579,8609,10.2
2020-09-07,05-14,7940296,11170,68,751,9.5
2020-09-07,15-34,19059537,75077,252,4114,21.6
2020-09-07,35-59,28508100,100061,192,2850,10
2020-09-07,60-79,18749279,39082,39,554,3
2020-09-07,80+,6112952,22170,8,108,1.8
2020-09-08,00-04,3988681,4367,32,230,5.8
2020-09-08,00+,84358845,253388,1413,8845,10.5
2020-09-08,05-14,7940296,11305,135,796,10
2020-09-08,15-34,19059537,75717,640,4155,21.8
2020-09-08,35-59,28508100,100535,474,2941,10.3
2020-09-08,60-79,18749279,39184,102,593,3.2
2020-09-08,80+,6112952,22199,29,125,2
2020-09-09,00-04,3988681,4393,26,224,5.6
2020-09-09,00+,84358845,254769,1381,8904,10.6
2020-09-09,05-14,7940296,11424,119,817,10.3
2020-09-09,15-34,19059537,76309,592,4082,21.4
2020-09-09,35-59,28508100,101005,470,2983,10.5
2020-09-09,60-79,18749279,39319,135,641,3.4
2020-09-09,80+,6112952,22237,38,151,2.5
2020-09-10,00-04,3988681,4426,33,226,5.7
2020-09-10,00+,84358845,256514,1745,9237,10.9
2020-09-10,05-14,7940296,11570,146,857,10.8
2020-09-10,15-34,19059537,77041,732,4112,21.6
2020-09-10,35-59,28508100,101645,640,3152,11.1
2020-09-10,60-79,18749279,39464,145,707,3.8
2020-09-10,80+,6112952,22284,47,175,2.9
2020-09-11,00-04,3988681,4472,46,232,5.8
2020-09-11,00+,84358845,258103,1589,9311,11
2020-09-11,05-14,7940296,11699,129,851,10.7
2020-09-11,15-34,19059537,77758,717,4096,21.5
2020-09-11,35-59,28508100,102172,527,3202,11.2
2020-09-11,60-79,18749279,39601,137,732,3.9
2020-09-11,80+,6112952,22317,33,190,3.1
2020-09-12,00-04,3988681,4517,45,233,5.8
2020-09-12,00+,84358845,259770,1667,9480,11.2
2020-09-12,05-14,7940296,11838,139,839,10.6
2020-09-12,15-34,19059537,78473,715,4118,21.6
2020-09-12,35-59,28508100,102728,556,3261,11.4
2020-09-12,60-79,18749279,39760,159,797,4.3
2020-09-12,80+,6112952,22370,53,228,3.7
2020-09-13,00-04,3988681,4550,33,235,5.9
2020-09-13,00+,84358845,260998,1228,9602,11.4
2020-09-13,05-14,7940296,11931,93,829,10.4
2020-09-13,15-34,19059537,79014,541,4189,22
2020-09-13,35-59,28508100,103133,405,3264,11.4
2020-09-13,60-79,18749279,39880,120,837,4.5
2020-09-13,80+,6112952,22405,35,243,4
2020-09-14,00-04,3988681,4560,10,225,5.6
2020-09-14,00+,84358845,261760,762,9785,11.6
2020-09-14,05-14,7940296,11995,64,825,10.4
2020-09-14,15-34,19059537,79368,354,4291,22.5
2020-09-14,35-59,28508100,103374,241,3313,11.6
2020-09-14,60-79,18749279,39945,65,863,4.6
2020-09-14,80+,6112952,22433,28,263,4.3
2020-09-15,00-04,3988681,4595,35,228,5.7
2020-09-15,00+,84358845,263249,1489,9861,11.7
2020-09-15,05-14,7940296,12101,106,796,10
2020-09-15,15-34,19059537,80002,634,4285,22.5
2020-09-15,35-59,28508100,103925,551,3390,11.9
2020-09-15,60-79,18749279,40078,133,894,4.8
2020-09-15,80+,6112952,22462,29,263,4.3
2020-09-16,00-04,3988681,4634,39,241,6
2020-09-16,00+,84358845,265248,1999,10479,12.4
2020-09-16,05-14,7940296,12224,123,800,10.1
2020-09-16,15-34,19059537,80882,880,4573,24
2020-09-16,35-59,28508100,104594,669,3589,12.6
2020-09-16,60-79,18749279,40297,219,978,5.2
2020-09-16,80+,6112952,22531,69,294,4.8
2020-09-17,00-04,3988681,4689,55,263,6.6
2020-09-17,00+,84358845,267427,2179,10913,12.9
2020-09-17,05-14,7940296,12389,165,819,10.3
2020-09-17,15-34,19059537,81779,897,4738,24.9
2020-09-17,35-59,28508100,105378,784,3733,13.1
2020-09-17,60-79,18749279,40506,209,1042,5.6
2020-09-17,80+,6112952,22599,68,315,5.2
2020-09-18,00-04,3988681,4756,67,284,7.1
2020-09-18,00+,84358845,269787,2360,11684,13.9
2020-09-18,05-14,7940296,12562,173,863,10.9
2020-09-18,15-34,19059537,82778,999,5020,26.3
2020-09-18,35-59,28508100,106201,823,4029,14.1
2020-09-18,60-79,18749279,40726,220,1125,6
2020-09-18,80+,6112952,22677,78,360,5.9
2020-09-19,00-04,3988681,4806,50,289,7.2
2020-09-19,00+,84358845,271954,2167,12184,14.4
2020-09-19,05-14,7940296,12714,152,876,11
2020-09-19,15-34,19059537,83728,950,5255,27.6
2020-09-19,35-59,28508100,106939,738,4211,14.8
2020-09-19,60-79,18749279,40939,213,1179,6.3
2020-09-19,80+,6112952,22740,63,370,6.1
2020-09-20,00-04,3988681,4837,31,287,7.2
2020-09-20,00+,84358845,273346,1392,12348,14.6
2020-09-20,05-14,7940296,12819,105,888,11.2
2020-09-20,15-34,19059537,84312,584,5298,27.8
2020-09-20,35-59,28508100,107414,475,4281,15
2020-09-20,60-79,18749279,41094,155,1214,6.5
2020-09-20,80+,6112952,22782,42,377,6.2
2020-09-21,00-04,3988681,4850,13,290,7.3
2020-09-21,00+,84358845,274035,689,12275,14.6
2020-09-21,05-14,7940296,12870,51,875,11
2020-09-21,15-34,19059537,84600,288,5232,27.5
2020-09-21,35-59,28508100,107661,247,4287,15
2020-09-21,60-79,18749279,41163,69,1218,6.5
2020-09-21,80+,6112952,22802,20,369,6
2020-09-22,00-04,3988681,4893,43,298,7.5
2020-09-22,00+,84358845,275686,1651,12437,14.7
2020-09-22,05-14,7940296,12985,115,884,11.1
2020-09-22,15-34,19059537,85314,714,5312,27.9
2020-09-22,35-59,28508100,108208,547,4283,15
2020-09-22,60-79,18749279,41344,181,1266,6.8
2020-09-22,80+,6112952,22851,49,389,6.4
2020-09-23,00-04,3988681,4935,42,301,7.5
2020-09-23,00+,84358845,277496,1810,12248,14.5
2020-09-23,05-14,7940296,13102,117,878,11.1
2020-09-23,15-34,19059537,86110,796,5228,27.4
2020-09-23,35-59,28508100,108819,611,4225,14.8
2020-09-23,60-79,18749279,41521,177,1224,6.5
2020-09-23,80+,6112952,22915,64,384,6.3
2020-09-24,00-04,3988681,4982,47,293,7.3
2020-09-24,00+,84358845,279710,2214,12283,14.6
2020-09-24,05-14,7940296,13241,139,852,10.7
2020-09-24,15-34,19059537,86993,883,5214,27.4
2020-09-24,35-59,28508100,109645,826,4267,15
2020-09-24,60-79,18749279,41765,244,1259,6.7
2020-09-24,80+,6112952,22988,73,389,6.4
2020-09-25,00-04,3988681,5024,42,268,6.7
2020-09-25,00+,84358845,282099,2389,12312,14.6
2020-09-25,05-14,7940296,13426,185,864,10.9
2020-09-25,15-34,19059537,88009,1016,5231,27.4
2020-09-25,35-59,28508100,110456,811,4255,14.9
2020-09-25,60-79,18749279,42024,259,1298,6.9
2020-09-25,80+,6112952,23061,73,384,6.3
2020-09-26,00-04,3988681,5080,56,274,6.9
2020-09-26,00+,84358845,284432,2333,12478,14.8
2020-09-26,05-14,7940296,13625,199,911,11.5
2020-09-26,15-34,19059537,88927,918,5199,27.3
2020-09-26,35-59,28508100,111337,881,4398,15.4
2020-09-26,60-79,18749279,42246,222,1307,7
2020-09-26,80+,6112952,23112,51,372,6.1
2020-09-27,00-04,3988681,5121,41,284,7.1
2020-09-27,00+,84358845,286216,1784,12870,15.3
2020-09-27,05-14,7940296,13774,149,955,12
2020-09-27,15-34,19059537,89622,695,5310,27.9
2020-09-27,35-59,28508100,111970,633,4556,16
2020-09-27,60-79,18749279,42424,178,1330,7.1
2020-09-27,80+,6112952,23200,88,418,6.8
2020-09-28,00-04,3988681,5148,27,298,7.5
2020-09-28,00+,84358845,287090,874,13055,15.5
2020-09-28,05-14,7940296,13845,71,975,12.3
2020-09-28,15-34,19059537,89963,341,5363,28.1
2020-09-28,35-59,28508100,112288,318,4627,16.2
2020-09-28,60-79,18749279,42510,86,1347,7.2
2020-09-28,80+,6112952,23229,29,427,7
2020-09-29,00-04,3988681,5178,30,285,7.1
2020-09-29,00+,84358845,288923,1833,13237,15.7
2020-09-29,05-14,7940296,13970,125,985,12.4
2020-09-29,15-34,19059537,90694,731,5380,28.2
2020-09-29,35-59,28508100,112957,669,4749,16.7
2020-09-29,60-79,18749279,42716,206,1372,7.3
2020-09-29,80+,6112952,23301,72,450,7.4
2020-09-30,00-04,3988681,5238,60,303,7.6
2020-09-30,00+,84358845,291085,2162,13589,16.1
2020-09-30,05-14,7940296,14143,173,1041,13.1
2020-09-30,15-34,19059537,91554,860,5444,28.6
2020-09-30,35-59,28508100,113694,737,4875,17.1
2020-09-30,60-79,18749279,42971,255,1450,7.7
2020-09-30,80+,6112952,23375,74,460,7.5
2020-10-01,00-04,3988681,5297,59,315,7.9
2020-10-01,00+,84358845,293824,2739,14114,16.7
2020-10-01,05-14,7940296,14344,201,1103,13.9
2020-10-01,15-34,19059537,92638,1084,5645,29.6
2020-10-01,35-59,28508100,114713,1019,5068,17.8
2020-10-01,60-79,18749279,43259,288,1494,8
2020-10-01,80+,6112952,23463,88,475,7.8
2020-10-02,00-04,3988681,5357,60,333,8.3
2020-10-02,00+,84358845,296753,2929,14654,17.4
2020-10-02,05-14,7940296,14553,209,1127,14.2
2020-10-02,15-34,19059537,93814,1176,5805,30.5
2020-10-02,35-59,28508100,115783,1070,5327,18.7
2020-10-02,60-79,18749279,43585,326,1561,8.3
2020-10-02,80+,6112952,23548,85,487,8
2020-10-03,00-04,3988681,5408,51,328,8.2
2020-10-03,00+,84358845,299682,2929,15250,18.1
2020-10-03,05-14,7940296,14753,200,1128,14.2
2020-10-03,15-34,19059537,94979,1165,6052,31.8
2020-10-03,35-59,28508100,116815,1032,5478,19.2
2020-10-03,60-79,18749279,43897,312,1651,8.8
2020-10-03,80+,6112952,23716,168,604,9.9
2020-10-04,00-04,3988681,5450,42,329,8.2
2020-10-04,00+,84358845,301878,2196,15662,18.6
2020-10-04,05-14,7940296,14903,150,1129,14.2
2020-10-04,15-34,19059537,95833,854,6211,32.6
2020-10-04,35-59,28508100,117603,788,5633,19.8
2020-10-04,60-79,18749279,44181,284,1757,9.4
2020-10-04,80+,6112952,23794,78,594,9.7
2020-10-05,00-04,3988681,5478,28,330,8.3
2020-10-05,00+,84358845,303034,1156,15944,18.9
2020-10-05,05-14,7940296,14990,87,1145,14.4
2020-10-05,15-34,19059537,96302,469,6339,33.3
2020-10-05,35-59,28508100,118015,412,5727,20.1
2020-10-05,60-79,18749279,44303,122,1793,9.6
2020-10-05,80+,6112952,23830,36,601,9.8
2020-10-06,00-04,3988681,5511,33,333,8.3
2020-10-06,00+,84358845,305449,2415,16526,19.6
2020-10-06,05-14,7940296,15139,149,1169,14.7
2020-10-06,15-34,19059537,97215,913,6521,34.2
2020-10-06,35-59,28508100,118937,922,5980,21
2020-10-06,60-79,18749279,44590,287,1874,10
2020-10-06,80+,6112952,23936,106,635,10.4
2020-10-07,00-04,3988681,5604,93,366,9.2
2020-10-07,00+,84358845,309035,3586,17950,21.3
2020-10-07,05-14,7940296,15403,264,1260,15.9
2020-10-07,15-34,19059537,98594,1379,7040,36.9
2020-10-07,35-59,28508100,120254,1317,6560,23
2020-10-07,60-79,18749279,45008,418,2037,10.9
2020-10-07,80+,6112952,24048,112,673,11
2020-10-08,00-04,3988681,5671,67,374,9.4
2020-10-08,00+,84358845,313535,4500,19711,23.4
2020-10-08,05-14,7940296,15695,292,1351,17
2020-10-08,15-34,19059537,100261,1667,7623,40
2020-10-08,35-59,28508100,122026,1772,7313,25.7
2020-10-08,60-79,18749279,45550,542,2291,12.2
2020-10-08,80+,6112952,24204,156,741,12.1
2020-10-09,00-04,3988681,5763,92,406,10.2
2020-10-09,00+,84358845,318208,4673,21455,25.4
2020-10-09,05-14,7940296,16006,311,1453,18.3
2020-10-09,15-34,19059537,102038,1777,8224,43.1
2020-10-09,35-59,28508100,123790,1764,8007,28.1
2020-10-09,60-79,18749279,46096,546,2511,13.4
2020-10-09,80+,6112952,24373,169,825,13.5
2020-10-10,00-04,3988681,5874,111,466,11.7
2020-10-10,00+,84358845,323277,5069,23595,28
2020-10-10,05-14,7940296,16336,330,1583,19.9
2020-10-10,15-34,19059537,103984,1946,9005,47.2
2020-10-10,35-59,28508100,125705,1915,8890,31.2
2020-10-10,60-79,18749279,46666,570,2769,14.8
2020-10-10,80+,6112952,24568,195,852,13.9
2020-10-11,00-04,3988681,5941,67,491,12.3
2020-10-11,00+,84358845,326903,3626,25025,29.7
2020-10-11,05-14,7940296,16594,258,1691,21.3
2020-10-11,15-34,19059537,105349,1365,9516,49.9
2020-10-11,35-59,28508100,127094,1389,9491,33.3
2020-10-11,60-79,18749279,47067,401,2886,15.4
2020-10-11,80+,6112952,24714,146,920,15.1
2020-10-12,00-04,3988681,5997,56,519,13
2020-10-12,00+,84358845,329178,2275,26144,31
2020-10-12,05-14,7940296,16760,166,1770,22.3
2020-10-12,15-34,19059537,106217,868,9915,52
2020-10-12,35-59,28508100,127915,821,9900,34.7
2020-10-12,60-79,18749279,47351,284,3048,16.3
2020-10-12,80+,6112952,24792,78,962,15.7
2020-10-13,00-04,3988681,6090,93,579,14.5
2020-10-13,00+,84358845,333370,4192,27921,33.1
2020-10-13,05-14,7940296,17033,273,1894,23.9
2020-10-13,15-34,19059537,107813,1596,10598,55.6
2020-10-13,35-59,28508100,129445,1530,10508,36.9
2020-10-13,60-79,18749279,47828,477,3238,17.3
2020-10-13,80+,6112952,25010,218,1074,17.6
2020-10-14,00-04,3988681,6195,105,591,14.8
2020-10-14,00+,84358845,338735,5365,29700,35.2
2020-10-14,05-14,7940296,17375,342,1972,24.8
2020-10-14,15-34,19059537,109814,2001,11220,58.9
2020-10-14,35-59,28508100,131481,2036,11227,39.4
2020-10-14,60-79,18749279,48513,685,3505,18.7
2020-10-14,80+,6112952,25197,187,1149,18.8
2020-10-15,00-04,3988681,6376,181,705,17.7
2020-10-15,00+,84358845,345982,7247,32447,38.5
2020-10-15,05-14,7940296,17830,455,2135,26.9
2020-10-15,15-34,19059537,112472,2658,12211,64.1
2020-10-15,35-59,28508100,134208,2727,12182,42.7
2020-10-15,60-79,18749279,49421,908,3871,20.6
2020-10-15,80+,6112952,25510,313,1306,21.4
2020-10-16,00-04,3988681,6529,153,766,19.2
2020-10-16,00+,84358845,353884,7902,35676,42.3
2020-10-16,05-14,7940296,18337,507,2331,29.4
2020-10-16,15-34,19059537,115425,2953,13387,70.2
2020-10-16,35-59,28508100,137179,2971,13389,47
2020-10-16,60-79,18749279,50417,996,4321,23
2020-10-16,80+,6112952,25829,319,1456,23.8
2020-10-17,00-04,3988681,6701,172,827,20.7
2020-10-17,00+,84358845,361861,7977,38584,45.7
2020-10-17,05-14,7940296,18805,468,2469,31.1
2020-10-17,15-34,19059537,118406,2981,14422,75.7
2020-10-17,35-59,28508100,140113,2934,14408,50.5
2020-10-17,60-79,18749279,51424,1007,4758,25.4
2020-10-17,80+,6112952,26230,401,1662,27.2
2020-10-18,00-04,3988681,6803,102,862,21.6
2020-10-18,00+,84358845,367528,5667,40625,48.2
2020-10-18,05-14,7940296,19141,336,2547,32.1
2020-10-18,15-34,19059537,120482,2076,15133,79.4
2020-10-18,35-59,28508100,142281,2168,15187,53.3
2020-10-18,60-79,18749279,52148,724,5081,27.1
2020-10-18,80+,6112952,26488,258,1774,29
2020-10-19,00-04,3988681,6878,75,881,22.1
2020-10-19,00+,84358845,371203,3675,42025,49.8
2020-10-19,05-14,7940296,19390,249,2630,33.1
2020-10-19,15-34,19059537,121882,1400,15665,82.2
2020-10-19,35-59,28508100,143610,1329,15695,55.1
2020-10-19,60-79,18749279,52594,446,5243,28
2020-10-19,80+,6112952,26663,175,1871,30.6
2020-10-20,00-04,3988681,7031,153,941,23.6
2020-10-20,00+,84358845,377656,6453,44286,52.5
2020-10-20,05-14,7940296,19824,434,2791,35.1
2020-10-20,15-34,19059537,124217,2335,16404,86.1
2020-10-20,35-59,28508100,146046,2436,16601,58.2
2020-10-20,60-79,18749279,53389,795,5561,29.7
2020-10-20,80+,6112952,26955,292,1945,31.8
2020-10-21,00-04,3988681,7198,167,1003,25.1
2020-10-21,00+,84358845,387092,9436,48357,57.3
2020-10-21,05-14,7940296,20396,572,3021,38
2020-10-21,15-34,19059537,127466,3249,17652,92.6
2020-10-21,35-59,28508100,149696,3650,18215,63.9
2020-10-21,60-79,18749279,54661,1272,6148,32.8
2020-10-21,80+,6112952,27466,511,2269,37.1
2020-10-22,00-04,3988681,7431,233,1055,26.4
2020-10-22,00+,84358845,399492,12400,53510,63.4
2020-10-22,05-14,7940296,21135,739,3305,41.6
2020-10-22,15-34,19059537,131821,4355,19349,101.5
2020-10-22,35-59,28508100,154595,4899,20387,71.5
2020-10-22,60-79,18749279,56221,1560,6800,36.3
2020-10-22,80+,6112952,28061,595,2551,41.7
2020-10-23,00-04,3988681,7691,260,1162,29.1
2020-10-23,00+,84358845,413400,13908,59516,70.6
2020-10-23,05-14,7940296,21932,797,3595,45.3
2020-10-23,15-34,19059537,136815,4994,21390,112.2
2020-10-23,35-59,28508100,159866,5271,22687,79.6
2020-10-23,60-79,18749279,58023,1802,7606,40.6
2020-10-23,80+,6112952,28825,764,2996,49
2020-10-24,00-04,3988681,7954,263,1253,31.4
2020-10-24,00+,84358845,427449,14049,65588,77.7
2020-10-24,05-14,7940296,22783,851,3978,50.1
2020-10-24,15-34,19059537,141818,5003,23412,122.8
2020-10-24,35-59,28508100,165248,5382,25135,88.2
2020-10-24,60-79,18749279,59821,1798,8397,44.8
2020-10-24,80+,6112952,29561,736,3331,54.5
2020-10-25,00-04,3988681,8174,220,1371,34.4
2020-10-25,00+,84358845,438536,11087,71008,84.2
2020-10-25,05-14,7940296,23523,740,4382,55.2
2020-10-25,15-34,19059537,145729,3911,25247,132.5
2020-10-25,35-59,28508100,169504,4256,27223,95.5
2020-10-25,60-79,18749279,61233,1412,9085,48.5
2020-10-25,80+,6112952,30105,544,3617,59.2
2020-10-26,00-04,3988681,8324,150,1446,36.3
2020-10-26,00+,84358845,445991,7455,74788,88.7
2020-10-26,05-14,7940296,23967,444,4577,57.6
2020-10-26,15-34,19059537,148327,2598,26445,138.7
2020-10-26,35-59,28508100,172288,2784,28678,100.6
2020-10-26,60-79,18749279,62254,1021,9660,51.5
2020-10-26,80+,6112952,30541,436,3878,63.4
2020-10-27,00-04,3988681,8593,269,1562,39.2
2020-10-27,00+,84358845,458021,12030,80365,95.3
2020-10-27,05-14,7940296,24684,717,4860,61.2
2020-10-27,15-34,19059537,152484,4157,28267,148.3
2020-10-27,35-59,28508100,176783,4495,30737,107.8
2020-10-27,60-79,18749279,63887,1633,10498,56
2020-10-27,80+,6112952,31289,748,4334,70.9
2020-10-28,00-04,3988681,8894,301,1696,42.5
2020-10-28,00+,84358845,473969,15948,86877,103
2020-10-28,05-14,7940296,25574,890,5178,65.2
2020-10-28,15-34,19059537,157901,5417,30435,159.7
2020-10-28,35-59,28508100,183061,6278,33365,117
2020-10-28,60-79,18749279,66056,2169,11395,60.8
2020-10-28,80+,6112952,32159,870,4693,76.8
2020-10-29,00-04,3988681,9276,382,1845,46.3
2020-10-29,00+,84358845,493216,19247,93724,111.1
2020-10-29,05-14,7940296,26752,1178,5617,70.7
2020-10-29,15-34,19059537,164227,6326,32406,170
2020-10-29,35-59,28508100,190757,7696,36162,126.8
2020-10-29,60-79,18749279,68672,2616,12451,66.4
2020-10-29,80+,6112952,33181,1022,5120,83.8
2020-10-30,00-04,3988681,9659,383,1968,49.3
2020-10-30,00+,84358845,513058,19842,99658,118.1
2020-10-30,05-14,7940296,27963,1211,6031,76
2020-10-30,15-34,19059537,170905,6678,34090,178.9
2020-10-30,35-59,28508100,198598,7841,38732,135.9
2020-10-30,60-79,18749279,71350,2678,13327,71.1
2020-10-30,80+,6112952,34210,1029,5385,88.1
2020-10-31,00-04,3988681,10019,360,2065,51.8
2020-10-31,00+,84358845,532464,19406,105015,124.5
2020-10-31,05-14,7940296,29256,1293,6473,81.5
2020-10-31,15-34,19059537,177566,6661,35748,187.6
2020-10-31,35-59,28508100,206093,7495,40845,143.3
2020-10-31,60-79,18749279,73935,2585,14114,75.3
2020-10-31,80+,6112952,35217,1007,5656,92.5
2020-11-01,00-04,3988681,10298,279,2124,53.3
2020-11-01,00+,84358845,546454,13990,107918,127.9
2020-11-01,05-14,7940296,30159,903,6636,83.6
2020-11-01,15-34,19059537,182213,4647,36484,191.4
2020-11-01,35-59,28508100,211447,5354,41943,147.1
2020-11-01,60-79,18749279,75908,1973,14675,78.3
2020-11-01,80+,6112952,36031,814,5926,96.9
2020-11-02,00-04,3988681,10547,249,2223,55.7
2020-11-02,00+,84358845,556988,10534,110997,131.6
2020-11-02,05-14,7940296,30843,684,6876,86.6
2020-11-02,15-34,19059537,185831,3618,37504,196.8
2020-11-02,35-59,28508100,215407,3960,43119,151.3
2020-11-02,60-79,18749279,77323,1415,15069,80.4
2020-11-02,80+,6112952,36625,594,6084,99.5
2020-11-03,00-04,3988681,10855,308,2262,56.7
2020-11-03,00+,84358845,572230,15242,114209,135.4
2020-11-03,05-14,7940296,31790,947,7106,89.5
2020-11-03,15-34,19059537,191085,5254,38601,202.5
2020-11-03,35-59,28508100,221143,5736,44360,155.6
2020-11-03,60-79,18749279,79331,2008,15444,82.4
2020-11-03,80+,6112952,37597,972,6308,103.2
2020-11-04,00-04,3988681,11224,369,2330,58.4
2020-11-04,00+,84358845,591571,19341,117602,139.4
2020-11-04,05-14,7940296,32976,1186,7402,93.2
2020-11-04,15-34,19059537,197532,6447,39631,207.9
2020-11-04,35-59,28508100,228728,7585,45667,160.2
2020-11-04,60-79,18749279,81977,2646,15921,84.9
2020-11-04,80+,6112952,38690,1093,6531,106.8
2020-11-05,00-04,3988681,11588,364,2312,58
2020-11-05,00+,84358845,612777,21206,119561,141.7
2020-11-05,05-14,7940296,34257,1281,7505,94.5
2020-11-05,15-34,19059537,204262,6730,40035,210.1
2020-11-05,35-59,28508100,237232,8504,46475,163
2020-11-05,60-79,18749279,84975,2998,16303,87
2020-11-05,80+,6112952,40004,1314,6823,111.6
2020-11-06,00-04,3988681,11980,392,2321,58.2
2020-11-06,00+,84358845,635061,22284,122003,144.6
2020-11-06,05-14,7940296,35688,1431,7725,97.3
2020-11-06,15-34,19059537,211734,7472,40829,214.2
2020-11-06,35-59,28508100,245766,8534,47168,165.5
2020-11-06,60-79,18749279,88112,3137,16762,89.4
2020-11-06,80+,6112952,41298,1294,7088,116
2020-11-07,00-04,3988681,12406,426,2387,59.8
2020-11-07,00+,84358845,656628,21567,124164,147.2
2020-11-07,05-14,7940296,37124,1436,7868,99.1
2020-11-07,15-34,19059537,219002,7268,41436,217.4
2020-11-07,35-59,28508100,254045,8279,47952,168.2
2020-11-07,60-79,18749279,91076,2964,17141,91.4
2020-11-07,80+,6112952,42471,1173,7254,118.7
2020-11-08,00-04,3988681,12751,345,2453,61.5
2020-11-08,00+,84358845,672549,15921,126095,149.5
2020-11-08,05-14,7940296,38280,1156,8121,102.3
2020-11-08,15-34,19059537,224301,5299,42088,220.8
2020-11-08,35-59,28508100,260043,5998,48596,170.5
2020-11-08,60-79,18749279,93239,2163,17331,92.4
2020-11-08,80+,6112952,43421,950,7390,120.9
2020-11-09,00-04,3988681,12949,198,2402,60.2
2020-11-09,00+,84358845,682675,10126,125687,149
2020-11-09,05-14,7940296,38995,715,8152,102.7
2020-11-09,15-34,19059537,227595,3294,41764,219.1
2020-11-09,35-59,28508100,263845,3802,48438,169.9
2020-11-09,60-79,18749279,94679,1440,17356,92.6
2020-11-09,80+,6112952,44061,640,7436,121.6
2020-11-10,00-04,3988681,13236,287,2381,59.7
2020-11-10,00+,84358845,698671,15996,126441,149.9
2020-11-10,05-14,7940296,40102,1107,8312,104.7
2020-11-10,15-34,19059537,233037,5442,41952,220.1
2020-11-10,35-59,28508100,269835,5990,48692,170.8
2020-11-10,60-79,18749279,96810,2131,17479,93.2
2020-11-10,80+,6112952,45048,987,7451,121.9
2020-11-11,00-04,3988681,13614,378,2390,59.9
2020-11-11,00+,84358845,718291,19620,126720,150.2
2020-11-11,05-14,7940296,41392,1290,8416,106
2020-11-11,15-34,19059537,239340,6303,41808,219.4
2020-11-11,35-59,28508100,277539,7704,48811,171.2
2020-11-11,60-79,18749279,99458,2648,17481,93.2
2020-11-11,80+,6112952,46324,1276,7634,124.9
2020-11-12,00-04,3988681,14014,400,2426,60.8
2020-11-12,00+,84358845,740998,22707,128221,152
2020-11-12,05-14,7940296,42932,1540,8675,109.3
2020-11-12,15-34,19059537,246707,7367,42445,222.7
2020-11-12,35-59,28508100,286223,8684,48991,171.8
2020-11-12,60-79,18749279,102571,3113,17596,93.8
2020-11-12,80+,6112952,47900,1576,7896,129.2
2020-11-13,00-04,3988681,14444,430,2464,61.8
2020-11-13,00+,84358845,764565,23567,129504,153.5
2020-11-13,05-14,7940296,44589,1657,8901,112.1
2020-11-13,15-34,19059537,254217,7510,42483,222.9
2020-11-13,35-59,28508100,295288,9065,49522,173.7
2020-11-13,60-79,18749279,105827,3256,17715,94.5
2020-11-13,80+,6112952,49455,1555,8157,133.4
2020-11-14,00-04,3988681,14852,408,2446,61.3
2020-11-14,00+,84358845,785886,21321,129258,153.2
2020-11-14,05-14,7940296,46136,1547,9012,113.5
2020-11-14,15-34,19059537,260997,6780,41995,220.3
2020-11-14,35-59,28508100,303349,8061,49304,172.9
2020-11-14,60-79,18749279,108784,2957,17708,94.4
2020-11-14,80+,6112952,50992,1537,8521,139.4
2020-11-15,00-04,3988681,15173,321,2422,60.7
2020-11-15,00+,84358845,801694,15808,129145,153.1
2020-11-15,05-14,7940296,47308,1172,9028,113.7
2020-11-15,15-34,19059537,265855,4858,41554,218
2020-11-15,35-59,28508100,309303,5954,49260,172.8
2020-11-15,60-79,18749279,110977,2193,17738,94.6
2020-11-15,80+,6112952,52296,1304,8875,145.2
2020-11-16,00-04,3988681,15353,180,2404,60.3
2020-11-16,00+,84358845,810542,8848,127867,151.6
2020-11-16,05-14,7940296,47990,682,8995,113.3
2020-11-16,15-34,19059537,268532,2677,40937,214.8
2020-11-16,35-59,28508100,312644,3341,48799,171.2
2020-11-16,60-79,18749279,112227,1250,17548,93.6
2020-11-16,80+,6112952,53010,714,8949,146.4
2020-11-17,00-04,3988681,15630,277,2394,60
2020-11-17,00+,84358845,825241,14699,126570,150
2020-11-17,05-14,7940296,49010,1020,8908,112.2
2020-11-17,15-34,19059537,273067,4535,40030,210
2020-11-17,35-59,28508100,318140,5496,48305,169.4
2020-11-17,60-79,18749279,114302,2075,17492,93.3
2020-11-17,80+,6112952,54288,1278,9240,151.2
2020-11-18,00-04,3988681,15966,336,2352,59
2020-11-18,00+,84358845,845622,20381,127331,150.9
2020-11-18,05-14,7940296,50300,1290,8908,112.2
2020-11-18,15-34,19059537,279098,6031,39758,208.6
2020-11-18,35-59,28508100,326236,8096,48697,170.8
2020-11-18,60-79,18749279,117245,2943,17787,94.9
2020-11-18,80+,6112952,55956,1668,9632,157.6
2020-11-19,00-04,3988681,16363,397,2349,58.9
2020-11-19,00+,84358845,869297,23675,128299,152.1
2020-11-19,05-14,7940296,52033,1733,9101,114.6
2020-11-19,15-34,19059537,286321,7223,39614,207.8
2020-11-19,35-59,28508100,335427,9191,49204,172.6
2020-11-19,60-79,18749279,120498,3253,17927,95.6
2020-11-19,80+,6112952,57820,1864,9920,162.3
2020-11-20,00-04,3988681,16792,429,2348,58.9
2020-11-20,00+,84358845,893054,23757,128489,152.3
2020-11-20,05-14,7940296,53787,1754,9198,115.8
2020-11-20,15-34,19059537,293469,7148,39252,205.9
2020-11-20,35-59,28508100,344380,8953,49092,172.2
2020-11-20,60-79,18749279,123869,3371,18042,96.2
2020-11-20,80+,6112952,59890,2070,10435,170.7
2020-11-21,00-04,3988681,17257,465,2405,60.3
2020-11-21,00+,84358845,915373,22319,129487,153.5
2020-11-21,05-14,7940296,55419,1632,9283,116.9
2020-11-21,15-34,19059537,300106,6637,39109,205.2
2020-11-21,35-59,28508100,353000,8620,49651,174.2
2020-11-21,60-79,18749279,126974,3105,18190,97
2020-11-21,80+,6112952,61735,1845,10743,175.7
2020-11-22,00-04,3988681,17543,286,2370,59.4
2020-11-22,00+,84358845,930136,14763,128442,152.3
2020-11-22,05-14,7940296,56558,1139,9250,116.5
2020-11-22,15-34,19059537,304449,4343,38594,202.5
2020-11-22,35-59,28508100,358644,5644,49341,173.1
2020-11-22,60-79,18749279,129125,2151,18148,96.8
2020-11-22,80+,6112952,62927,1192,10631,173.9
2020-11-23,00-04,3988681,17735,192,2382,59.7
2020-11-23,00+,84358845,938945,8809,128403,152.2
2020-11-23,05-14,7940296,57232,674,9242,116.4
2020-11-23,15-34,19059537,306950,2501,38418,201.6
2020-11-23,35-59,28508100,361885,3241,49241,172.7
2020-11-23,60-79,18749279,130429,1304,18202,97.1
2020-11-23,80+,6112952,63816,889,10806,176.8
2020-11-24,00-04,3988681,18025,290,2395,60
2020-11-24,00+,84358845,954013,15068,128772,152.6
2020-11-24,05-14,7940296,58398,1166,9388,118.2
2020-11-24,15-34,19059537,311321,4371,38254,200.7
2020-11-24,35-59,28508100,367539,5654,49399,173.3
2020-11-24,60-79,18749279,132565,2136,18263,97.4
2020-11-24,80+,6112952,65257,1441,10969,179.4
2020-11-25,00-04,3988681,18329,304,2363,59.2
2020-11-25,00+,84358845,973425,19412,127803,151.5
2020-11-25,05-14,7940296,59763,1365,9463,119.2
2020-11-25,15-34,19059537,316918,5597,37820,198.4
2020-11-25,35-59,28508100,375215,7676,48979,171.8
2020-11-25,60-79,18749279,135351,2786,18106,96.6
2020-11-25,80+,6112952,66927,1670,10971,179.5
2020-11-26,00-04,3988681,18777,448,2414,60.5
2020-11-26,00+,84358845,995450,22025,126153,149.5
2020-11-26,05-14,7940296,61360,1597,9327,117.5
2020-11-26,15-34,19059537,323332,6414,37011,194.2
2020-11-26,35-59,28508100,383706,8491,48279,169.4
2020-11-26,60-79,18749279,138420,3069,17922,95.6
2020-11-26,80+,6112952,68921,1994,11101,181.6
2020-11-27,00-04,3988681,19214,437,2422,60.7
2020-11-27,00+,84358845,1018192,22742,125138,148.3
2020-11-27,05-14,7940296,62887,1527,9100,114.6
2020-11-27,15-34,19059537,329732,6400,36263,190.3
2020-11-27,35-59,28508100,392303,8597,47923,168.1
2020-11-27,60-79,18749279,141729,3309,17860,95.3
2020-11-27,80+,6112952,71382,2461,11492,188
2020-11-28,00-04,3988681,19586,372,2329,58.4
2020-11-28,00+,84358845,1038351,20159,122978,145.8
2020-11-28,05-14,7940296,64383,1496,8964,112.9
2020-11-28,15-34,19059537,335258,5526,35152,184.4
2020-11-28,35-59,28508100,399776,7473,46776,164.1
2020-11-28,60-79,18749279,144695,2966,17721,94.5
2020-11-28,80+,6112952,73692,2310,11957,195.6
2020-11-29,00-04,3988681,19872,286,2329,58.4
2020-11-29,00+,84358845,1053295,14944,123159,146
2020-11-29,05-14,7940296,65552,1169,8994,113.3
2020-11-29,15-34,19059537,339337,4079,34888,183
2020-11-29,35-59,28508100,405487,5711,46843,164.3
2020-11-29,60-79,18749279,146919,2224,17794,94.9
2020-11-29,80+,6112952,75153,1461,12226,200
2020-11-30,00-04,3988681,20053,181,2318,58.1
2020-11-30,00+,84358845,1062076,8781,123131,146
2020-11-30,05-14,7940296,66256,704,9024,113.6
2020-11-30,15-34,19059537,341712,2375,34762,182.4
2020-11-30,35-59,28508100,408670,3183,46785,164.1
2020-11-30,60-79,18749279,148237,1318,17808,95
2020-11-30,80+,6112952,76170,1017,12354,202.1
2020-12-01,00-04,3988681,20293,240,2268,56.9
2020-12-01,00+,84358845,1075371,13295,121358,143.9
2020-12-01,05-14,7940296,67157,901,8759,110.3
2020-12-01,15-34,19059537,345488,3776,34167,179.3
2020-12-01,35-59,28508100,413436,4766,45897,161
2020-12-01,60-79,18749279,150297,2060,17732,94.6
2020-12-01,80+,6112952,77708,1538,12451,203.7
2020-12-02,00-04,3988681,20646,353,2317,58.1
2020-12-02,00+,84358845,1094642,19271,121217,143.7
2020-12-02,05-14,7940296,68418,1261,8655,109
2020-12-02,15-34,19059537,350825,5337,33907,177.9
2020-12-02,35-59,28508100,420851,7415,45636,160.1
2020-12-02,60-79,18749279,153184,2887,17833,95.1
2020-12-02,80+,6112952,79715,2007,12788,209.2
2020-12-03,00-04,3988681,21048,402,2271,56.9
2020-12-03,00+,84358845,1117839,23197,122389,145.1
2020-12-03,05-14,7940296,69993,1575,8633,108.7
2020-12-03,15-34,19059537,357214,6389,33882,177.8
2020-12-03,35-59,28508100,429916,9065,46210,162.1
2020-12-03,60-79,18749279,156668,3484,18248,97.3
2020-12-03,80+,6112952,81981,2266,13060,213.6
2020-12-04,00-04,3988681,21458,410,2244,56.3
2020-12-04,00+,84358845,1142288,24449,124096,147.1
2020-12-04,05-14,7940296,71631,1638,8744,110.1
2020-12-04,15-34,19059537,363939,6725,34207,179.5
2020-12-04,35-59,28508100,438985,9069,46682,163.7
2020-12-04,60-79,18749279,160311,3643,18582,99.1
2020-12-04,80+,6112952,84926,2945,13544,221.6
2020-12-05,00-04,3988681,21807,349,2221,55.7
2020-12-05,00+,84358845,1164447,22159,126096,149.5
2020-12-05,05-14,7940296,73163,1532,8780,110.6
2020-12-05,15-34,19059537,370067,6128,34809,182.6
2020-12-05,35-59,28508100,447220,8235,47444,166.4
2020-12-05,60-79,18749279,163615,3304,18920,100.9
2020-12-05,80+,6112952,87520,2594,13828,226.2
2020-12-06,00-04,3988681,22155,348,2283,57.2
2020-12-06,00+,84358845,1180168,15721,126873,150.4
2020-12-06,05-14,7940296,74313,1150,8761,110.3
2020-12-06,15-34,19059537,374417,4350,35080,184.1
2020-12-06,35-59,28508100,453114,5894,47627,167.1
2020-12-06,60-79,18749279,165955,2340,19036,101.5
2020-12-06,80+,6112952,89142,1622,13989,228.8
2020-12-07,00-04,3988681,22344,189,2291,57.4
2020-12-07,00+,84358845,1190389,10221,128313,152.1
2020-12-07,05-14,7940296,75099,786,8843,111.4
2020-12-07,15-34,19059537,377209,2792,35497,186.2
2020-12-07,35-59,28508100,456808,3694,48138,168.9
2020-12-07,60-79,18749279,167461,1506,19224,102.5
2020-12-07,80+,6112952,90390,1248,14220,232.6
2020-12-08,00-04,3988681,22643,299,2350,58.9
2020-12-08,00+,84358845,1206797,16408,131426,155.8
2020-12-08,05-14,7940296,76160,1061,9003,113.4
2020-12-08,15-34,19059537,381559,4350,36071,189.3
2020-12-08,35-59,28508100,462948,6140,49512,173.7
2020-12-08,60-79,18749279,170017,2556,19720,105.2
2020-12-08,80+,6112952,92376,1986,14668,239.9
2020-12-09,00-04,3988681,22978,335,2332,58.5
2020-12-09,00+,84358845,1229619,22822,134977,160
2020-12-09,05-14,7940296,77477,1317,9059,114.1
2020-12-09,15-34,19059537,387641,6082,36816,193.2
2020-12-09,35-59,28508100,471976,9028,51125,179.3
2020-12-09,60-79,18749279,173488,3471,20304,108.3
2020-12-09,80+,6112952,94955,2579,15240,249.3
2020-12-10,00-04,3988681,23373,395,2325,58.3
2020-12-10,00+,84358845,1257234,27615,139395,165.2
2020-12-10,05-14,7940296,79240,1763,9247,116.5
2020-12-10,15-34,19059537,395171,7530,37957,199.1
2020-12-10,35-59,28508100,482913,10937,52997,185.9
2020-12-10,60-79,18749279,177584,4096,20916,111.6
2020-12-10,80+,6112952,97839,2884,15858,259.4
2020-12-11,00-04,3988681,23892,519,2434,61
2020-12-11,00+,84358845,1286256,29022,143968,170.7
2020-12-11,05-14,7940296,81070,1830,9439,118.9
2020-12-11,15-34,19059537,403118,7947,39179,205.6
2020-12-11,35-59,28508100,493918,11005,54933,192.7
2020-12-11,60-79,18749279,181995,4411,21684,115.7
2020-12-11,80+,6112952,101135,3296,16209,265.2
2020-12-12,00-04,3988681,24393,501,2586,64.8
2020-12-12,00+,84358845,1313511,27255,149064,176.7
2020-12-12,05-14,7940296,82915,1845,9752,122.8
2020-12-12,15-34,19059537,410445,7327,40378,211.9
2020-12-12,35-59,28508100,504033,10115,56813,199.3
2020-12-12,60-79,18749279,186195,4200,22580,120.4
2020-12-12,80+,6112952,104395,3260,16875,276.1
2020-12-13,00-04,3988681,24771,378,2616,65.6
2020-12-13,00+,84358845,1334134,20623,153966,182.5
2020-12-13,05-14,7940296,84248,1333,9935,125.1
2020-12-13,15-34,19059537,415855,5410,41438,217.4
2020-12-13,35-59,28508100,511590,7557,58476,205.1
2020-12-13,60-79,18749279,189444,3249,23489,125.3
2020-12-13,80+,6112952,107081,2686,17939,293.5
2020-12-14,00-04,3988681,25008,237,2664,66.8
2020-12-14,00+,84358845,1346633,12499,156244,185.2
2020-12-14,05-14,7940296,85074,826,9975,125.6
2020-12-14,15-34,19059537,419094,3239,41885,219.8
2020-12-14,35-59,28508100,516088,4498,59280,207.9
2020-12-14,60-79,18749279,191444,2000,23983,127.9
2020-12-14,80+,6112952,108769,1688,18379,300.7
2020-12-15,00-04,3988681,25385,377,2742,68.7
2020-12-15,00+,84358845,1365641,19008,158844,188.3
2020-12-15,05-14,7940296,86276,1202,10116,127.4
2020-12-15,15-34,19059537,424164,5070,42605,223.5
2020-12-15,35-59,28508100,522978,6890,60030,210.6
2020-12-15,60-79,18749279,194439,2995,24422,130.3
2020-12-15,80+,6112952,111232,2463,18856,308.5
2020-12-16,00-04,3988681,25856,471,2878,72.2
2020-12-16,00+,84358845,1392543,26902,162924,193.1
2020-12-16,05-14,7940296,87824,1548,10347,130.3
2020-12-16,15-34,19059537,431174,7010,43533,228.4
2020-12-16,35-59,28508100,533563,10585,61587,216
2020-12-16,60-79,18749279,198689,4250,25201,134.4
2020-12-16,80+,6112952,114264,3032,19309,315.9
2020-12-17,00-04,3988681,26396,540,3023,75.8
2020-12-17,00+,84358845,1423908,31365,166674,197.6
2020-12-17,05-14,7940296,89580,1756,10340,130.2
2020-12-17,15-34,19059537,439511,8337,44340,232.6
2020-12-17,35-59,28508100,545755,12192,62842,220.4
2020-12-17,60-79,18749279,203711,5022,26127,139.3
2020-12-17,80+,6112952,117770,3506,19931,326
2020-12-18,00-04,3988681,26920,524,3028,75.9
2020-12-18,00+,84358845,1455869,31961,169613,201.1
2020-12-18,05-14,7940296,91263,1683,10193,128.4
2020-12-18,15-34,19059537,447909,8398,44791,235
2020-12-18,35-59,28508100,557896,12141,63978,224.4
2020-12-18,60-79,18749279,208887,5176,26892,143.4
2020-12-18,80+,6112952,121787,4017,20652,337.8
2020-12-19,00-04,3988681,27451,531,3058,76.7
2020-12-19,00+,84358845,1485557,29688,172046,203.9
2020-12-19,05-14,7940296,92773,1510,9858,124.2
2020-12-19,15-34,19059537,455769,7860,45324,237.8
2020-12-19,35-59,28508100,569208,11312,65175,228.6
2020-12-19,60-79,18749279,213844,4957,27649,147.5
2020-12-19,80+,6112952,125294,3507,20899,341.9
2020-12-20,00-04,3988681,27862,411,3091,77.5
2020-12-20,00+,84358845,1507283,21726,173149,205.3
2020-12-20,05-14,7940296,93936,1163,9688,122
2020-12-20,15-34,19059537,461161,5392,45306,237.7
2020-12-20,35-59,28508100,577477,8269,65887,231.1
2020-12-20,60-79,18749279,217562,3718,28118,150
2020-12-20,80+,6112952,128061,2767,20980,343.2
2020-12-21,00-04,3988681,28088,226,3080,77.2
2020-12-21,00+,84358845,1521196,13913,174563,206.9
2020-12-21,05-14,7940296,94687,751,9613,121.1
2020-12-21,15-34,19059537,464733,3572,45639,239.5
2020-12-21,35-59,28508100,582621,5144,66533,233.4
2020-12-21,60-79,18749279,219911,2349,28467,151.8
2020-12-21,80+,6112952,129923,1862,21154,346.1
2020-12-22,00-04,3988681,28424,336,3039,76.2
2020-12-22,00+,84358845,1541466,20270,175825,208.4
2020-12-22,05-14,7940296,95685,998,9409,118.5
2020-12-22,15-34,19059537,469859,5126,45695,239.7
2020-12-22,35-59,28508100,590116,7495,67138,235.5
2020-12-22,60-79,18749279,223418,3507,28979,154.6
2020-12-22,80+,6112952,132717,2794,21485,351.5
2020-12-23,00-04,3988681,28874,450,3018,75.7
2020-12-23,00+,84358845,1570403,28937,177860,210.8
2020-12-23,05-14,7940296,96991,1306,9167,115.4
2020-12-23,15-34,19059537,476866,7007,45692,239.7
2020-12-23,35-59,28508100,601502,11386,67939,238.3
2020-12-23,60-79,18749279,228458,5040,29769,158.8
2020-12-23,80+,6112952,136445,3728,22181,362.9
2020-12-24,00-04,3988681,29359,485,2963,74.3
2020-12-24,00+,84358845,1604338,33935,180430,213.9
2020-12-24,05-14,7940296,98517,1526,8937,112.6
2020-12-24,15-34,19059537,485253,8387,45742,240
2020-12-24,35-59,28508100,614781,13279,69026,242.1
2020-12-24,60-79,18749279,234418,5960,30707,163.8
2020-12-24,80+,6112952,140725,4280,22955,375.5
2020-12-25,00-04,3988681,29683,324,2763,69.3
2020-12-25,00+,84358845,1625457,21119,169588,201
2020-12-25,05-14,7940296,99548,1031,8285,104.3
2020-12-25,15-34,19059537,490589,5336,42680,223.9
2020-12-25,35-59,28508100,622957,8176,65061,228.2
2020-12-25,60-79,18749279,238034,3616,29147,155.5
2020-12-25,80+,6112952,143350,2625,21563,352.7
2020-12-26,00-04,3988681,29884,201,2433,61
2020-12-26,00+,84358845,1638604,13147,153047,181.4
2020-12-26,05-14,7940296,100181,633,7408,93.3
2020-12-26,15-34,19059537,493894,3305,38125,200
2020-12-26,35-59,28508100,627925,4968,58717,206
2020-12-26,60-79,18749279,240367,2333,26523,141.5
2020-12-26,80+,6112952,145054,1704,19760,323.2
2020-12-27,00-04,3988681,30047,163,2185,54.8
2020-12-27,00+,84358845,1650154,11550,142871,169.4
2020-12-27,05-14,7940296,100675,494,6739,84.9
2020-12-27,15-34,19059537,496689,2795,35528,186.4
2020-12-27,35-59,28508100,632195,4270,54718,191.9
2020-12-27,60-79,18749279,242448,2081,24886,132.7
2020-12-27,80+,6112952,146797,1743,18736,306.5
2020-12-28,00-04,3988681,30189,142,2101,52.7
2020-12-28,00+,84358845,1659961,9807,138765,164.5
2020-12-28,05-14,7940296,101107,432,6420,80.9
2020-12-28,15-34,19059537,499097,2408,34364,180.3
2020-12-28,35-59,28508100,635690,3495,53069,186.2
2020-12-28,60-79,18749279,244207,1759,24296,129.6
2020-12-28,80+,6112952,148362,1565,18439,301.6
2020-12-29,00-04,3988681,30396,207,1972,49.4
2020-12-29,00+,84358845,1675660,15699,134194,159.1
2020-12-29,05-14,7940296,101637,530,5952,75
2020-12-29,15-34,19059537,503004,3907,33145,173.9
2020-12-29,35-59,28508100,641633,5943,51517,180.7
2020-12-29,60-79,18749279,246994,2787,23576,125.7
2020-12-29,80+,6112952,150680,2318,17963,293.9
2020-12-30,00-04,3988681,30732,336,1858,46.6
2020-12-30,00+,84358845,1703209,27549,132806,157.4
2020-12-30,05-14,7940296,102611,974,5620,70.8
2020-12-30,15-34,19059537,509772,6768,32906,172.6
2020-12-30,35-59,28508100,652391,10758,50889,178.5
2020-12-30,60-79,18749279,251960,4966,23502,125.3
2020-12-30,80+,6112952,154411,3731,17966,293.9
2020-12-31,00-04,3988681,31094,362,1735,43.5
2020-12-31,00+,84358845,1734266,31057,129928,154
2020-12-31,05-14,7940296,103721,1110,5204,65.5
2020-12-31,15-34,19059537,517585,7813,32332,169.6
2020-12-31,35-59,28508100,664216,11825,49435,173.4
2020-12-31,60-79,18749279,257568,5608,23150,123.5
2020-12-31,80+,6112952,158738,4327,18013,294.7
2021-01-01,00-04,3988681,31333,239,1650,41.4
2021-01-01,00+,84358845,1753823,19557,128366,152.2
2021-01-01,05-14,7940296,104521,800,4973,62.6
2021-01-01,15-34,19059537,522748,5163,32159,168.7
2021-01-01,35-59,28508100,671481,7265,48524,170.2
2021-01-01,60-79,18749279,260953,3385,22919,122.2
2021-01-01,80+,6112952,161430,2692,18080,295.8
2021-01-02,00-04,3988681,31486,153,1602,40.2
2021-01-02,00+,84358845,1764067,10244,125463,148.7
2021-01-02,05-14,7940296,104955,434,4774,60.1
2021-01-02,15-34,19059537,525398,2650,31504,165.3
2021-01-02,35-59,28508100,675297,3816,47372,166.2
2021-01-02,60-79,18749279,262774,1821,22407,119.5
2021-01-02,80+,6112952,162798,1368,17744,290.3
2021-01-03,00-04,3988681,31599,113,1552,38.9
2021-01-03,00+,84358845,1774068,10001,123914,146.9
2021-01-03,05-14,7940296,105313,358,4638,58.4
2021-01-03,15-34,19059537,527938,2540,31249,164
2021-01-03,35-59,28508100,678772,3475,46577,163.4
2021-01-03,60-79,18749279,264614,1840,22166,118.2
2021-01-03,80+,6112952,164471,1673,17674,289.1
2021-01-04,00-04,3988681,31709,110,1520,38.1
2021-01-04,00+,84358845,1782892,8824,122931,145.7
2021-01-04,05-14,7940296,105704,391,4597,57.9
2021-01-04,15-34,19059537,530235,2297,31138,163.4
2021-01-04,35-59,28508100,681927,3155,46237,162.2
2021-01-04,60-79,18749279,266172,1558,21965,117.2
2021-01-04,80+,6112952,165781,1310,17419,285
2021-01-05,00-04,3988681,31887,178,1491,37.4
2021-01-05,00+,84358845,1797248,14356,121588,144.1
2021-01-05,05-14,7940296,106225,521,4588,57.8
2021-01-05,15-34,19059537,533988,3753,30984,162.6
2021-01-05,35-59,28508100,687337,5410,45704,160.3
2021-01-05,60-79,18749279,268750,2578,21756,116
2021-01-05,80+,6112952,167693,1912,17013,278.3
2021-01-06,00-04,3988681,32233,346,1501,37.6
2021-01-06,00+,84358845,1824673,27425,121464,144
2021-01-06,05-14,7940296,107242,1017,4631,58.3
2021-01-06,15-34,19059537,541378,7390,31606,165.8
2021-01-06,35-59,28508100,698037,10700,45646,160.1
2021-01-06,60-79,18749279,273400,4650,21440,114.4
2021-01-06,80+,6112952,171006,3313,16595,271.5
2021-01-07,00-04,3988681,32568,335,1474,37
2021-01-07,00+,84358845,1852610,27937,118344,140.3
2021-01-07,05-14,7940296,108286,1044,4565,57.5
2021-01-07,15-34,19059537,549057,7679,31472,165.1
2021-01-07,35-59,28508100,708717,10680,44501,156.1
2021-01-07,60-79,18749279,278192,4792,20624,110
2021-01-07,80+,6112952,174403,3397,15665,256.3
2021-01-08,00-04,3988681,32900,332,1567,39.3
2021-01-08,00+,84358845,1878695,26085,124872,148
2021-01-08,05-14,7940296,109242,956,4721,59.5
2021-01-08,15-34,19059537,556213,7156,33465,175.6
2021-01-08,35-59,28508100,718289,9572,46808,164.2
2021-01-08,60-79,18749279,282728,4536,21775,116.1
2021-01-08,80+,6112952,177932,3529,16502,270
2021-01-09,00-04,3988681,33223,323,1737,43.5
2021-01-09,00+,84358845,1903229,24534,139162,165
2021-01-09,05-14,7940296,110284,1042,5329,67.1
2021-01-09,15-34,19059537,562892,6679,37494,196.7
2021-01-09,35-59,28508100,726965,8676,51668,181.2
2021-01-09,60-79,18749279,287024,4296,24250,129.3
2021-01-09,80+,6112952,181435,3503,18637,304.9
2021-01-10,00-04,3988681,33483,260,1884,47.2
2021-01-10,00+,84358845,1919895,16666,145827,172.9
2021-01-10,05-14,7940296,111030,746,5717,72
2021-01-10,15-34,19059537,567555,4663,39617,207.9
2021-01-10,35-59,28508100,732910,5945,54138,189.9
2021-01-10,60-79,18749279,289821,2797,25207,134.4
2021-01-10,80+,6112952,183688,2253,19217,314.4
2021-01-11,00-04,3988681,33615,132,1906,47.8
2021-01-11,00+,84358845,1928366,8471,145474,172.4
2021-01-11,05-14,7940296,111443,413,5739,72.3
2021-01-11,15-34,19059537,569882,2327,39647,208
2021-01-11,35-59,28508100,735871,2961,53944,189.2
2021-01-11,60-79,18749279,291237,1416,25065,133.7
2021-01-11,80+,6112952,184906,1218,19125,312.9
2021-01-12,00-04,3988681,33793,178,1906,47.8
2021-01-12,00+,84358845,1941859,13493,144611,171.4
2021-01-12,05-14,7940296,111975,532,5750,72.4
2021-01-12,15-34,19059537,573559,3677,39571,207.6
2021-01-12,35-59,28508100,740710,4839,53373,187.2
2021-01-12,60-79,18749279,293572,2335,24822,132.4
2021-01-12,80+,6112952,186822,1916,19129,312.9
2021-01-13,00-04,3988681,34095,302,1862,46.7
2021-01-13,00+,84358845,1964450,22591,139777,165.7
2021-01-13,05-14,7940296,112813,838,5571,70.2
2021-01-13,15-34,19059537,579497,5938,38119,200
2021-01-13,35-59,28508100,749429,8719,51392,180.3
2021-01-13,60-79,18749279,297325,3753,23925,127.6
2021-01-13,80+,6112952,189859,3037,18853,308.4
2021-01-14,00-04,3988681,34426,331,1858,46.6
2021-01-14,00+,84358845,1988557,24107,135947,161.2
2021-01-14,05-14,7940296,113784,971,5498,69.2
2021-01-14,15-34,19059537,586099,6602,37042,194.3
2021-01-14,35-59,28508100,758412,8983,49695,174.3
2021-01-14,60-79,18749279,301186,3861,22994,122.6
2021-01-14,80+,6112952,193212,3353,18809,307.7
2021-01-15,00-04,3988681,34794,368,1894,47.5
2021-01-15,00+,84358845,2008952,20395,130257,154.4
2021-01-15,05-14,7940296,114564,780,5322,67
2021-01-15,15-34,19059537,591464,5365,35251,185
2021-01-15,35-59,28508100,765598,7186,47309,165.9
2021-01-15,60-79,18749279,304669,3483,21941,117
2021-01-15,80+,6112952,196416,3204,18484,302.4
2021-01-16,00-04,3988681,35087,293,1864,46.7
2021-01-16,00+,84358845,2027273,18321,124044,147
2021-01-16,05-14,7940296,115363,799,5079,64
2021-01-16,15-34,19059537,596303,4839,33411,175.3
2021-01-16,35-59,28508100,772159,6561,45194,158.5
2021-01-16,60-79,18749279,307742,3073,20718,110.5
2021-01-16,80+,6112952,199164,2748,17729,290
2021-01-17,00-04,3988681,35342,255,1859,46.6
2021-01-17,00+,84358845,2040701,13428,120806,143.2
2021-01-17,05-14,7940296,116034,671,5004,63
2021-01-17,15-34,19059537,599757,3454,32202,169
2021-01-17,35-59,28508100,776993,4834,44083,154.6
2021-01-17,60-79,18749279,310028,2286,20207,107.8
2021-01-17,80+,6112952,201087,1923,17399,284.6
2021-01-18,00-04,3988681,35468,126,1853,46.5
2021-01-18,00+,84358845,2047294,6593,118928,141
2021-01-18,05-14,7940296,116358,324,4915,61.9
2021-01-18,15-34,19059537,601407,1650,31525,165.4
2021-01-18,35-59,28508100,779274,2281,43403,152.2
2021-01-18,60-79,18749279,311179,1151,19942,106.4
2021-01-18,80+,6112952,202148,1061,17242,282.1
2021-01-19,00-04,3988681,35607,139,1814,45.5
2021-01-19,00+,84358845,2056462,9168,114603,135.9
2021-01-19,05-14,7940296,116714,356,4739,59.7
2021-01-19,15-34,19059537,603761,2354,30202,158.5
2021-01-19,35-59,28508100,782488,3214,41778,146.5
2021-01-19,60-79,18749279,312765,1586,19193,102.4
2021-01-19,80+,6112952,203661,1513,16839,275.5
2021-01-20,00-04,3988681,35882,275,1787,44.8
2021-01-20,00+,84358845,2074927,18465,110477,131
2021-01-20,05-14,7940296,117396,682,4583,57.7
2021-01-20,15-34,19059537,608358,4597,28861,151.4
2021-01-20,35-59,28508100,789655,7167,40226,141.1
2021-01-20,60-79,18749279,315899,3134,18574,99.1
2021-01-20,80+,6112952,206270,2609,16411,268.5
2021-01-21,00-04,3988681,36209,327,1783,44.7
2021-01-21,00+,84358845,2094400,19473,105843,125.5
2021-01-21,05-14,7940296,118181,785,4397,55.4
2021-01-21,15-34,19059537,613319,4961,27220,142.8
2021-01-21,35-59,28508100,797133,7478,38721,135.8
2021-01-21,60-79,18749279,319163,3264,17977,95.9
2021-01-21,80+,6112952,208925,2655,15713,257
2021-01-22,00-04,3988681,36537,328,1743,43.7
2021-01-22,00+,84358845,2111223,16823,102271,121.2
2021-01-22,05-14,7940296,118961,780,4397,55.4
2021-01-22,15-34,19059537,617473,4154,26009,136.5
2021-01-22,35-59,28508100,803288,6155,37690,132.2
2021-01-22,60-79,18749279,322011,2848,17342,92.5
2021-01-22,80+,6112952,211476,2551,15060,246.4
2021-01-23,00-04,3988681,36801,264,1714,43
2021-01-23,00+,84358845,2126257,15034,98984,117.3
2021-01-23,05-14,7940296,119673,712,4310,54.3
2021-01-23,15-34,19059537,621272,3799,24969,131
2021-01-23,35-59,28508100,808845,5557,36686,128.7
2021-01-23,60-79,18749279,324639,2628,16897,90.1
2021-01-23,80+,6112952,213546,2070,14382,235.3
2021-01-24,00-04,3988681,37043,242,1701,42.6
2021-01-24,00+,84358845,2137831,11574,97130,115.1
2021-01-24,05-14,7940296,120251,578,4217,53.1
2021-01-24,15-34,19059537,624221,2949,24464,128.4
2021-01-24,35-59,28508100,813003,4158,36010,126.3
2021-01-24,60-79,18749279,326657,2018,16629,88.7
2021-01-24,80+,6112952,215173,1627,14086,230.4
2021-01-25,00-04,3988681,37168,125,1700,42.6
2021-01-25,00+,84358845,2142845,5014,95551,113.3
2021-01-25,05-14,7940296,120502,251,4144,52.2
2021-01-25,15-34,19059537,625461,1240,24054,126.2
2021-01-25,35-59,28508100,814864,1861,35590,124.8
2021-01-25,60-79,18749279,327506,849,16327,87.1
2021-01-25,80+,6112952,215860,687,13712,224.3
2021-01-26,00-04,3988681,37275,107,1668,41.8
2021-01-26,00+,84358845,2149594,6749,93132,110.4
2021-01-26,05-14,7940296,120736,234,4022,50.7
2021-01-26,15-34,19059537,627132,1671,23371,122.6
2021-01-26,35-59,28508100,817237,2373,34749,121.9
2021-01-26,60-79,18749279,328775,1269,16010,85.4
2021-01-26,80+,6112952,216949,1089,13288,217.4
2021-01-27,00-04,3988681,37531,256,1649,41.3
2021-01-27,00+,84358845,2165111,15517,90184,106.9
2021-01-27,05-14,7940296,121380,644,3984,50.2
2021-01-27,15-34,19059537,630991,3859,22633,118.7
2021-01-27,35-59,28508100,823347,6110,33692,118.2
2021-01-27,60-79,18749279,331458,2683,15559,83
2021-01-27,80+,6112952,218910,1961,12640,206.8
2021-01-28,00-04,3988681,37844,313,1635,41
2021-01-28,00+,84358845,2180927,15816,86527,102.6
2021-01-28,05-14,7940296,122031,651,3850,48.5
2021-01-28,15-34,19059537,634908,3917,21589,113.3
2021-01-28,35-59,28508100,829374,6027,32241,113.1
2021-01-28,60-79,18749279,334181,2723,15018,80.1
2021-01-28,80+,6112952,221091,2181,12166,199
2021-01-29,00-04,3988681,38083,239,1546,38.8
2021-01-29,00+,84358845,2194287,13360,83064,98.5
2021-01-29,05-14,7940296,122612,581,3651,46
2021-01-29,15-34,19059537,638338,3430,20865,109.5
2021-01-29,35-59,28508100,834389,5015,31101,109.1
2021-01-29,60-79,18749279,336509,2328,14498,77.3
2021-01-29,80+,6112952,222858,1767,11382,186.2
2021-01-30,00-04,3988681,38349,266,1548,38.8
2021-01-30,00+,84358845,2206853,12566,80596,95.5
2021-01-30,05-14,7940296,123227,615,3554,44.8
2021-01-30,15-34,19059537,641554,3216,20282,106.4
2021-01-30,35-59,28508100,838983,4594,30138,105.7
2021-01-30,60-79,18749279,338670,2161,14031,74.8
2021-01-30,80+,6112952,224568,1710,11022,180.3
2021-01-31,00-04,3988681,38595,246,1552,38.9
2021-01-31,00+,84358845,2216803,9950,78972,93.6
2021-01-31,05-14,7940296,123774,547,3523,44.4
2021-01-31,15-34,19059537,644188,2634,19967,104.8
2021-01-31,35-59,28508100,842655,3672,29652,104
2021-01-31,60-79,18749279,340375,1705,13718,73.2
2021-01-31,80+,6112952,225712,1144,10539,172.4
2021-02-01,00-04,3988681,38698,103,1530,38.4
2021-02-01,00+,84358845,2221011,4208,78166,92.7
2021-02-01,05-14,7940296,124037,263,3535,44.5
2021-02-01,15-34,19059537,645279,1091,19818,104
2021-02-01,35-59,28508100,844178,1523,29314,102.8
2021-02-01,60-79,18749279,341056,681,13550,72.3
2021-02-01,80+,6112952,226258,546,10398,170.1
2021-02-02,00-04,3988681,38820,122,1545,38.7
2021-02-02,00+,84358845,2226874,5863,77280,91.6
2021-02-02,05-14,7940296,124283,246,3547,44.7
2021-02-02,15-34,19059537,646770,1491,19638,103
2021-02-02,35-59,28508100,846240,2062,29003,101.7
2021-02-02,60-79,18749279,342150,1094,13375,71.3
2021-02-02,80+,6112952,227104,846,10155,166.1
2021-02-03,00-04,3988681,39107,287,1576,39.5
2021-02-03,00+,84358845,2239174,12300,74063,87.8
2021-02-03,05-14,7940296,124831,548,3451,43.5
2021-02-03,15-34,19059537,649894,3124,18903,99.2
2021-02-03,35-59,28508100,851132,4892,27785,97.5
2021-02-03,60-79,18749279,344237,2087,12779,68.2
2021-02-03,80+,6112952,228462,1358,9552,156.3
2021-02-04,00-04,3988681,39384,277,1540,38.6
2021-02-04,00+,84358845,2252592,13418,71665,85
2021-02-04,05-14,7940296,125514,683,3483,43.9
2021-02-04,15-34,19059537,653344,3450,18436,96.7
2021-02-04,35-59,28508100,856298,5166,26924,94.4
2021-02-04,60-79,18749279,346579,2342,12398,66.1
2021-02-04,80+,6112952,229959,1497,8868,145.1
2021-02-05,00-04,3988681,39642,258,1559,39.1
2021-02-05,00+,84358845,2264115,11523,69828,82.8
2021-02-05,05-14,7940296,126112,598,3500,44.1
2021-02-05,15-34,19059537,656270,2926,17932,94.1
2021-02-05,35-59,28508100,860650,4352,26261,92.1
2021-02-05,60-79,18749279,348489,1910,11980,63.9
2021-02-05,80+,6112952,231433,1474,8575,140.3
2021-02-06,00-04,3988681,39890,248,1541,38.6
2021-02-06,00+,84358845,2274134,10019,67281,79.8
2021-02-06,05-14,7940296,126718,606,3491,44
2021-02-06,15-34,19059537,658884,2614,17330,90.9
2021-02-06,35-59,28508100,864283,3633,25300,88.7
2021-02-06,60-79,18749279,350192,1703,11522,61.5
2021-02-06,80+,6112952,232647,1214,8079,132.2
2021-02-07,00-04,3988681,40124,234,1529,38.3
2021-02-07,00+,84358845,2282518,8384,65715,77.9
2021-02-07,05-14,7940296,127189,471,3415,43
2021-02-07,15-34,19059537,661114,2230,16926,88.8
2021-02-07,35-59,28508100,867411,3128,24756,86.8
2021-02-07,60-79,18749279,351592,1400,11217,59.8
2021-02-07,80+,6112952,233563,916,7851,128.4
2021-02-08,00-04,3988681,40212,88,1514,38
2021-02-08,00+,84358845,2285611,3093,64600,76.6
2021-02-08,05-14,7940296,127380,191,3343,42.1
2021-02-08,15-34,19059537,661973,859,16694,87.6
2021-02-08,35-59,28508100,868535,1124,24357,85.4
2021-02-08,60-79,18749279,352078,486,11022,58.8
2021-02-08,80+,6112952,233908,345,7650,125.1
2021-02-09,00-04,3988681,40304,92,1484,37.2
2021-02-09,00+,84358845,2289810,4199,62936,74.6
2021-02-09,05-14,7940296,127554,174,3271,41.2
2021-02-09,15-34,19059537,663083,1110,16313,85.6
2021-02-09,35-59,28508100,870033,1498,23793,83.5
2021-02-09,60-79,18749279,352822,744,10672,56.9
2021-02-09,80+,6112952,234487,579,7383,120.8
2021-02-10,00-04,3988681,40516,212,1409,35.3
2021-02-10,00+,84358845,2298901,9091,59727,70.8
2021-02-10,05-14,7940296,128008,454,3177,40
2021-02-10,15-34,19059537,665566,2483,15672,82.2
2021-02-10,35-59,28508100,873603,3570,22471,78.8
2021-02-10,60-79,18749279,354277,1455,10040,53.5
2021-02-10,80+,6112952,235403,916,6941,113.5
2021-02-11,00-04,3988681,40761,245,1377,34.5
2021-02-11,00+,84358845,2309182,10281,56590,67.1
2021-02-11,05-14,7940296,128540,532,3026,38.1
2021-02-11,15-34,19059537,668217,2651,14873,78
2021-02-11,35-59,28508100,877669,4066,21371,75
2021-02-11,60-79,18749279,355990,1713,9411,50.2
2021-02-11,80+,6112952,236475,1072,6516,106.6
2021-02-12,00-04,3988681,41000,239,1358,34
2021-02-12,00+,84358845,2318551,9369,54436,64.5
2021-02-12,05-14,7940296,129028,488,2916,36.7
2021-02-12,15-34,19059537,670711,2494,14441,75.8
2021-02-12,35-59,28508100,881320,3651,20670,72.5
2021-02-12,60-79,18749279,357553,1563,9064,48.3
2021-02-12,80+,6112952,237409,934,5976,97.8
2021-02-13,00-04,3988681,41240,240,1350,33.8
2021-02-13,00+,84358845,2327087,8536,52953,62.8
2021-02-13,05-14,7940296,129539,511,2821,35.5
2021-02-13,15-34,19059537,673051,2340,14167,74.3
2021-02-13,35-59,28508100,884531,3211,20248,71
2021-02-13,60-79,18749279,358958,1405,8766,46.8
2021-02-13,80+,6112952,238237,828,5590,91.4
2021-02-14,00-04,3988681,41446,206,1322,33.1
2021-02-14,00+,84358845,2332674,5587,50156,59.5
2021-02-14,05-14,7940296,129927,388,2738,34.5
2021-02-14,15-34,19059537,674517,1466,13403,70.3
2021-02-14,35-59,28508100,886594,2063,19183,67.3
2021-02-14,60-79,18749279,359858,900,8266,44.1
2021-02-14,80+,6112952,238800,563,5237,85.7
2021-02-15,00-04,3988681,41556,110,1344,33.7
2021-02-15,00+,84358845,2336435,3761,50824,60.2
2021-02-15,05-14,7940296,130186,259,2806,35.3
2021-02-15,15-34,19059537,675581,1064,13608,71.4
2021-02-15,35-59,28508100,887983,1389,19448,68.2
2021-02-15,60-79,18749279,360447,589,8369,44.6
2021-02-15,80+,6112952,239148,348,5240,85.7
2021-02-16,00-04,3988681,41662,106,1358,34
2021-02-16,00+,84358845,2340824,4389,51014,60.5
2021-02-16,05-14,7940296,130410,224,2856,36
2021-02-16,15-34,19059537,676753,1172,13670,71.7
2021-02-16,35-59,28508100,889590,1607,19557,68.6
2021-02-16,60-79,18749279,361196,749,8374,44.7
2021-02-16,80+,6112952,239679,531,5192,84.9
2021-02-17,00-04,3988681,41858,196,1342,33.6
2021-02-17,00+,84358845,2350055,9231,51154,60.6
2021-02-17,05-14,7940296,130892,482,2884,36.3
2021-02-17,15-34,19059537,679206,2453,13640,71.6
2021-02-17,35-59,28508100,893305,3715,19702,69.1
2021-02-17,60-79,18749279,362762,1566,8485,45.3
2021-02-17,80+,6112952,240495,816,5092,83.3
2021-02-18,00-04,3988681,42110,252,1349,33.8
2021-02-18,00+,84358845,2360048,9993,50866,60.3
2021-02-18,05-14,7940296,131416,524,2876,36.2
2021-02-18,15-34,19059537,681919,2713,13702,71.9
2021-02-18,35-59,28508100,897256,3951,19587,68.7
2021-02-18,60-79,18749279,364378,1616,8388,44.7
2021-02-18,80+,6112952,241432,937,4957,81.1
2021-02-19,00-04,3988681,42353,243,1353,33.9
2021-02-19,00+,84358845,2369258,9210,50707,60.1
2021-02-19,05-14,7940296,131960,544,2932,36.9
2021-02-19,15-34,19059537,684546,2627,13835,72.6
2021-02-19,35-59,28508100,900788,3532,19468,68.3
2021-02-19,60-79,18749279,365903,1525,8350,44.5
2021-02-19,80+,6112952,242169,737,4760,77.9
2021-02-20,00-04,3988681,42585,232,1345,33.7
2021-02-20,00+,84358845,2377972,8714,50885,60.3
2021-02-20,05-14,7940296,132521,561,2982,37.6
2021-02-20,15-34,19059537,687050,2504,13999,73.4
2021-02-20,35-59,28508100,904152,3364,19621,68.8
2021-02-20,60-79,18749279,367264,1361,8306,44.3
2021-02-20,80+,6112952,242861,692,4624,75.6
2021-02-21,00-04,3988681,42827,242,1381,34.6
2021-02-21,00+,84358845,2385741,7769,53067,62.9
2021-02-21,05-14,7940296,133064,543,3137,39.5
2021-02-21,15-34,19059537,689297,2247,14780,77.5
2021-02-21,35-59,28508100,907067,2915,20473,71.8
2021-02-21,60-79,18749279,368526,1262,8668,46.2
2021-02-21,80+,6112952,243420,559,4620,75.6
2021-02-22,00-04,3988681,42932,105,1376,34.5
2021-02-22,00+,84358845,2388763,3022,52328,62
2021-02-22,05-14,7940296,133298,234,3112,39.2
2021-02-22,15-34,19059537,690165,868,14584,76.5
2021-02-22,35-59,28508100,908128,1061,20145,70.7
2021-02-22,60-79,18749279,369041,515,8594,45.8
2021-02-22,80+,6112952,243659,239,4511,73.8
2021-02-23,00-04,3988681,43065,133,1403,35.2
2021-02-23,00+,84358845,2393169,4406,52345,62.1
2021-02-23,05-14,7940296,133551,253,3141,39.6
2021-02-23,15-34,19059537,691310,1145,14557,76.4
2021-02-23,35-59,28508100,909828,1700,20238,71
2021-02-23,60-79,18749279,369768,727,8572,45.7
2021-02-23,80+,6112952,244103,444,4424,72.4
2021-02-24,00-04,3988681,43355,290,1497,37.5
2021-02-24,00+,84358845,2403335,10166,53280,63.2
2021-02-24,05-14,7940296,134122,571,3230,40.7
2021-02-24,15-34,19059537,694075,2765,14869,78
2021-02-24,35-59,28508100,914018,4190,20713,72.7
2021-02-24,60-79,18749279,371416,1648,8654,46.2
2021-02-24,80+,6112952,244802,699,4307,70.5
2021-02-25,00-04,3988681,43688,333,1578,39.6
2021-02-25,00+,84358845,2414641,11306,54593,64.7
2021-02-25,05-14,7940296,134820,698,3404,42.9
2021-02-25,15-34,19059537,697294,3219,15375,80.7
2021-02-25,35-59,28508100,918464,4446,21208,74.4
2021-02-25,60-79,18749279,373250,1834,8872,47.3
2021-02-25,80+,6112952,245577,775,4145,67.8
2021-02-26,00-04,3988681,44035,347,1682,42.2
2021-02-26,00+,84358845,2424540,9899,55282,65.5
2021-02-26,05-14,7940296,135514,694,3554,44.8
2021-02-26,15-34,19059537,700120,2826,15574,81.7
2021-02-26,35-59,28508100,922297,3833,21509,75.4
2021-02-26,60-79,18749279,374794,1544,8891,47.4
2021-02-26,80+,6112952,246227,650,4058,66.4
2021-02-27,00-04,3988681,44359,324,1774,44.5
2021-02-27,00+,84358845,2434008,9468,56036,66.4
2021-02-27,05-14,7940296,136262,748,3741,47.1
2021-02-27,15-34,19059537,702857,2737,15807,82.9
2021-02-27,35-59,28508100,925904,3607,21752,76.3
2021-02-27,60-79,18749279,376250,1456,8986,47.9
2021-02-27,80+,6112952,246823,596,3962,64.8
2021-02-28,00-04,3988681,44673,314,1846,46.3
2021-02-28,00+,84358845,2441668,7660,55927,66.3
2021-02-28,05-14,7940296,136864,602,3800,47.9
2021-02-28,15-34,19059537,705066,2209,15769,82.7
2021-02-28,35-59,28508100,928830,2926,21763,76.3
2021-02-28,60-79,18749279,377412,1162,8886,47.4
2021-02-28,80+,6112952,247268,445,3848,62.9
2021-03-01,00-04,3988681,44822,149,1890,47.4
2021-03-01,00+,84358845,2445120,3452,56357,66.8
2021-03-01,05-14,7940296,137186,322,3888,49
2021-03-01,15-34,19059537,706099,1033,15934,83.6
2021-03-01,35-59,28508100,930091,1261,21963,77
2021-03-01,60-79,18749279,377898,486,8857,47.2
2021-03-01,80+,6112952,247468,200,3809,62.3
2021-03-02,00-04,3988681,45000,178,1935,48.5
2021-03-02,00+,84358845,2449809,4689,56640,67.1
2021-03-02,05-14,7940296,137539,353,3988,50.2
2021-03-02,15-34,19059537,707414,1315,16104,84.5
2021-03-02,35-59,28508100,931841,1750,22013,77.2
2021-03-02,60-79,18749279,378610,712,8842,47.2
2021-03-02,80+,6112952,247847,379,3744,61.2
2021-03-03,00-04,3988681,45370,370,2015,50.5
2021-03-03,00+,84358845,2460778,10969,57443,68.1
2021-03-03,05-14,7940296,138377,838,4255,53.6
2021-03-03,15-34,19059537,710467,3053,16392,86
2021-03-03,35-59,28508100,936330,4489,22312,78.3
2021-03-03,60-79,18749279,380243,1633,8827,47.1
2021-03-03,80+,6112952,248430,583,3628,59.3
2021-03-04,00-04,3988681,45783,413,2095,52.5
2021-03-04,00+,84358845,2472091,11313,57450,68.1
2021-03-04,05-14,7940296,139272,895,4452,56.1
2021-03-04,15-34,19059537,713767,3300,16473,86.4
2021-03-04,35-59,28508100,940779,4449,22315,78.3
2021-03-04,60-79,18749279,381915,1672,8665,46.2
2021-03-04,80+,6112952,249013,583,3436,56.2
2021-03-05,00-04,3988681,46177,394,2142,53.7
2021-03-05,00+,84358845,2482228,10137,57688,68.4
2021-03-05,05-14,7940296,140125,853,4611,58.1
2021-03-05,15-34,19059537,716722,2955,16602,87.1
2021-03-05,35-59,28508100,944729,3950,22432,78.7
2021-03-05,60-79,18749279,383337,1422,8543,45.6
2021-03-05,80+,6112952,249574,561,3347,54.8
2021-03-06,00-04,3988681,46639,462,2280,57.2
2021-03-06,00+,84358845,2491882,9654,57874,68.6
2021-03-06,05-14,7940296,141085,960,4823,60.7
2021-03-06,15-34,19059537,719477,2755,16620,87.2
2021-03-06,35-59,28508100,948404,3675,22500,78.9
2021-03-06,60-79,18749279,384675,1338,8425,44.9
2021-03-06,80+,6112952,250036,462,3213,52.6
2021-03-07,00-04,3988681,47017,378,2344,58.8
2021-03-07,00+,84358845,2500180,8298,58512,69.4
2021-03-07,05-14,7940296,141874,789,5010,63.1
2021-03-07,15-34,19059537,721948,2471,16882,88.6
2021-03-07,35-59,28508100,951581,3177,22751,79.8
2021-03-07,60-79,18749279,385789,1114,8377,44.7
2021-03-07,80+,6112952,250403,367,3135,51.3
2021-03-08,00-04,3988681,47197,180,2375,59.5
2021-03-08,00+,84358845,2503542,3362,58422,69.3
2021-03-08,05-14,7940296,142240,366,5054,63.7
2021-03-08,15-34,19059537,722875,927,16776,88
2021-03-08,35-59,28508100,952835,1254,22744,79.8
2021-03-08,60-79,18749279,386232,443,8334,44.4
2021-03-08,80+,6112952,250593,190,3125,51.1
2021-03-09,00-04,3988681,47359,162,2359,59.1
2021-03-09,00+,84358845,2508392,4850,58583,69.4
2021-03-09,05-14,7940296,142684,444,5145,64.8
2021-03-09,15-34,19059537,724241,1366,16827,88.3
2021-03-09,35-59,28508100,954692,1857,22851,80.2
2021-03-09,60-79,18749279,386954,722,8344,44.5
2021-03-09,80+,6112952,250891,298,3044,49.8
2021-03-10,00-04,3988681,47796,437,2426,60.8
2021-03-10,00+,84358845,2519907,11515,59129,70.1
2021-03-10,05-14,7940296,143645,961,5268,66.3
2021-03-10,15-34,19059537,727488,3247,17021,89.3
2021-03-10,35-59,28508100,959398,4706,23068,80.9
2021-03-10,60-79,18749279,388606,1652,8363,44.6
2021-03-10,80+,6112952,251402,511,2972,48.6
2021-03-11,00-04,3988681,48343,547,2560,64.2
2021-03-11,00+,84358845,2533909,14002,61818,73.3
2021-03-11,05-14,7940296,144795,1150,5523,69.6
2021-03-11,15-34,19059537,731658,4170,17891,93.9
2021-03-11,35-59,28508100,965016,5618,24237,85
2021-03-11,60-79,18749279,390515,1909,8600,45.9
2021-03-11,80+,6112952,252009,607,2996,49
2021-03-12,00-04,3988681,48928,585,2751,69
2021-03-12,00+,84358845,2547072,13163,64844,76.9
2021-03-12,05-14,7940296,146015,1220,5890,74.2
2021-03-12,15-34,19059537,735512,3854,18790,98.6
2021-03-12,35-59,28508100,970154,5138,25425,89.2
2021-03-12,60-79,18749279,392264,1749,8927,47.6
2021-03-12,80+,6112952,252624,615,3050,49.9
2021-03-13,00-04,3988681,49465,537,2826,70.9
2021-03-13,00+,84358845,2559628,12556,67746,80.3
2021-03-13,05-14,7940296,147207,1192,6122,77.1
2021-03-13,15-34,19059537,739311,3799,19834,104.1
2021-03-13,35-59,28508100,975001,4847,26597,93.3
2021-03-13,60-79,18749279,393933,1669,9258,49.4
2021-03-13,80+,6112952,253135,511,3099,50.7
2021-03-14,00-04,3988681,49945,480,2928,73.4
2021-03-14,00+,84358845,2570095,10467,69915,82.9
2021-03-14,05-14,7940296,148255,1048,6381,80.4
2021-03-14,15-34,19059537,742444,3133,20496,107.5
2021-03-14,35-59,28508100,978984,3983,27403,96.1
2021-03-14,60-79,18749279,395293,1360,9504,50.7
2021-03-14,80+,6112952,253596,461,3193,52.2
2021-03-15,00-04,3988681,50202,257,3005,75.3
2021-03-15,00+,84358845,2574930,4835,71388,84.6
2021-03-15,05-14,7940296,148813,558,6573,82.8
2021-03-15,15-34,19059537,743898,1454,21023,110.3
2021-03-15,35-59,28508100,980765,1781,27930,98
2021-03-15,60-79,18749279,395896,603,9664,51.5
2021-03-15,80+,6112952,253777,181,3184,52.1
2021-03-16,00-04,3988681,50495,293,3136,78.6
2021-03-16,00+,84358845,2581782,6852,73390,87
2021-03-16,05-14,7940296,149437,624,6753,85
2021-03-16,15-34,19059537,745910,2012,21669,113.7
2021-03-16,35-59,28508100,983390,2625,28698,100.7
2021-03-16,60-79,18749279,396844,948,9890,52.7
2021-03-16,80+,6112952,254124,347,3233,52.9
2021-03-17,00-04,3988681,51127,632,3331,83.5
2021-03-17,00+,84358845,2597570,15788,77663,92.1
2021-03-17,05-14,7940296,150810,1373,7165,90.2
2021-03-17,15-34,19059537,750449,4539,22961,120.5
2021-03-17,35-59,28508100,989827,6437,30429,106.7
2021-03-17,60-79,18749279,399003,2159,10397,55.5
2021-03-17,80+,6112952,254767,643,3365,55
2021-03-18,00-04,3988681,51914,787,3571,89.5
2021-03-18,00+,84358845,2615929,18359,82020,97.2
2021-03-18,05-14,7940296,152558,1748,7763,97.8
2021-03-18,15-34,19059537,755926,5477,24268,127.3
2021-03-18,35-59,28508100,997052,7225,32036,112.4
2021-03-18,60-79,18749279,401484,2481,10969,58.5
2021-03-18,80+,6112952,255401,634,3392,55.5
2021-03-19,00-04,3988681,52633,719,3705,92.9
2021-03-19,00+,84358845,2632663,16734,85591,101.5
2021-03-19,05-14,7940296,154168,1610,8153,102.7
2021-03-19,15-34,19059537,760913,4987,25401,133.3
2021-03-19,35-59,28508100,1003596,6544,33442,117.3
2021-03-19,60-79,18749279,403733,2249,11469,61.2
2021-03-19,80+,6112952,256015,614,3391,55.5
2021-03-20,00-04,3988681,53348,715,3883,97.4
2021-03-20,00+,84358845,2648365,15702,88737,105.2
2021-03-20,05-14,7940296,155795,1627,8588,108.2
2021-03-20,15-34,19059537,765571,4658,26260,137.8
2021-03-20,35-59,28508100,1009493,5897,34492,121
2021-03-20,60-79,18749279,405925,2192,11992,64
2021-03-20,80+,6112952,256620,605,3485,57
2021-03-21,00-04,3988681,53957,609,4012,100.6
2021-03-21,00+,84358845,2661583,13218,91488,108.5
2021-03-21,05-14,7940296,157172,1377,8917,112.3
2021-03-21,15-34,19059537,769517,3946,27073,142
2021-03-21,35-59,28508100,1014430,4937,35446,124.3
2021-03-21,60-79,18749279,407819,1894,12526,66.8
2021-03-21,80+,6112952,257071,451,3475,56.8
2021-03-22,00-04,3988681,54250,293,4048,101.5
2021-03-22,00+,84358845,2667538,5955,92608,109.8
2021-03-22,05-14,7940296,157781,609,8968,112.9
2021-03-22,15-34,19059537,771244,1727,27346,143.5
2021-03-22,35-59,28508100,1016662,2232,35897,125.9
2021-03-22,60-79,18749279,408667,848,12771,68.1
2021-03-22,80+,6112952,257315,244,3538,57.9
2021-03-23,00-04,3988681,54688,438,4193,105.1
2021-03-23,00+,84358845,2676440,8902,94658,112.2
2021-03-23,05-14,7940296,158759,978,9322,117.4
2021-03-23,15-34,19059537,773797,2553,27887,146.3
2021-03-23,35-59,28508100,1020040,3378,36650,128.6
2021-03-23,60-79,18749279,409819,1152,12975,69.2
2021-03-23,80+,6112952,257713,398,3589,58.7
2021-03-24,00-04,3988681,55437,749,4310,108.1
2021-03-24,00+,84358845,2695890,19450,98320,116.5
2021-03-24,05-14,7940296,160683,1924,9873,124.3
2021-03-24,15-34,19059537,779250,5453,28801,151.1
2021-03-24,35-59,28508100,1027933,7893,38106,133.7
2021-03-24,60-79,18749279,412558,2739,13555,72.3
2021-03-24,80+,6112952,258400,687,3633,59.4
2021-03-25,00-04,3988681,56350,913,4436,111.2
2021-03-25,00+,84358845,2718529,22639,102600,121.6
2021-03-25,05-14,7940296,163050,2367,10492,132.1
2021-03-25,15-34,19059537,785913,6663,29987,157.3
2021-03-25,35-59,28508100,1036918,8985,39866,139.8
2021-03-25,60-79,18749279,415503,2945,14019,74.8
2021-03-25,80+,6112952,259158,758,3757,61.5
2021-03-26,00-04,3988681,57267,917,4634,116.2
2021-03-26,00+,84358845,2740439,21910,107776,127.8
2021-03-26,05-14,7940296,165415,2365,11247,141.6
2021-03-26,15-34,19059537,792463,6550,31550,165.5
2021-03-26,35-59,28508100,1045323,8405,41727,146.4
2021-03-26,60-79,18749279,418427,2924,14694,78.4
2021-03-26,80+,6112952,259887,729,3872,63.3
2021-03-27,00-04,3988681,58208,941,4860,121.8
2021-03-27,00+,84358845,2760479,20040,112114,132.9
2021-03-27,05-14,7940296,167586,2171,11791,148.5
2021-03-27,15-34,19059537,798423,5960,32852,172.4
2021-03-27,35-59,28508100,1052989,7666,43496,152.6
2021-03-27,60-79,18749279,421050,2623,15125,80.7
2021-03-27,80+,6112952,260558,671,3938,64.4
2021-03-28,00-04,3988681,58945,737,4988,125.1
2021-03-28,00+,84358845,2776262,15783,114679,135.9
2021-03-28,05-14,7940296,169424,1838,12252,154.3
2021-03-28,15-34,19059537,802980,4557,33463,175.6
2021-03-28,35-59,28508100,1058973,5984,44543,156.2
2021-03-28,60-79,18749279,423165,2115,15346,81.8
2021-03-28,80+,6112952,261102,544,4031,65.9
2021-03-29,00-04,3988681,59279,334,5029,126.1
2021-03-29,00+,84358845,2783844,7582,116306,137.9
2021-03-29,05-14,7940296,170236,812,12455,156.9
2021-03-29,15-34,19059537,805260,2280,34016,178.5
2021-03-29,35-59,28508100,1061831,2858,45169,158.4
2021-03-29,60-79,18749279,424188,1023,15521,82.8
2021-03-29,80+,6112952,261372,270,4057,66.4
2021-03-30,00-04,3988681,59756,477,5068,127.1
2021-03-30,00+,84358845,2794848,11004,118408,140.4
2021-03-30,05-14,7940296,171288,1052,12529,157.8
2021-03-30,15-34,19059537,808451,3191,34654,181.8
2021-03-30,35-59,28508100,1066129,4298,46089,161.7
2021-03-30,60-79,18749279,425737,1549,15918,84.9
2021-03-30,80+,6112952,261808,436,4095,67
2021-03-31,00-04,3988681,60504,748,5067,127
2021-03-31,00+,84358845,2815236,20388,119346,141.5
2021-03-31,05-14,7940296,172999,1711,12316,155.1
2021-03-31,15-34,19059537,814443,5992,35193,184.6
2021-03-31,35-59,28508100,1074483,8354,46550,163.3
2021-03-31,60-79,18749279,428650,2913,16092,85.8
2021-03-31,80+,6112952,262473,665,4073,66.6
2021-04-01,00-04,3988681,61401,897,5051,126.6
2021-04-01,00+,84358845,2839219,23983,120690,143.1
2021-04-01,05-14,7940296,175154,2155,12104,152.4
2021-04-01,15-34,19059537,821573,7130,35660,187.1
2021-04-01,35-59,28508100,1084140,9657,47222,165.6
2021-04-01,60-79,18749279,431998,3348,16495,88
2021-04-01,80+,6112952,263262,789,4104,67.1
2021-04-02,00-04,3988681,62280,879,5013,125.7
2021-04-02,00+,84358845,2860632,21413,120193,142.5
2021-04-02,05-14,7940296,177105,1951,11690,147.2
2021-04-02,15-34,19059537,828067,6494,35604,186.8
2021-04-02,35-59,28508100,1092513,8373,47190,165.5
2021-04-02,60-79,18749279,435008,3010,16581,88.4
2021-04-02,80+,6112952,263951,689,4064,66.5
2021-04-03,00-04,3988681,63008,728,4800,120.3
2021-04-03,00+,84358845,2876109,15477,115630,137.1
2021-04-03,05-14,7940296,178591,1486,11005,138.6
2021-04-03,15-34,19059537,832705,4638,34282,179.9
2021-04-03,35-59,28508100,1098463,5950,45474,159.5
2021-04-03,60-79,18749279,437166,2158,16116,86
2021-04-03,80+,6112952,264456,505,3898,63.8
2021-04-04,00-04,3988681,63491,483,4546,114
2021-04-04,00+,84358845,2886708,10599,110446,130.9
2021-04-04,05-14,7940296,179602,1011,10178,128.2
2021-04-04,15-34,19059537,836008,3303,33028,173.3
2021-04-04,35-59,28508100,1102382,3919,43409,152.3
2021-04-04,60-79,18749279,438663,1497,15498,82.7
2021-04-04,80+,6112952,264838,382,3736,61.1
2021-04-05,00-04,3988681,63748,257,4469,112
2021-04-05,00+,84358845,2893850,7142,110006,130.4
2021-04-05,05-14,7940296,180269,667,10033,126.4
2021-04-05,15-34,19059537,838217,2209,32957,172.9
2021-04-05,35-59,28508100,1105191,2809,43360,152.1
2021-04-05,60-79,18749279,439627,964,15439,82.3
2021-04-05,80+,6112952,265073,235,3701,60.5
2021-04-06,00-04,3988681,64014,266,4258,106.8
2021-04-06,00+,84358845,2900869,7019,106021,125.7
2021-04-06,05-14,7940296,180908,639,9620,121.2
2021-04-06,15-34,19059537,840328,2111,31877,167.2
2021-04-06,35-59,28508100,1107864,2673,41735,146.4
2021-04-06,60-79,18749279,440678,1051,14941,79.7
2021-04-06,80+,6112952,265348,275,3540,57.9
2021-04-07,00-04,3988681,64406,392,3902,97.8
2021-04-07,00+,84358845,2912366,11497,97130,115.1
2021-04-07,05-14,7940296,181817,909,8818,111.1
2021-04-07,15-34,19059537,843746,3418,29303,153.7
2021-04-07,35-59,28508100,1112482,4618,37999,133.3
2021-04-07,60-79,18749279,442345,1667,13695,73
2021-04-07,80+,6112952,265838,490,3365,55
2021-04-08,00-04,3988681,65083,677,3682,92.3
2021-04-08,00+,84358845,2936090,23724,96871,114.8
2021-04-08,05-14,7940296,183568,1751,8414,106
2021-04-08,15-34,19059537,850875,7129,29302,153.7
2021-04-08,35-59,28508100,1122520,10038,38380,134.6
2021-04-08,60-79,18749279,445779,3434,13781,73.5
2021-04-08,80+,6112952,266518,680,3256,53.3
2021-04-09,00-04,3988681,65913,830,3633,91.1
2021-04-09,00+,84358845,2961843,25753,101211,120
2021-04-09,05-14,7940296,185577,2009,8472,106.7
2021-04-09,15-34,19059537,858856,7981,30789,161.5
2021-04-09,35-59,28508100,1132984,10464,40471,142
2021-04-09,60-79,18749279,449437,3658,14429,77
2021-04-09,80+,6112952,267324,806,3373,55.2
2021-04-10,00-04,3988681,66761,848,3753,94.1
2021-04-10,00+,84358845,2985133,23290,109024,129.2
2021-04-10,05-14,7940296,187520,1943,8929,112.5
2021-04-10,15-34,19059537,866248,7392,33543,176
2021-04-10,35-59,28508100,1142093,9109,43630,153
2021-04-10,60-79,18749279,452731,3294,15565,83
2021-04-10,80+,6112952,268021,697,3565,58.3
2021-04-11,00-04,3988681,67415,654,3924,98.4
2021-04-11,00+,84358845,3003186,18053,116478,138.1
2021-04-11,05-14,7940296,189282,1762,9680,121.9
2021-04-11,15-34,19059537,872055,5807,36047,189.1
2021-04-11,35-59,28508100,1148930,6837,46548,163.3
2021-04-11,60-79,18749279,455171,2440,16508,88
2021-04-11,80+,6112952,268550,529,3712,60.7
2021-04-12,00-04,3988681,67776,361,4028,101
2021-04-12,00+,84358845,3012036,8850,118186,140.1
2021-04-12,05-14,7940296,190140,858,9871,124.3
2021-04-12,15-34,19059537,874866,2811,36649,192.3
2021-04-12,35-59,28508100,1152339,3409,47148,165.4
2021-04-12,60-79,18749279,456308,1137,16681,89
2021-04-12,80+,6112952,268821,271,3748,61.3
2021-04-13,00-04,3988681,68146,370,4132,103.6
2021-04-13,00+,84358845,3024152,12116,123283,146.1
2021-04-13,05-14,7940296,191222,1082,10314,129.9
2021-04-13,15-34,19059537,878776,3910,38448,201.7
2021-04-13,35-59,28508100,1156963,4624,49099,172.2
2021-04-13,60-79,18749279,458011,1703,17333,92.4
2021-04-13,80+,6112952,269242,421,3894,63.7
2021-04-14,00-04,3988681,68975,829,4569,114.5
2021-04-14,00+,84358845,3050876,26724,138510,164.2
2021-04-14,05-14,7940296,193779,2557,11962,150.6
2021-04-14,15-34,19059537,887133,8357,43387,227.6
2021-04-14,35-59,28508100,1167516,10553,55034,193
2021-04-14,60-79,18749279,461682,3671,19337,103.1
2021-04-14,80+,6112952,269991,749,4153,67.9
2021-04-15,00-04,3988681,69949,974,4866,122
2021-04-15,00+,84358845,3079426,28550,143336,169.9
2021-04-15,05-14,7940296,196646,2867,13078,164.7
2021-04-15,15-34,19059537,896326,9193,45451,238.5
2021-04-15,35-59,28508100,1178428,10912,55908,196.1
2021-04-15,60-79,18749279,465490,3808,19711,105.1
2021-04-15,80+,6112952,270781,790,4263,69.7
2021-04-16,00-04,3988681,70854,905,4941,123.9
2021-04-16,00+,84358845,3104487,25061,142644,169.1
2021-04-16,05-14,7940296,199417,2771,13840,174.3
2021-04-16,15-34,19059537,904510,8184,45654,239.5
2021-04-16,35-59,28508100,1187677,9249,54693,191.9
2021-04-16,60-79,18749279,468664,3174,19227,102.5
2021-04-16,80+,6112952,271552,771,4228,69.2
2021-04-17,00-04,3988681,71753,899,4992,125.2
2021-04-17,00+,84358845,3127564,23077,142431,168.8
2021-04-17,05-14,7940296,201951,2534,14431,181.7
2021-04-17,15-34,19059537,911884,7374,45636,239.4
2021-04-17,35-59,28508100,1196279,8602,54186,190.1
2021-04-17,60-79,18749279,471637,2973,18906,100.8
2021-04-17,80+,6112952,272236,684,4215,69
2021-04-18,00-04,3988681,72509,756,5094,127.7
2021-04-18,00+,84358845,3145248,17684,142062,168.4
2021-04-18,05-14,7940296,203854,1903,14572,183.5
2021-04-18,15-34,19059537,917410,5526,45355,238
2021-04-18,35-59,28508100,1202944,6665,54014,189.5
2021-04-18,60-79,18749279,473957,2320,18786,100.2
2021-04-18,80+,6112952,272748,512,4198,68.7
2021-04-19,00-04,3988681,72862,353,5086,127.5
2021-04-19,00+,84358845,3154049,8801,142013,168.3
2021-04-19,05-14,7940296,204801,947,14661,184.6
2021-04-19,15-34,19059537,920132,2722,45266,237.5
2021-04-19,35-59,28508100,1206264,3320,53925,189.2
2021-04-19,60-79,18749279,475129,1172,18821,100.4
2021-04-19,80+,6112952,273033,285,4212,68.9
2021-04-20,00-04,3988681,73269,407,5123,128.4
2021-04-20,00+,84358845,3166347,12298,142195,168.6
2021-04-20,05-14,7940296,206123,1322,14901,187.7
2021-04-20,15-34,19059537,923881,3749,45105,236.7
2021-04-20,35-59,28508100,1210951,4687,53988,189.4
2021-04-20,60-79,18749279,476781,1652,18770,100.1
2021-04-20,80+,6112952,273509,476,4267,69.8
2021-04-21,00-04,3988681,74233,964,5258,131.8
2021-04-21,00+,84358845,3194313,27966,143437,170
2021-04-21,05-14,7940296,209280,3157,15501,195.2
2021-04-21,15-34,19059537,932300,8419,45167,237
2021-04-21,35-59,28508100,1222121,11170,54605,191.5
2021-04-21,60-79,18749279,480330,3549,18648,99.5
2021-04-21,80+,6112952,274198,689,4207,68.8
2021-04-22,00-04,3988681,75304,1071,5355,134.3
2021-04-22,00+,84358845,3223685,29372,144259,171
2021-04-22,05-14,7940296,212783,3503,16137,203.2
2021-04-22,15-34,19059537,941321,9021,44995,236.1
2021-04-22,35-59,28508100,1233455,11334,55027,193
2021-04-22,60-79,18749279,483986,3656,18496,98.6
2021-04-22,80+,6112952,274980,782,4199,68.7
2021-04-23,00-04,3988681,76307,1003,5453,136.7
2021-04-23,00+,84358845,3249114,25429,144627,171.4
2021-04-23,05-14,7940296,215871,3088,16454,207.2
2021-04-23,15-34,19059537,949150,7829,44640,234.2
2021-04-23,35-59,28508100,1243158,9703,55481,194.6
2021-04-23,60-79,18749279,487082,3096,18418,98.2
2021-04-23,80+,6112952,275677,697,4125,67.5
2021-04-24,00-04,3988681,77235,928,5482,137.4
2021-04-24,00+,84358845,3272075,22961,144511,171.3
2021-04-24,05-14,7940296,218703,2832,16752,211
2021-04-24,15-34,19059537,956203,7053,44319,232.5
2021-04-24,35-59,28508100,1251763,8605,55484,194.6
2021-04-24,60-79,18749279,490010,2928,18373,98
2021-04-24,80+,6112952,276279,602,4043,66.1
2021-04-25,00-04,3988681,78060,825,5551,139.2
2021-04-25,00+,84358845,3290068,17993,144820,171.7
2021-04-25,05-14,7940296,220913,2210,17059,214.8
2021-04-25,15-34,19059537,961655,5452,44245,232.1
2021-04-25,35-59,28508100,1258444,6681,55500,194.7
2021-04-25,60-79,18749279,492301,2291,18344,97.8
2021-04-25,80+,6112952,276788,509,4040,66.1
2021-04-26,00-04,3988681,78442,382,5580,139.9
2021-04-26,00+,84358845,3298731,8663,144682,171.5
2021-04-26,05-14,7940296,221958,1045,17157,216.1
2021-04-26,15-34,19059537,964367,2712,44235,232.1
2021-04-26,35-59,28508100,1261668,3224,55404,194.3
2021-04-26,60-79,18749279,493356,1055,18227,97.2
2021-04-26,80+,6112952,277031,243,3998,65.4
2021-04-27,00-04,3988681,78952,510,5683,142.5
2021-04-27,00+,84358845,3310915,12184,144568,171.4
2021-04-27,05-14,7940296,223304,1346,17181,216.4
2021-04-27,15-34,19059537,968144,3777,44263,232.2
2021-04-27,35-59,28508100,1266252,4584,55301,194
2021-04-27,60-79,18749279,494919,1563,18138,96.7
2021-04-27,80+,6112952,277434,403,3925,64.2
2021-04-28,00-04,3988681,79869,917,5636,141.3
2021-04-28,00+,84358845,3336167,25252,141854,168.2
2021-04-28,05-14,7940296,225906,2602,16626,209.4
2021-04-28,15-34,19059537,975688,7544,43388,227.6
2021-04-28,35-59,28508100,1276658,10406,54537,191.3
2021-04-28,60-79,18749279,498155,3236,17825,95.1
2021-04-28,80+,6112952,277964,530,3766,61.6
2021-04-29,00-04,3988681,80847,978,5543,139
2021-04-29,00+,84358845,3361167,25000,137482,163
2021-04-29,05-14,7940296,228666,2760,15883,200
2021-04-29,15-34,19059537,983195,7507,41874,219.7
2021-04-29,35-59,28508100,1286670,10012,53215,186.7
2021-04-29,60-79,18749279,501272,3117,17286,92.2
2021-04-29,80+,6112952,278579,615,3599,58.9
2021-04-30,00-04,3988681,81727,880,5420,135.9
2021-04-30,00+,84358845,3382565,21398,133451,158.2
2021-04-30,05-14,7940296,231154,2488,15283,192.5
2021-04-30,15-34,19059537,989889,6694,40739,213.7
2021-04-30,35-59,28508100,1294766,8096,51608,181
2021-04-30,60-79,18749279,503926,2654,16844,89.8
2021-04-30,80+,6112952,279157,578,3480,56.9
2021-05-01,00-04,3988681,82558,831,5323,133.5
2021-05-01,00+,84358845,3401721,19156,129646,153.7
2021-05-01,05-14,7940296,233412,2258,14709,185.2
2021-05-01,15-34,19059537,995675,5786,39472,207.1
2021-05-01,35-59,28508100,1302079,7313,50316,176.5
2021-05-01,60-79,18749279,506370,2444,16360,87.3
2021-05-01,80+,6112952,279671,514,3392,55.5
2021-05-02,00-04,3988681,83208,650,5148,129.1
2021-05-02,00+,84358845,3416764,15043,126696,150.2
2021-05-02,05-14,7940296,235179,1767,14266,179.7
2021-05-02,15-34,19059537,1000240,4565,38585,202.4
2021-05-02,35-59,28508100,1307807,5728,49363,173.2
2021-05-02,60-79,18749279,508297,1927,15996,85.3
2021-05-02,80+,6112952,280066,395,3278,53.6
2021-05-03,00-04,3988681,83493,285,5051,126.6
2021-05-03,00+,84358845,3423412,6648,124681,147.8
2021-05-03,05-14,7940296,235996,817,14038,176.8
2021-05-03,15-34,19059537,1002279,2039,37912,198.9
2021-05-03,35-59,28508100,1310328,2521,48660,170.7
2021-05-03,60-79,18749279,509107,810,15751,84
2021-05-03,80+,6112952,280241,175,3210,52.5
2021-05-04,00-04,3988681,83831,338,4879,122.3
2021-05-04,00+,84358845,3432521,9109,121606,144.2
2021-05-04,05-14,7940296,236964,968,13660,172
2021-05-04,15-34,19059537,1005102,2823,36958,193.9
2021-05-04,35-59,28508100,1313802,3474,47550,166.8
2021-05-04,60-79,18749279,510325,1218,15406,82.2
2021-05-04,80+,6112952,280525,284,3091,50.6
2021-05-05,00-04,3988681,84610,779,4741,118.9
2021-05-05,00+,84358845,3453488,20967,117321,139.1
2021-05-05,05-14,7940296,239262,2298,13356,168.2
2021-05-05,15-34,19059537,1011223,6121,35535,186.4
2021-05-05,35-59,28508100,1322283,8481,45625,160
2021-05-05,60-79,18749279,513045,2720,14890,79.4
2021-05-05,80+,6112952,281088,563,3124,51.1
2021-05-06,00-04,3988681,85402,792,4555,114.2
2021-05-06,00+,84358845,3474329,20841,113162,134.1
2021-05-06,05-14,7940296,241643,2381,12977,163.4
2021-05-06,15-34,19059537,1017500,6277,34305,180
2021-05-06,35-59,28508100,1330510,8227,43840,153.8
2021-05-06,60-79,18749279,515671,2626,14399,76.8
2021-05-06,80+,6112952,281616,528,3037,49.7
2021-05-07,00-04,3988681,86097,695,4370,109.6
2021-05-07,00+,84358845,3491475,17146,108910,129.1
2021-05-07,05-14,7940296,243679,2036,12525,157.7
2021-05-07,15-34,19059537,1022762,5262,32873,172.5
2021-05-07,35-59,28508100,1337017,6507,42251,148.2
2021-05-07,60-79,18749279,517818,2147,13892,74.1
2021-05-07,80+,6112952,282099,483,2942,48.1
2021-05-08,00-04,3988681,86745,648,4187,105
2021-05-08,00+,84358845,3506939,15464,105218,124.7
2021-05-08,05-14,7940296,245555,1876,12143,152.9
2021-05-08,15-34,19059537,1027545,4783,31870,167.2
2021-05-08,35-59,28508100,1342795,5778,40716,142.8
2021-05-08,60-79,18749279,519775,1957,13405,71.5
2021-05-08,80+,6112952,282519,420,2848,46.6
2021-05-09,00-04,3988681,87354,609,4146,103.9
2021-05-09,00+,84358845,3518948,12009,102184,121.1
2021-05-09,05-14,7940296,247061,1506,11882,149.6
2021-05-09,15-34,19059537,1031148,3603,30908,162.2
2021-05-09,35-59,28508100,1347306,4511,39499,138.6
2021-05-09,60-79,18749279,521248,1473,12951,69.1
2021-05-09,80+,6112952,282822,303,2756,45.1
2021-05-10,00-04,3988681,87605,251,4112,103.1
2021-05-10,00+,84358845,3524265,5317,100853,119.6
2021-05-10,05-14,7940296,247683,622,11687,147.2
2021-05-10,15-34,19059537,1032846,1698,30567,160.4
2021-05-10,35-59,28508100,1349255,1949,38927,136.5
2021-05-10,60-79,18749279,521877,629,12770,68.1
2021-05-10,80+,6112952,282989,167,2748,45
2021-05-11,00-04,3988681,87864,259,4033,101.1
2021-05-11,00+,84358845,3531651,7386,99130,117.5
2021-05-11,05-14,7940296,248540,857,11576,145.8
2021-05-11,15-34,19059537,1035155,2309,30053,157.7
2021-05-11,35-59,28508100,1352036,2781,38234,134.1
2021-05-11,60-79,18749279,522827,950,12502,66.7
2021-05-11,80+,6112952,283217,228,2692,44
2021-05-12,00-04,3988681,88507,643,3897,97.7
2021-05-12,00+,84358845,3548394,16743,94906,112.5
2021-05-12,05-14,7940296,250472,1932,11210,141.2
2021-05-12,15-34,19059537,1040223,5068,29000,152.2
2021-05-12,35-59,28508100,1358665,6629,36382,127.6
2021-05-12,60-79,18749279,524888,2061,11843,63.2
2021-05-12,80+,6112952,283624,407,2536,41.5
2021-05-13,00-04,3988681,89199,692,3797,95.2
2021-05-13,00+,84358845,3564853,16459,90524,107.3
2021-05-13,05-14,7940296,252551,2079,10908,137.4
2021-05-13,15-34,19059537,1045199,4976,27699,145.3
2021-05-13,35-59,28508100,1364860,6195,34350,120.5
2021-05-13,60-79,18749279,527002,2114,11331,60.4
2021-05-13,80+,6112952,284026,402,2410,39.4
2021-05-14,00-04,3988681,89669,470,3572,89.6
2021-05-14,00+,84358845,3574515,9662,83040,98.4
2021-05-14,05-14,7940296,253817,1266,10138,127.7
2021-05-14,15-34,19059537,1048107,2908,25345,133
2021-05-14,35-59,28508100,1368414,3554,31397,110.1
2021-05-14,60-79,18749279,528195,1193,10377,55.3
2021-05-14,80+,6112952,284295,269,2196,35.9
2021-05-15,00-04,3988681,90035,366,3290,82.5
2021-05-15,00+,84358845,3582146,7631,75207,89.2
2021-05-15,05-14,7940296,254825,1008,9270,116.7
2021-05-15,15-34,19059537,1050498,2391,22953,120.4
2021-05-15,35-59,28508100,1371205,2791,28410,99.7
2021-05-15,60-79,18749279,529048,853,9273,49.5
2021-05-15,80+,6112952,284514,219,1995,32.6
2021-05-16,00-04,3988681,90388,353,3034,76.1
2021-05-16,00+,84358845,3590740,8594,71792,85.1
2021-05-16,05-14,7940296,255854,1029,8793,110.7
2021-05-16,15-34,19059537,1053067,2569,21919,115
2021-05-16,35-59,28508100,1374472,3267,27166,95.3
2021-05-16,60-79,18749279,530154,1106,8906,47.5
2021-05-16,80+,6112952,284773,259,1951,31.9
2021-05-17,00-04,3988681,90571,183,2966,74.4
2021-05-17,00+,84358845,3595011,4271,70746,83.9
2021-05-17,05-14,7940296,256366,512,8683,109.4
2021-05-17,15-34,19059537,1054383,1316,21537,113
2021-05-17,35-59,28508100,1376069,1597,26814,94.1
2021-05-17,60-79,18749279,530655,501,8778,46.8
2021-05-17,80+,6112952,284933,160,1944,31.8
2021-05-18,00-04,3988681,90762,191,2898,72.7
2021-05-18,00+,84358845,3600255,5244,68604,81.3
2021-05-18,05-14,7940296,256995,629,8455,106.5
2021-05-18,15-34,19059537,1056000,1617,20845,109.4
2021-05-18,35-59,28508100,1378042,1973,26006,91.2
2021-05-18,60-79,18749279,531316,661,8489,45.3
2021-05-18,80+,6112952,285105,172,1888,30.9
2021-05-19,00-04,3988681,91256,494,2749,68.9
2021-05-19,00+,84358845,3612566,12311,64172,76.1
2021-05-19,05-14,7940296,258542,1547,8070,101.6
2021-05-19,15-34,19059537,1059752,3752,19529,102.5
2021-05-19,35-59,28508100,1382818,4776,24153,84.7
2021-05-19,60-79,18749279,532785,1469,7897,42.1
2021-05-19,80+,6112952,285377,272,1753,28.7
2021-05-20,00-04,3988681,91710,454,2511,63
2021-05-20,00+,84358845,3623864,11298,59011,70
2021-05-20,05-14,7940296,260076,1534,7525,94.8
2021-05-20,15-34,19059537,1063268,3516,18069,94.8
2021-05-20,35-59,28508100,1386925,4107,22065,77.4
2021-05-20,60-79,18749279,534146,1361,7144,38.1
2021-05-20,80+,6112952,285701,324,1675,27.4
2021-05-21,00-04,3988681,92084,374,2415,60.5
2021-05-21,00+,84358845,3632286,8422,57771,68.5
2021-05-21,05-14,7940296,261258,1182,7441,93.7
2021-05-21,15-34,19059537,1065977,2709,17870,93.8
2021-05-21,35-59,28508100,1389876,2951,21462,75.3
2021-05-21,60-79,18749279,535133,987,6938,37
2021-05-21,80+,6112952,285919,218,1624,26.6
2021-05-22,00-04,3988681,92468,384,2433,61
2021-05-22,00+,84358845,3639862,7576,57716,68.4
2021-05-22,05-14,7940296,262450,1192,7625,96
2021-05-22,15-34,19059537,1068419,2442,17921,94
2021-05-22,35-59,28508100,1392424,2548,21219,74.4
2021-05-22,60-79,18749279,535912,779,6864,36.6
2021-05-22,80+,6112952,286147,228,1633,26.7
2021-05-23,00-04,3988681,92765,297,2377,59.6
2021-05-23,00+,84358845,3645681,5819,54941,65.1
2021-05-23,05-14,7940296,263286,836,7432,93.6
2021-05-23,15-34,19059537,1070275,1856,17208,90.3
2021-05-23,35-59,28508100,1394472,2048,20000,70.2
2021-05-23,60-79,18749279,536563,651,6409,34.2
2021-05-23,80+,6112952,286277,130,1504,24.6
2021-05-24,00-04,3988681,92870,105,2299,57.6
2021-05-24,00+,84358845,3647683,2002,52672,62.4
2021-05-24,05-14,7940296,263539,253,7173,90.3
2021-05-24,15-34,19059537,1070932,657,16549,86.8
2021-05-24,35-59,28508100,1395187,715,19118,67.1
2021-05-24,60-79,18749279,536772,209,6117,32.6
2021-05-24,80+,6112952,286340,63,1407,23
2021-05-25,00-04,3988681,92952,82,2190,54.9
2021-05-25,00+,84358845,3649482,1799,49227,58.4
2021-05-25,05-14,7940296,263786,247,6791,85.5
2021-05-25,15-34,19059537,1071518,586,15518,81.4
2021-05-25,35-59,28508100,1395818,631,17776,62.4
2021-05-25,60-79,18749279,536977,205,5661,30.2
2021-05-25,80+,6112952,286387,47,1282,21
2021-05-26,00-04,3988681,93098,146,1842,46.2
2021-05-26,00+,84358845,3653149,3667,40583,48.1
2021-05-26,05-14,7940296,264270,484,5728,72.1
2021-05-26,15-34,19059537,1072744,1226,12992,68.2
2021-05-26,35-59,28508100,1397134,1316,14316,50.2
2021-05-26,60-79,18749279,537363,386,4578,24.4
2021-05-26,80+,6112952,286495,108,1118,18.3
2021-05-27,00-04,3988681,93390,292,1680,42.1
2021-05-27,00+,84358845,3660294,7145,36430,43.2
2021-05-27,05-14,7940296,265145,875,5069,63.8
2021-05-27,15-34,19059537,1075080,2336,11812,62
2021-05-27,35-59,28508100,1399836,2702,12911,45.3
2021-05-27,60-79,18749279,538126,763,3980,21.2
2021-05-27,80+,6112952,286671,176,970,15.9
2021-05-28,00-04,3988681,93726,336,1642,41.2
2021-05-28,00+,84358845,3667084,6790,34798,41.2
2021-05-28,05-14,7940296,266066,921,4808,60.6
2021-05-28,15-34,19059537,1077267,2187,11290,59.2
2021-05-28,35-59,28508100,1402292,2456,12416,43.6
2021-05-28,60-79,18749279,538817,691,3684,19.6
2021-05-28,80+,6112952,286869,198,950,15.5
2021-05-29,00-04,3988681,93978,252,1510,37.9
2021-05-29,00+,84358845,3672258,5174,32396,38.4
2021-05-29,05-14,7940296,266820,754,4370,55
2021-05-29,15-34,19059537,1079040,1773,10621,55.7
2021-05-29,35-59,28508100,1404060,1768,11636,40.8
2021-05-29,60-79,18749279,539321,504,3409,18.2
2021-05-29,80+,6112952,286992,123,845,13.8
2021-05-30,00-04,3988681,94180,202,1415,35.5
2021-05-30,00+,84358845,3675949,3691,30268,35.9
2021-05-30,05-14,7940296,267354,534,4068,51.2
2021-05-30,15-34,19059537,1080216,1176,9941,52.2
2021-05-30,35-59,28508100,1405358,1298,10886,38.2
2021-05-30,60-79,18749279,539710,389,3147,16.8
2021-05-30,80+,6112952,287082,90,805,13.2
2021-05-31,00-04,3988681,94279,99,1409,35.3
2021-05-31,00+,84358845,3677556,1607,29873,35.4
2021-05-31,05-14,7940296,267585,231,4046,51
2021-05-31,15-34,19059537,1080775,559,9843,51.6
2021-05-31,35-59,28508100,1405878,520,10691,37.5
2021-05-31,60-79,18749279,539872,162,3100,16.5
2021-05-31,80+,6112952,287117,35,777,12.7
2021-06-01,00-04,3988681,94393,114,1441,36.1
2021-06-01,00+,84358845,3679994,2438,30512,36.2
2021-06-01,05-14,7940296,267915,330,4129,52
2021-06-01,15-34,19059537,1081606,831,10088,52.9
2021-06-01,35-59,28508100,1406727,849,10909,38.3
2021-06-01,60-79,18749279,540119,247,3142,16.8
2021-06-01,80+,6112952,287184,67,797,13
2021-06-02,00-04,3988681,94626,233,1528,38.3
2021-06-02,00+,84358845,3685098,5104,31949,37.9
2021-06-02,05-14,7940296,268682,767,4412,55.6
2021-06-02,15-34,19059537,1083247,1641,10503,55.1
2021-06-02,35-59,28508100,1408604,1877,11470,40.2
2021-06-02,60-79,18749279,540611,492,3248,17.3
2021-06-02,80+,6112952,287276,92,781,12.8
2021-06-03,00-04,3988681,94856,230,1466,36.8
2021-06-03,00+,84358845,3689583,4485,29289,34.7
2021-06-03,05-14,7940296,269426,744,4281,53.9
2021-06-03,15-34,19059537,1084702,1455,9622,50.5
2021-06-03,35-59,28508100,1410126,1522,10290,36.1
2021-06-03,60-79,18749279,541043,432,2917,15.6
2021-06-03,80+,6112952,287376,100,705,11.5
2021-06-04,00-04,3988681,95018,162,1292,32.4
2021-06-04,00+,84358845,3692517,2934,25433,30.1
2021-06-04,05-14,7940296,269925,499,3859,48.6
2021-06-04,15-34,19059537,1085668,966,8401,44.1
2021-06-04,35-59,28508100,1411064,938,8772,30.8
2021-06-04,60-79,18749279,541329,286,2512,13.4
2021-06-04,80+,6112952,287458,82,589,9.6
2021-06-05,00-04,3988681,95141,123,1163,29.2
2021-06-05,00+,84358845,3694791,2274,22533,26.7
2021-06-05,05-14,7940296,270264,339,3444,43.4
2021-06-05,15-34,19059537,1086427,759,7387,38.8
2021-06-05,35-59,28508100,1411826,762,7766,27.2
2021-06-05,60-79,18749279,541553,224,2232,11.9
2021-06-05,80+,6112952,287524,66,532,8.7
2021-06-06,00-04,3988681,95257,116,1077,27
2021-06-06,00+,84358845,3697100,2309,21151,25.1
2021-06-06,05-14,7940296,270562,298,3208,40.4
2021-06-06,15-34,19059537,1087193,766,6977,36.6
2021-06-06,35-59,28508100,1412674,848,7316,25.7
2021-06-06,60-79,18749279,541777,224,2067,11
2021-06-06,80+,6112952,287581,57,499,8.2
2021-06-07,00-04,3988681,95304,47,1025,25.7
2021-06-07,00+,84358845,3698236,1136,20680,24.5
2021-06-07,05-14,7940296,270695,133,3110,39.2
2021-06-07,15-34,19059537,1087569,376,6794,35.6
2021-06-07,35-59,28508100,1413093,419,7215,25.3
2021-06-07,60-79,18749279,541903,126,2031,10.8
2021-06-07,80+,6112952,287615,34,498,8.1
2021-06-08,00-04,3988681,95361,57,968,24.3
2021-06-08,00+,84358845,3699951,1715,19957,23.7
2021-06-08,05-14,7940296,271020,325,3105,39.1
2021-06-08,15-34,19059537,1088126,557,6520,34.2
2021-06-08,35-59,28508100,1413655,562,6928,24.3
2021-06-08,60-79,18749279,542064,161,1945,10.4
2021-06-08,80+,6112952,287668,53,484,7.9
2021-06-09,00-04,3988681,95480,119,854,21.4
2021-06-09,00+,84358845,3703486,3535,18388,21.8
2021-06-09,05-14,7940296,271652,632,2970,37.4
2021-06-09,15-34,19059537,1089263,1137,6016,31.6
2021-06-09,35-59,28508100,1414904,1249,6300,22.1
2021-06-09,60-79,18749279,542392,328,1781,9.5
2021-06-09,80+,6112952,287737,69,461,7.5
2021-06-10,00-04,3988681,95599,119,743,18.6
2021-06-10,00+,84358845,3706349,2863,16766,19.9
2021-06-10,05-14,7940296,272122,470,2696,34
2021-06-10,15-34,19059537,1090257,994,5555,29.1
2021-06-10,35-59,28508100,1415879,975,5753,20.2
2021-06-10,60-79,18749279,542635,243,1592,8.5
2021-06-10,80+,6112952,287797,60,421,6.9
2021-06-11,00-04,3988681,95717,118,699,17.5
2021-06-11,00+,84358845,3708628,2279,16111,19.1
2021-06-11,05-14,7940296,272533,411,2608,32.8
2021-06-11,15-34,19059537,1091038,781,5370,28.2
2021-06-11,35-59,28508100,1416602,723,5538,19.4
2021-06-11,60-79,18749279,542828,193,1499,8
2021-06-11,80+,6112952,287849,52,391,6.4
2021-06-12,00-04,3988681,95806,89,665,16.7
2021-06-12,00+,84358845,3710469,1841,15678,18.6
2021-06-12,05-14,7940296,272845,312,2581,32.5
2021-06-12,15-34,19059537,1091703,665,5276,27.7
2021-06-12,35-59,28508100,1417177,575,5351,18.8
2021-06-12,60-79,18749279,542982,154,1429,7.6
2021-06-12,80+,6112952,287895,46,371,6.1
2021-06-13,00-04,3988681,95889,83,632,15.8
2021-06-13,00+,84358845,3711779,1310,14679,17.4
2021-06-13,05-14,7940296,273071,226,2509,31.6
2021-06-13,15-34,19059537,1092144,441,4951,26
2021-06-13,35-59,28508100,1417599,422,4925,17.3
2021-06-13,60-79,18749279,543098,116,1321,7
2021-06-13,80+,6112952,287917,22,336,5.5
2021-06-14,00-04,3988681,95916,27,612,15.3
2021-06-14,00+,84358845,3712295,516,14059,16.7
2021-06-14,05-14,7940296,273164,93,2469,31.1
2021-06-14,15-34,19059537,1092311,167,4742,24.9
2021-06-14,35-59,28508100,1417764,165,4671,16.4
2021-06-14,60-79,18749279,543152,54,1249,6.7
2021-06-14,80+,6112952,287927,10,312,5.1
2021-06-15,00-04,3988681,95961,45,600,15
2021-06-15,00+,84358845,3713227,932,13276,15.7
2021-06-15,05-14,7940296,273330,166,2310,29.1
2021-06-15,15-34,19059537,1092661,350,4535,23.8
2021-06-15,35-59,28508100,1418040,276,4385,15.4
2021-06-15,60-79,18749279,543217,65,1153,6.1
2021-06-15,80+,6112952,287957,30,289,4.7
2021-06-16,00-04,3988681,96048,87,568,14.2
2021-06-16,00+,84358845,3714930,1703,11444,13.6
2021-06-16,05-14,7940296,273611,281,1959,24.7
2021-06-16,15-34,19059537,1093242,581,3979,20.9
2021-06-16,35-59,28508100,1418619,579,3715,13
2021-06-16,60-79,18749279,543351,134,959,5.1
2021-06-16,80+,6112952,287997,40,260,4.3
2021-06-17,00-04,3988681,96123,75,524,13.1
2021-06-17,00+,84358845,3716371,1441,10022,11.9
2021-06-17,05-14,7940296,273857,246,1735,21.9
2021-06-17,15-34,19059537,1093726,484,3469,18.2
2021-06-17,35-59,28508100,1419082,463,3203,11.2
2021-06-17,60-79,18749279,543493,142,858,4.6
2021-06-17,80+,6112952,288028,31,231,3.8
2021-06-18,00-04,3988681,96177,54,460,11.5
2021-06-18,00+,84358845,3717533,1162,8905,10.6
2021-06-18,05-14,7940296,274063,206,1530,19.3
2021-06-18,15-34,19059537,1094145,419,3107,16.3
2021-06-18,35-59,28508100,1419433,351,2831,9.9
2021-06-18,60-79,18749279,543600,107,772,4.1
2021-06-18,80+,6112952,288052,24,203,3.3
2021-06-19,00-04,3988681,96233,56,427,10.7
2021-06-19,00+,84358845,3718567,1034,8098,9.6
2021-06-19,05-14,7940296,274242,179,1397,17.6
2021-06-19,15-34,19059537,1094509,364,2806,14.7
2021-06-19,35-59,28508100,1419779,346,2602,9.1
2021-06-19,60-79,18749279,543676,76,694,3.7
2021-06-19,80+,6112952,288065,13,170,2.8
2021-06-20,00-04,3988681,96278,45,389,9.8
2021-06-20,00+,84358845,3719304,737,7525,8.9
2021-06-20,05-14,7940296,274369,127,1298,16.3
2021-06-20,15-34,19059537,1094763,254,2619,13.7
2021-06-20,35-59,28508100,1420022,243,2423,8.5
2021-06-20,60-79,18749279,543729,53,631,3.4
2021-06-20,80+,6112952,288080,15,163,2.7
2021-06-21,00-04,3988681,96300,22,384,9.6
2021-06-21,00+,84358845,3719580,276,7285,8.6
2021-06-21,05-14,7940296,274404,35,1240,15.6
2021-06-21,15-34,19059537,1094872,109,2561,13.4
2021-06-21,35-59,28508100,1420114,92,2350,8.2
2021-06-21,60-79,18749279,543743,14,591,3.2
2021-06-21,80+,6112952,288084,4,157,2.6
2021-06-22,00-04,3988681,96330,30,369,9.3
2021-06-22,00+,84358845,3720189,609,6962,8.3
2021-06-22,05-14,7940296,274525,121,1195,15
2021-06-22,15-34,19059537,1095064,192,2403,12.6
2021-06-22,35-59,28508100,1420321,207,2281,8
2021-06-22,60-79,18749279,543792,49,575,3.1
2021-06-22,80+,6112952,288094,10,137,2.2
2021-06-23,00-04,3988681,96376,46,328,8.2
2021-06-23,00+,84358845,3721258,1069,6328,7.5
2021-06-23,05-14,7940296,274703,178,1092,13.8
2021-06-23,15-34,19059537,1095426,362,2184,11.5
2021-06-23,35-59,28508100,1420688,367,2069,7.3
2021-06-23,60-79,18749279,543885,93,534,2.8
2021-06-23,80+,6112952,288117,23,120,2
2021-06-24,00-04,3988681,96415,39,292,7.3
2021-06-24,00+,84358845,3722162,904,5791,6.9
2021-06-24,05-14,7940296,274863,160,1006,12.7
2021-06-24,15-34,19059537,1095773,347,2047,10.7
2021-06-24,35-59,28508100,1420968,280,1886,6.6
2021-06-24,60-79,18749279,543949,64,456,2.4
2021-06-24,80+,6112952,288131,14,103,1.7
2021-06-25,00-04,3988681,96474,59,297,7.4
2021-06-25,00+,84358845,3722991,829,5458,6.5
2021-06-25,05-14,7940296,275006,143,943,11.9
2021-06-25,15-34,19059537,1096069,296,1924,10.1
2021-06-25,35-59,28508100,1421218,250,1785,6.3
2021-06-25,60-79,18749279,544015,66,415,2.2
2021-06-25,80+,6112952,288145,14,93,1.5
2021-06-26,00-04,3988681,96508,34,275,6.9
2021-06-26,00+,84358845,3723732,741,5165,6.1
2021-06-26,05-14,7940296,275112,106,870,11
2021-06-26,15-34,19059537,1096368,299,1859,9.8
2021-06-26,35-59,28508100,1421439,221,1660,5.8
2021-06-26,60-79,18749279,544075,60,399,2.1
2021-06-26,80+,6112952,288166,21,101,1.7
2021-06-27,00-04,3988681,96544,36,266,6.7
2021-06-27,00+,84358845,3724216,484,4912,5.8
2021-06-27,05-14,7940296,275190,78,821,10.3
2021-06-27,15-34,19059537,1096553,185,1790,9.4
2021-06-27,35-59,28508100,1421586,147,1564,5.5
2021-06-27,60-79,18749279,544106,31,377,2
2021-06-27,80+,6112952,288173,7,93,1.5
2021-06-28,00-04,3988681,96557,13,257,6.4
2021-06-28,00+,84358845,3724439,223,4859,5.8
2021-06-28,05-14,7940296,275214,24,810,10.2
2021-06-28,15-34,19059537,1096643,90,1771,9.3
2021-06-28,35-59,28508100,1421659,73,1545,5.4
2021-06-28,60-79,18749279,544124,18,381,2
2021-06-28,80+,6112952,288178,5,94,1.5
2021-06-29,00-04,3988681,96580,23,250,6.3
2021-06-29,00+,84358845,3724961,522,4772,5.7
2021-06-29,05-14,7940296,275288,74,763,9.6
2021-06-29,15-34,19059537,1096863,220,1799,9.4
2021-06-29,35-59,28508100,1421810,151,1489,5.2
2021-06-29,60-79,18749279,544167,43,375,2
2021-06-29,80+,6112952,288189,11,95,1.6
2021-06-30,00-04,3988681,96613,33,237,5.9
2021-06-30,00+,84358845,3725861,900,4603,5.5
2021-06-30,05-14,7940296,275407,119,704,8.9
2021-06-30,15-34,19059537,1097222,359,1796,9.4
2021-06-30,35-59,28508100,1422105,295,1417,5
2021-06-30,60-79,18749279,544248,81,363,1.9
2021-06-30,80+,6112952,288202,13,85,1.4
2021-07-01,00-04,3988681,96653,40,238,6
2021-07-01,00+,84358845,3726728,867,4566,5.4
2021-07-01,05-14,7940296,275525,118,662,8.3
2021-07-01,15-34,19059537,1097578,356,1805,9.5
2021-07-01,35-59,28508100,1422381,276,1413,5
2021-07-01,60-79,18749279,544310,62,361,1.9
2021-07-01,80+,6112952,288217,15,86,1.4
2021-07-02,00-04,3988681,96685,32,211,5.3
2021-07-02,00+,84358845,3727439,711,4448,5.3
2021-07-02,05-14,7940296,275619,94,613,7.7
2021-07-02,15-34,19059537,1097897,319,1828,9.6
2021-07-02,35-59,28508100,1422589,208,1371,4.8
2021-07-02,60-79,18749279,544356,46,341,1.8
2021-07-02,80+,6112952,288229,12,84,1.4
2021-07-03,00-04,3988681,96713,28,205,5.1
2021-07-03,00+,84358845,3728109,670,4377,5.2
2021-07-03,05-14,7940296,275698,79,586,7.4
2021-07-03,15-34,19059537,1098193,296,1825,9.6
2021-07-03,35-59,28508100,1422787,198,1348,4.7
2021-07-03,60-79,18749279,544415,59,340,1.8
2021-07-03,80+,6112952,288239,10,73,1.2
2021-07-04,00-04,3988681,96731,18,187,4.7
2021-07-04,00+,84358845,3728618,509,4402,5.2
2021-07-04,05-14,7940296,275751,53,561,7.1
2021-07-04,15-34,19059537,1098435,242,1882,9.9
2021-07-04,35-59,28508100,1422939,152,1353,4.7
2021-07-04,60-79,18749279,544451,36,345,1.8
2021-07-04,80+,6112952,288247,8,74,1.2
2021-07-05,00-04,3988681,96735,4,178,4.5
2021-07-05,00+,84358845,3728825,207,4386,5.2
2021-07-05,05-14,7940296,275771,20,557,7
2021-07-05,15-34,19059537,1098539,104,1896,9.9
2021-07-05,35-59,28508100,1422994,55,1335,4.7
2021-07-05,60-79,18749279,544473,22,349,1.9
2021-07-05,80+,6112952,288249,2,71,1.2
2021-07-06,00-04,3988681,96746,11,166,4.2
2021-07-06,00+,84358845,3729381,556,4420,5.2
2021-07-06,05-14,7940296,275821,50,533,6.7
2021-07-06,15-34,19059537,1098789,250,1926,10.1
2021-07-06,35-59,28508100,1423179,185,1369,4.8
2021-07-06,60-79,18749279,544524,51,357,1.9
2021-07-06,80+,6112952,288258,9,69,1.1
2021-07-07,00-04,3988681,96775,29,162,4.1
2021-07-07,00+,84358845,3730446,1065,4585,5.4
2021-07-07,05-14,7940296,275920,99,513,6.5
2021-07-07,15-34,19059537,1099296,507,2074,10.9
2021-07-07,35-59,28508100,1423523,344,1418,5
2021-07-07,60-79,18749279,544593,69,345,1.8
2021-07-07,80+,6112952,288275,17,73,1.2
2021-07-08,00-04,3988681,96802,27,149,3.7
2021-07-08,00+,84358845,3731409,963,4681,5.5
2021-07-08,05-14,7940296,276021,101,496,6.2
2021-07-08,15-34,19059537,1099773,477,2195,11.5
2021-07-08,35-59,28508100,1423800,277,1419,5
2021-07-08,60-79,18749279,544661,68,351,1.9
2021-07-08,80+,6112952,288288,13,71,1.2
2021-07-09,00-04,3988681,96837,35,152,3.8
2021-07-09,00+,84358845,3732367,958,4928,5.8
2021-07-09,05-14,7940296,276112,91,493,6.2
2021-07-09,15-34,19059537,1100267,494,2370,12.4
2021-07-09,35-59,28508100,1424055,255,1466,5.1
2021-07-09,60-79,18749279,544729,68,373,2
2021-07-09,80+,6112952,288303,15,74,1.2
2021-07-10,00-04,3988681,96868,31,155,3.9
2021-07-10,00+,84358845,3733317,950,5208,6.2
2021-07-10,05-14,7940296,276198,86,500,6.3
2021-07-10,15-34,19059537,1100761,494,2568,13.5
2021-07-10,35-59,28508100,1424326,271,1539,5.4
2021-07-10,60-79,18749279,544779,50,364,1.9
2021-07-10,80+,6112952,288321,18,82,1.3
2021-07-11,00-04,3988681,96909,41,178,4.5
2021-07-11,00+,84358845,3734110,793,5492,6.5
2021-07-11,05-14,7940296,276258,60,507,6.4
2021-07-11,15-34,19059537,1101196,435,2761,14.5
2021-07-11,35-59,28508100,1424527,201,1588,5.6
2021-07-11,60-79,18749279,544819,40,368,2
2021-07-11,80+,6112952,288337,16,90,1.5
2021-07-12,00-04,3988681,96914,5,179,4.5
2021-07-12,00+,84358845,3734421,311,5596,6.6
2021-07-12,05-14,7940296,276281,23,510,6.4
2021-07-12,15-34,19059537,1101379,183,2840,14.9
2021-07-12,35-59,28508100,1424598,71,1604,5.6
2021-07-12,60-79,18749279,544841,22,368,2
2021-07-12,80+,6112952,288344,7,95,1.6
2021-07-13,00-04,3988681,96930,16,184,4.6
2021-07-13,00+,84358845,3735222,801,5841,6.9
2021-07-13,05-14,7940296,276346,65,525,6.6
2021-07-13,15-34,19059537,1101822,443,3033,15.9
2021-07-13,35-59,28508100,1424822,224,1643,5.8
2021-07-13,60-79,18749279,544881,40,357,1.9
2021-07-13,80+,6112952,288356,12,98,1.6
2021-07-14,00-04,3988681,96979,49,204,5.1
2021-07-14,00+,84358845,3736987,1765,6541,7.8
2021-07-14,05-14,7940296,276517,171,597,7.5
2021-07-14,15-34,19059537,1102748,926,3452,18.1
2021-07-14,35-59,28508100,1425316,494,1793,6.3
2021-07-14,60-79,18749279,544982,101,389,2.1
2021-07-14,80+,6112952,288380,24,105,1.7
2021-07-15,00-04,3988681,97024,45,222,5.6
2021-07-15,00+,84358845,3738613,1626,7204,8.5
2021-07-15,05-14,7940296,276661,144,640,8.1
2021-07-15,15-34,19059537,1103633,885,3860,20.3
2021-07-15,35-59,28508100,1425757,441,1957,6.9
2021-07-15,60-79,18749279,545074,92,413,2.2
2021-07-15,80+,6112952,288399,19,111,1.8
2021-07-16,00-04,3988681,97063,39,226,5.7
2021-07-16,00+,84358845,3740134,1521,7767,9.2
2021-07-16,05-14,7940296,276814,153,702,8.8
2021-07-16,15-34,19059537,1104495,862,4228,22.2
2021-07-16,35-59,28508100,1426141,384,2086,7.3
2021-07-16,60-79,18749279,545142,68,413,2.2
2021-07-16,80+,6112952,288413,14,110,1.8
2021-07-17,00-04,3988681,97116,53,248,6.2
2021-07-17,00+,84358845,3741754,1620,8437,10
2021-07-17,05-14,7940296,276973,159,775,9.8
2021-07-17,15-34,19059537,1105404,909,4643,24.4
2021-07-17,35-59,28508100,1426548,407,2222,7.8
2021-07-17,60-79,18749279,545211,69,432,2.3
2021-07-17,80+,6112952,288436,23,115,1.9
2021-07-18,00-04,3988681,97156,40,247,6.2
2021-07-18,00+,84358845,3743035,1281,8925,10.6
2021-07-18,05-14,7940296,277103,130,845,10.6
2021-07-18,15-34,19059537,1106098,694,4902,25.7
2021-07-18,35-59,28508100,1426883,335,2356,8.3
2021-07-18,60-79,18749279,545279,68,460,2.5
2021-07-18,80+,6112952,288450,14,113,1.8
2021-07-19,00-04,3988681,97172,16,258,6.5
2021-07-19,00+,84358845,3743533,498,9112,10.8
2021-07-19,05-14,7940296,277142,39,861,10.8
2021-07-19,15-34,19059537,1106377,279,4998,26.2
2021-07-19,35-59,28508100,1427015,132,2417,8.5
2021-07-19,60-79,18749279,545305,26,464,2.5
2021-07-19,80+,6112952,288456,6,112,1.8
2021-07-20,00-04,3988681,97204,32,274,6.9
2021-07-20,00+,84358845,3744966,1433,9744,11.6
2021-07-20,05-14,7940296,277250,108,904,11.4
2021-07-20,15-34,19059537,1107197,820,5375,28.2
2021-07-20,35-59,28508100,1427401,386,2579,9
2021-07-20,60-79,18749279,545367,62,486,2.6
2021-07-20,80+,6112952,288480,24,124,2
2021-07-21,00-04,3988681,97251,47,272,6.8
2021-07-21,00+,84358845,3747305,2339,10318,12.2
2021-07-21,05-14,7940296,277483,233,966,12.2
2021-07-21,15-34,19059537,1108415,1218,5667,29.7
2021-07-21,35-59,28508100,1428101,700,2785,9.8
2021-07-21,60-79,18749279,545483,116,501,2.7
2021-07-21,80+,6112952,288505,25,125,2
2021-07-22,00-04,3988681,97301,50,277,6.9
2021-07-22,00+,84358845,3749602,2297,10989,13
2021-07-22,05-14,7940296,277689,206,1028,12.9
2021-07-22,15-34,19059537,1109693,1278,6060,31.8
2021-07-22,35-59,28508100,1428717,616,2960,10.4
2021-07-22,60-79,18749279,545604,121,530,2.8
2021-07-22,80+,6112952,288531,26,132,2.2
2021-07-23,00-04,3988681,97352,51,289,7.2
2021-07-23,00+,84358845,3751828,2226,11694,13.9
2021-07-23,05-14,7940296,277928,239,1114,14
2021-07-23,15-34,19059537,1110871,1178,6376,33.5
2021-07-23,35-59,28508100,1429350,633,3209,11.3
2021-07-23,60-79,18749279,545716,112,574,3.1
2021-07-23,80+,6112952,288544,13,131,2.1
2021-07-24,00-04,3988681,97436,84,320,8
2021-07-24,00+,84358845,3753948,2120,12194,14.5
2021-07-24,05-14,7940296,278167,239,1194,15
2021-07-24,15-34,19059537,1111953,1082,6549,34.4
2021-07-24,35-59,28508100,1429921,571,3373,11.8
2021-07-24,60-79,18749279,545817,101,606,3.2
2021-07-24,80+,6112952,288583,39,147,2.4
2021-07-25,00-04,3988681,97503,67,347,8.7
2021-07-25,00+,84358845,3755542,1594,12507,14.8
2021-07-25,05-14,7940296,278347,180,1244,15.7
2021-07-25,15-34,19059537,1112804,851,6706,35.2
2021-07-25,35-59,28508100,1430330,409,3447,12.1
2021-07-25,60-79,18749279,545893,76,614,3.3
2021-07-25,80+,6112952,288594,11,144,2.4
2021-07-26,00-04,3988681,97520,17,348,8.7
2021-07-26,00+,84358845,3756179,637,12646,15
2021-07-26,05-14,7940296,278415,68,1273,16
2021-07-26,15-34,19059537,1113131,327,6754,35.4
2021-07-26,35-59,28508100,1430514,184,3499,12.3
2021-07-26,60-79,18749279,545924,31,619,3.3
2021-07-26,80+,6112952,288604,10,148,2.4
2021-07-27,00-04,3988681,97553,33,349,8.7
2021-07-27,00+,84358845,3757844,1665,12878,15.3
2021-07-27,05-14,7940296,278613,198,1363,17.2
2021-07-27,15-34,19059537,1113991,860,6794,35.6
2021-07-27,35-59,28508100,1430966,452,3565,12.5
2021-07-27,60-79,18749279,546024,100,657,3.5
2021-07-27,80+,6112952,288624,20,144,2.4
2021-07-28,00-04,3988681,97653,100,402,10.1
2021-07-28,00+,84358845,3760943,3099,13638,16.2
2021-07-28,05-14,7940296,278954,341,1471,18.5
2021-07-28,15-34,19059537,1115488,1497,7073,37.1
2021-07-28,35-59,28508100,1431914,948,3813,13.4
2021-07-28,60-79,18749279,546192,168,709,3.8
2021-07-28,80+,6112952,288668,44,163,2.7
2021-07-29,00-04,3988681,97740,87,439,11
2021-07-29,00+,84358845,3763789,2846,14187,16.8
2021-07-29,05-14,7940296,279266,312,1577,19.9
2021-07-29,15-34,19059537,1116878,1390,7185,37.7
2021-07-29,35-59,28508100,1432741,827,4024,14.1
2021-07-29,60-79,18749279,546365,173,761,4.1
2021-07-29,80+,6112952,288725,57,194,3.2
2021-07-30,00-04,3988681,97847,107,495,12.4
2021-07-30,00+,84358845,3766425,2636,14597,17.3
2021-07-30,05-14,7940296,279559,293,1631,20.5
2021-07-30,15-34,19059537,1118184,1306,7313,38.4
2021-07-30,35-59,28508100,1433468,727,4118,14.4
2021-07-30,60-79,18749279,546527,162,811,4.3
2021-07-30,80+,6112952,288766,41,222,3.6
2021-07-31,00-04,3988681,97930,83,494,12.4
2021-07-31,00+,84358845,3768954,2529,15006,17.8
2021-07-31,05-14,7940296,279843,284,1676,21.1
2021-07-31,15-34,19059537,1119424,1240,7471,39.2
2021-07-31,35-59,28508100,1434198,730,4277,15
2021-07-31,60-79,18749279,546685,158,868,4.6
2021-07-31,80+,6112952,288799,33,216,3.5
2021-08-01,00-04,3988681,98016,86,513,12.9
2021-08-01,00+,84358845,3770917,1963,15375,18.2
2021-08-01,05-14,7940296,280063,220,1716,21.6
2021-08-01,15-34,19059537,1120364,940,7560,39.7
2021-08-01,35-59,28508100,1434786,588,4456,15.6
2021-08-01,60-79,18749279,546789,104,896,4.8
2021-08-01,80+,6112952,288824,25,230,3.8
2021-08-02,00-04,3988681,98041,25,521,13.1
2021-08-02,00+,84358845,3771700,783,15521,18.4
2021-08-02,05-14,7940296,280149,86,1734,21.8
2021-08-02,15-34,19059537,1120775,411,7644,40.1
2021-08-02,35-59,28508100,1434990,204,4476,15.7
2021-08-02,60-79,18749279,546834,45,910,4.9
2021-08-02,80+,6112952,288836,12,232,3.8
2021-08-03,00-04,3988681,98114,73,561,14.1
2021-08-03,00+,84358845,3773820,2120,15976,18.9
2021-08-03,05-14,7940296,280396,247,1783,22.5
2021-08-03,15-34,19059537,1121828,1053,7837,41.1
2021-08-03,35-59,28508100,1435598,608,4632,16.2
2021-08-03,60-79,18749279,546939,105,915,4.9
2021-08-03,80+,6112952,288870,34,246,4
2021-08-04,00-04,3988681,98243,129,590,14.8
2021-08-04,00+,84358845,3777576,3756,16633,19.7
2021-08-04,05-14,7940296,280863,467,1909,24
2021-08-04,15-34,19059537,1123584,1756,8096,42.5
2021-08-04,35-59,28508100,1436764,1166,4850,17
2021-08-04,60-79,18749279,547123,184,931,5
2021-08-04,80+,6112952,288924,54,256,4.2
2021-08-05,00-04,3988681,98357,114,617,15.5
2021-08-05,00+,84358845,3781117,3541,17328,20.5
2021-08-05,05-14,7940296,281273,410,2007,25.3
2021-08-05,15-34,19059537,1125318,1734,8440,44.3
2021-08-05,35-59,28508100,1437790,1026,5049,17.7
2021-08-05,60-79,18749279,547322,199,957,5.1
2021-08-05,80+,6112952,288981,57,256,4.2
2021-08-06,00-04,3988681,98497,140,650,16.3
2021-08-06,00+,84358845,3784649,3532,18224,21.6
2021-08-06,05-14,7940296,281730,457,2171,27.3
2021-08-06,15-34,19059537,1127029,1711,8845,46.4
2021-08-06,35-59,28508100,1438798,1008,5330,18.7
2021-08-06,60-79,18749279,547479,157,952,5.1
2021-08-06,80+,6112952,289040,59,274,4.5
2021-08-07,00-04,3988681,98619,122,689,17.3
2021-08-07,00+,84358845,3788192,3543,19238,22.8
2021-08-07,05-14,7940296,282239,509,2396,30.2
2021-08-07,15-34,19059537,1128619,1590,9195,48.2
2021-08-07,35-59,28508100,1439873,1075,5675,19.9
2021-08-07,60-79,18749279,547659,180,974,5.2
2021-08-07,80+,6112952,289105,65,306,5
2021-08-08,00-04,3988681,98756,137,740,18.6
2021-08-08,00+,84358845,3790984,2792,20067,23.8
2021-08-08,05-14,7940296,282630,391,2567,32.3
2021-08-08,15-34,19059537,1129891,1272,9527,50
2021-08-08,35-59,28508100,1440674,801,5888,20.7
2021-08-08,60-79,18749279,547811,152,1022,5.5
2021-08-08,80+,6112952,289144,39,320,5.2
2021-08-09,00-04,3988681,98797,41,756,19
2021-08-09,00+,84358845,3792125,1141,20425,24.2
2021-08-09,05-14,7940296,282793,163,2644,33.3
2021-08-09,15-34,19059537,1130425,534,9650,50.6
2021-08-09,35-59,28508100,1440985,311,5995,21
2021-08-09,60-79,18749279,547888,77,1054,5.6
2021-08-09,80+,6112952,289159,15,323,5.3
2021-08-10,00-04,3988681,98898,101,784,19.7
2021-08-10,00+,84358845,3795048,2923,21228,25.2
2021-08-10,05-14,7940296,283192,399,2796,35.2
2021-08-10,15-34,19059537,1131743,1318,9915,52
2021-08-10,35-59,28508100,1441881,896,6283,22
2021-08-10,60-79,18749279,548055,167,1116,6
2021-08-10,80+,6112952,289201,42,331,5.4
2021-08-11,00-04,3988681,99075,177,832,20.9
2021-08-11,00+,84358845,3800615,5567,23039,27.3
2021-08-11,05-14,7940296,283932,740,3069,38.7
2021-08-11,15-34,19059537,1134199,2456,10615,55.7
2021-08-11,35-59,28508100,1443701,1820,6937,24.3
2021-08-11,60-79,18749279,548355,300,1232,6.6
2021-08-11,80+,6112952,289274,73,350,5.7
2021-08-12,00-04,3988681,99298,223,941,23.6
2021-08-12,00+,84358845,3806259,5644,25142,29.8
2021-08-12,05-14,7940296,284693,761,3420,43.1
2021-08-12,15-34,19059537,1136758,2559,11440,60
2021-08-12,35-59,28508100,1445437,1736,7647,26.8
2021-08-12,60-79,18749279,548629,274,1307,7
2021-08-12,80+,6112952,289363,89,382,6.2
2021-08-13,00-04,3988681,99524,226,1027,25.7
2021-08-13,00+,84358845,3811711,5452,27062,32.1
2021-08-13,05-14,7940296,285425,732,3695,46.5
2021-08-13,15-34,19059537,1139288,2530,12259,64.3
2021-08-13,35-59,28508100,1446988,1551,8190,28.7
2021-08-13,60-79,18749279,548921,292,1442,7.7
2021-08-13,80+,6112952,289483,120,443,7.2
2021-08-14,00-04,3988681,99761,237,1142,28.6
2021-08-14,00+,84358845,3817498,5787,29306,34.7
2021-08-14,05-14,7940296,286231,806,3992,50.3
2021-08-14,15-34,19059537,1142024,2736,13405,70.3
2021-08-14,35-59,28508100,1448633,1645,8760,30.7
2021-08-14,60-79,18749279,549207,286,1548,8.3
2021-08-14,80+,6112952,289558,75,453,7.4
2021-08-15,00-04,3988681,99946,185,1190,29.8
2021-08-15,00+,84358845,3822135,4637,31151,36.9
2021-08-15,05-14,7940296,286944,713,4314,54.3
2021-08-15,15-34,19059537,1144084,2060,14193,74.5
2021-08-15,35-59,28508100,1450005,1372,9331,32.7
2021-08-15,60-79,18749279,549446,239,1635,8.7
2021-08-15,80+,6112952,289625,67,481,7.9
2021-08-16,00-04,3988681,100029,83,1232,30.9
2021-08-16,00+,84358845,3824201,2066,32076,38
2021-08-16,05-14,7940296,287243,299,4450,56
2021-08-16,15-34,19059537,1145015,931,14590,76.5
2021-08-16,35-59,28508100,1450634,629,9649,33.8
2021-08-16,60-79,18749279,549533,87,1645,8.8
2021-08-16,80+,6112952,289662,37,503,8.2
2021-08-17,00-04,3988681,100165,136,1267,31.8
2021-08-17,00+,84358845,3828726,4525,33678,39.9
2021-08-17,05-14,7940296,287882,639,4690,59.1
2021-08-17,15-34,19059537,1147049,2034,15306,80.3
2021-08-17,35-59,28508100,1452043,1409,10162,35.6
2021-08-17,60-79,18749279,549760,227,1705,9.1
2021-08-17,80+,6112952,289739,77,538,8.8
2021-08-18,00-04,3988681,100479,314,1404,35.2
2021-08-18,00+,84358845,3837648,8922,37033,43.9
2021-08-18,05-14,7940296,289163,1281,5231,65.9
2021-08-18,15-34,19059537,1150886,3837,16687,87.6
2021-08-18,35-59,28508100,1455002,2959,11301,39.6
2021-08-18,60-79,18749279,550164,404,1809,9.6
2021-08-18,80+,6112952,289860,121,586,9.6
2021-08-19,00-04,3988681,100788,309,1490,37.4
2021-08-19,00+,84358845,3846404,8756,40145,47.6
2021-08-19,05-14,7940296,290612,1449,5919,74.5
2021-08-19,15-34,19059537,1154714,3828,17956,94.2
2021-08-19,35-59,28508100,1457648,2646,12211,42.8
2021-08-19,60-79,18749279,550581,417,1952,10.4
2021-08-19,80+,6112952,289964,104,601,9.8
2021-08-20,00-04,3988681,101126,338,1602,40.2
2021-08-20,00+,84358845,3855091,8687,43380,51.4
2021-08-20,05-14,7940296,292416,1804,6991,88
2021-08-20,15-34,19059537,1158396,3682,19108,100.3
2021-08-20,35-59,28508100,1460055,2407,13067,45.8
2021-08-20,60-79,18749279,550931,350,2010,10.7
2021-08-20,80+,6112952,290067,103,584,9.6
2021-08-21,00-04,3988681,101469,343,1708,42.8
2021-08-21,00+,84358845,3863934,8843,46436,55
2021-08-21,05-14,7940296,294356,1940,8125,102.3
2021-08-21,15-34,19059537,1161858,3462,19834,104.1
2021-08-21,35-59,28508100,1462629,2574,13996,49.1
2021-08-21,60-79,18749279,551353,422,2146,11.4
2021-08-21,80+,6112952,290169,102,611,10
2021-08-22,00-04,3988681,101767,298,1821,45.7
2021-08-22,00+,84358845,3870758,6824,48623,57.6
2021-08-22,05-14,7940296,295750,1394,8806,110.9
2021-08-22,15-34,19059537,1164607,2749,20523,107.7
2021-08-22,35-59,28508100,1464622,1993,14617,51.3
2021-08-22,60-79,18749279,551655,302,2209,11.8
2021-08-22,80+,6112952,290257,88,632,10.3
2021-08-23,00-04,3988681,101892,125,1863,46.7
2021-08-23,00+,84358845,3873853,3095,49652,58.9
2021-08-23,05-14,7940296,296337,587,9094,114.5
2021-08-23,15-34,19059537,1165818,1211,20803,109.1
2021-08-23,35-59,28508100,1465613,991,14979,52.5
2021-08-23,60-79,18749279,551777,122,2244,12
2021-08-23,80+,6112952,290316,59,654,10.7
2021-08-24,00-04,3988681,102117,225,1952,48.9
2021-08-24,00+,84358845,3880426,6573,51700,61.3
2021-08-24,05-14,7940296,297456,1119,9574,120.6
2021-08-24,15-34,19059537,1168556,2738,21507,112.8
2021-08-24,35-59,28508100,1467660,2047,15617,54.8
2021-08-24,60-79,18749279,552113,336,2353,12.5
2021-08-24,80+,6112952,290423,107,684,11.2
2021-08-25,00-04,3988681,102614,497,2135,53.5
2021-08-25,00+,84358845,3893326,12900,55678,66
2021-08-25,05-14,7940296,299698,2242,10535,132.7
2021-08-25,15-34,19059537,1173722,5166,22836,119.8
2021-08-25,35-59,28508100,1471848,4188,16846,59.1
2021-08-25,60-79,18749279,552741,628,2577,13.7
2021-08-25,80+,6112952,290597,174,737,12.1
2021-08-26,00-04,3988681,103159,545,2371,59.4
2021-08-26,00+,84358845,3906048,12722,59644,70.7
2021-08-26,05-14,7940296,302147,2449,11535,145.3
2021-08-26,15-34,19059537,1178769,5047,24055,126.2
2021-08-26,35-59,28508100,1475687,3839,18039,63.3
2021-08-26,60-79,18749279,553390,649,2809,15
2021-08-26,80+,6112952,290786,189,822,13.4
2021-08-27,00-04,3988681,103727,568,2601,65.2
2021-08-27,00+,84358845,3917675,11627,62584,74.2
2021-08-27,05-14,7940296,304400,2253,11984,150.9
2021-08-27,15-34,19059537,1183381,4612,24985,131.1
2021-08-27,35-59,28508100,1479106,3419,19051,66.8
2021-08-27,60-79,18749279,553963,573,3032,16.2
2021-08-27,80+,6112952,290987,201,920,15.1
2021-08-28,00-04,3988681,104225,498,2756,69.1
2021-08-28,00+,84358845,3928078,10403,64144,76
2021-08-28,05-14,7940296,306535,2135,12179,153.4
2021-08-28,15-34,19059537,1187359,3978,25501,133.8
2021-08-28,35-59,28508100,1482212,3106,19583,68.7
2021-08-28,60-79,18749279,554478,515,3125,16.7
2021-08-28,80+,6112952,291156,169,987,16.1
2021-08-29,00-04,3988681,104673,448,2906,72.9
2021-08-29,00+,84358845,3936484,8406,65726,77.9
2021-08-29,05-14,7940296,308160,1625,12410,156.3
2021-08-29,15-34,19059537,1190578,3219,25971,136.3
2021-08-29,35-59,28508100,1484759,2547,20137,70.6
2021-08-29,60-79,18749279,554914,436,3259,17.4
2021-08-29,80+,6112952,291283,127,1026,16.8
2021-08-30,00-04,3988681,104850,177,2958,74.2
2021-08-30,00+,84358845,3940221,3737,66368,78.7
2021-08-30,05-14,7940296,308869,709,12532,157.8
2021-08-30,15-34,19059537,1192010,1432,26192,137.4
2021-08-30,35-59,28508100,1485929,1170,20316,71.3
2021-08-30,60-79,18749279,555095,181,3318,17.7
2021-08-30,80+,6112952,291351,68,1035,16.9
2021-08-31,00-04,3988681,105165,315,3048,76.4
2021-08-31,00+,84358845,3947312,7091,66886,79.3
2021-08-31,05-14,7940296,310224,1355,12768,160.8
2021-08-31,15-34,19059537,1194699,2689,26143,137.2
2021-08-31,35-59,28508100,1488102,2173,20442,71.7
2021-08-31,60-79,18749279,555494,399,3381,18
2021-08-31,80+,6112952,291508,157,1085,17.7
2021-09-01,00-04,3988681,105767,602,3153,79
2021-09-01,00+,84358845,3961890,14578,68564,81.3
2021-09-01,05-14,7940296,313165,2941,13467,169.6
2021-09-01,15-34,19059537,1200052,5353,26330,138.1
2021-09-01,35-59,28508100,1492745,4643,20897,73.3
2021-09-01,60-79,18749279,556243,749,3502,18.7
2021-09-01,80+,6112952,291796,288,1199,19.6
2021-09-02,00-04,3988681,106462,695,3303,82.8
2021-09-02,00+,84358845,3976634,14744,70586,83.7
2021-09-02,05-14,7940296,316215,3050,14068,177.2
2021-09-02,15-34,19059537,1205477,5425,26708,140.1
2021-09-02,35-59,28508100,1497279,4534,21592,75.7
2021-09-02,60-79,18749279,557010,767,3620,19.3
2021-09-02,80+,6112952,292068,272,1282,21
2021-09-03,00-04,3988681,107003,541,3276,82.1
2021-09-03,00+,84358845,3989355,12721,71680,85
2021-09-03,05-14,7940296,318981,2766,14581,183.6
2021-09-03,15-34,19059537,1210210,4733,26829,140.8
2021-09-03,35-59,28508100,1501004,3725,21898,76.8
2021-09-03,60-79,18749279,557722,712,3759,20
2021-09-03,80+,6112952,292308,240,1321,21.6
2021-09-04,00-04,3988681,107559,556,3334,83.6
2021-09-04,00+,84358845,4001430,12075,73352,87
2021-09-04,05-14,7940296,321592,2611,15057,189.6
2021-09-04,15-34,19059537,1214556,4346,27197,142.7
2021-09-04,35-59,28508100,1504622,3618,22410,78.6
2021-09-04,60-79,18749279,558427,705,3949,21.1
2021-09-04,80+,6112952,292540,232,1384,22.6
2021-09-05,00-04,3988681,108067,508,3394,85.1
2021-09-05,00+,84358845,4010909,9479,74425,88.2
2021-09-05,05-14,7940296,323536,1944,15376,193.6
2021-09-05,15-34,19059537,1217985,3429,27407,143.8
2021-09-05,35-59,28508100,1507488,2866,22729,79.7
2021-09-05,60-79,18749279,558985,558,4071,21.7
2021-09-05,80+,6112952,292711,171,1428,23.4
2021-09-06,00-04,3988681,108262,195,3412,85.5
2021-09-06,00+,84358845,4014956,4047,74735,88.6
2021-09-06,05-14,7940296,324301,765,15432,194.4
2021-09-06,15-34,19059537,1219524,1539,27514,144.4
2021-09-06,35-59,28508100,1508717,1229,22788,79.9
2021-09-06,60-79,18749279,559212,227,4117,22
2021-09-06,80+,6112952,292803,92,1452,23.8
2021-09-07,00-04,3988681,108590,328,3425,85.9
2021-09-07,00+,84358845,4021972,7016,74660,88.5
2021-09-07,05-14,7940296,325649,1348,15425,194.3
2021-09-07,15-34,19059537,1222028,2504,27329,143.4
2021-09-07,35-59,28508100,1510975,2258,22873,80.2
2021-09-07,60-79,18749279,559626,414,4132,22
2021-09-07,80+,6112952,292967,164,1459,23.9
2021-09-08,00-04,3988681,109245,655,3478,87.2
2021-09-08,00+,84358845,4037092,15120,75202,89.1
2021-09-08,05-14,7940296,328648,2999,15483,195
2021-09-08,15-34,19059537,1227325,5297,27273,143.1
2021-09-08,35-59,28508100,1515908,4933,23163,81.3
2021-09-08,60-79,18749279,560536,910,4293,22.9
2021-09-08,80+,6112952,293291,324,1495,24.5
2021-09-09,00-04,3988681,109973,728,3511,88
2021-09-09,00+,84358845,4051249,14157,74615,88.4
2021-09-09,05-14,7940296,331557,2909,15342,193.2
2021-09-09,15-34,19059537,1232309,4984,26832,140.8
2021-09-09,35-59,28508100,1520296,4388,23017,80.7
2021-09-09,60-79,18749279,561374,838,4364,23.3
2021-09-09,80+,6112952,293594,303,1526,25
2021-09-10,00-04,3988681,110619,646,3616,90.7
2021-09-10,00+,84358845,4063641,12392,74286,88.1
2021-09-10,05-14,7940296,334083,2526,15102,190.2
2021-09-10,15-34,19059537,1236717,4408,26507,139.1
2021-09-10,35-59,28508100,1523985,3689,22981,80.6
2021-09-10,60-79,18749279,562176,802,4454,23.8
2021-09-10,80+,6112952,293910,316,1602,26.2
2021-09-11,00-04,3988681,111173,554,3614,90.6
2021-09-11,00+,84358845,4074779,11138,73349,86.9
2021-09-11,05-14,7940296,336312,2229,14720,185.4
2021-09-11,15-34,19059537,1240647,3930,26091,136.9
2021-09-11,35-59,28508100,1527433,3448,22811,80
2021-09-11,60-79,18749279,562872,696,4445,23.7
2021-09-11,80+,6112952,294190,280,1650,27
2021-09-12,00-04,3988681,111594,421,3527,88.4
2021-09-12,00+,84358845,4083332,8553,72423,85.9
2021-09-12,05-14,7940296,338017,1705,14481,182.4
2021-09-12,15-34,19059537,1243719,3072,25734,135
2021-09-12,35-59,28508100,1530061,2628,22573,79.2
2021-09-12,60-79,18749279,563397,525,4412,23.5
2021-09-12,80+,6112952,294388,198,1677,27.4
2021-09-13,00-04,3988681,111751,157,3489,87.5
2021-09-13,00+,84358845,4086613,3281,71657,84.9
2021-09-13,05-14,7940296,338650,633,14349,180.7
2021-09-13,15-34,19059537,1244904,1185,25380,133.2
2021-09-13,35-59,28508100,1531065,1004,22348,78.4
2021-09-13,60-79,18749279,563609,212,4397,23.5
2021-09-13,80+,6112952,294478,90,1675,27.4
2021-09-14,00-04,3988681,112042,291,3452,86.5
2021-09-14,00+,84358845,4093490,6877,71518,84.8
2021-09-14,05-14,7940296,340061,1411,14412,181.5
2021-09-14,15-34,19059537,1247241,2337,25213,132.3
2021-09-14,35-59,28508100,1533216,2151,22241,78
2021-09-14,60-79,18749279,564068,459,4442,23.7
2021-09-14,80+,6112952,294703,225,1736,28.4
2021-09-15,00-04,3988681,112622,580,3377,84.7
2021-09-15,00+,84358845,4106879,13389,69787,82.7
2021-09-15,05-14,7940296,342967,2906,14319,180.3
2021-09-15,15-34,19059537,1251694,4453,24369,127.9
2021-09-15,35-59,28508100,1537441,4225,21533,75.5
2021-09-15,60-79,18749279,564920,852,4384,23.4
2021-09-15,80+,6112952,295074,371,1783,29.2
2021-09-16,00-04,3988681,113172,550,3199,80.2
2021-09-16,00+,84358845,4119105,12226,67856,80.4
2021-09-16,05-14,7940296,345641,2674,14084,177.4
2021-09-16,15-34,19059537,1255800,4106,23491,123.3
2021-09-16,35-59,28508100,1541200,3759,20904,73.3
2021-09-16,60-79,18749279,565719,799,4345,23.2
2021-09-16,80+,6112952,295408,334,1814,29.7
2021-09-17,00-04,3988681,113660,488,3041,76.2
2021-09-17,00+,84358845,4129379,10274,65738,77.9
2021-09-17,05-14,7940296,347957,2316,13874,174.7
2021-09-17,15-34,19059537,1259257,3457,22540,118.3
2021-09-17,35-59,28508100,1544270,3070,20285,71.2
2021-09-17,60-79,18749279,566397,678,4221,22.5
2021-09-17,80+,6112952,295672,264,1762,28.8
2021-09-18,00-04,3988681,114112,452,2939,73.7
2021-09-18,00+,84358845,4138262,8883,63483,75.3
2021-09-18,05-14,7940296,349868,1911,13556,170.7
2021-09-18,15-34,19059537,1262250,2993,21603,113.3
2021-09-18,35-59,28508100,1546925,2655,19492,68.4
2021-09-18,60-79,18749279,567014,617,4142,22.1
2021-09-18,80+,6112952,295924,252,1734,28.4
2021-09-19,00-04,3988681,114460,348,2866,71.9
2021-09-19,00+,84358845,4145299,7037,61967,73.5
2021-09-19,05-14,7940296,351323,1455,13306,167.6
2021-09-19,15-34,19059537,1264575,2325,20856,109.4
2021-09-19,35-59,28508100,1549168,2243,19107,67
2021-09-19,60-79,18749279,567502,488,4105,21.9
2021-09-19,80+,6112952,296101,177,1713,28
2021-09-20,00-04,3988681,114584,124,2833,71
2021-09-20,00+,84358845,4148078,2779,61465,72.9
2021-09-20,05-14,7940296,351876,553,13226,166.6
2021-09-20,15-34,19059537,1265518,943,20614,108.2
2021-09-20,35-59,28508100,1550062,894,18997,66.6
2021-09-20,60-79,18749279,567691,189,4082,21.8
2021-09-20,80+,6112952,296177,76,1699,27.8
2021-09-21,00-04,3988681,114810,226,2768,69.4
2021-09-21,00+,84358845,4153490,5412,60000,71.1
2021-09-21,05-14,7940296,353035,1159,12974,163.4
2021-09-21,15-34,19059537,1267301,1783,20060,105.2
2021-09-21,35-59,28508100,1551722,1660,18506,64.9
2021-09-21,60-79,18749279,568096,405,4028,21.5
2021-09-21,80+,6112952,296355,178,1652,27
2021-09-22,00-04,3988681,115297,487,2675,67.1
2021-09-22,00+,84358845,4164749,11259,57870,68.6
2021-09-22,05-14,7940296,355537,2502,12570,158.3
2021-09-22,15-34,19059537,1270870,3569,19176,100.6
2021-09-22,35-59,28508100,1555392,3670,17951,63
2021-09-22,60-79,18749279,568877,781,3957,21.1
2021-09-22,80+,6112952,296598,243,1524,24.9
2021-09-23,00-04,3988681,115749,452,2577,64.6
2021-09-23,00+,84358845,4175205,10456,56100,66.5
2021-09-23,05-14,7940296,357764,2227,12123,152.7
2021-09-23,15-34,19059537,1274351,3481,18551,97.3
2021-09-23,35-59,28508100,1558663,3271,17463,61.3
2021-09-23,60-79,18749279,569638,761,3919,20.9
2021-09-23,80+,6112952,296860,262,1452,23.8
2021-09-24,00-04,3988681,116152,403,2492,62.5
2021-09-24,00+,84358845,4184290,9085,54911,65.1
2021-09-24,05-14,7940296,359884,2120,11927,150.2
2021-09-24,15-34,19059537,1277248,2897,17991,94.4
2021-09-24,35-59,28508100,1561409,2746,17139,60.1
2021-09-24,60-79,18749279,570292,654,3895,20.8
2021-09-24,80+,6112952,297125,265,1453,23.8
2021-09-25,00-04,3988681,116506,354,2394,60
2021-09-25,00+,84358845,4192703,8413,54441,64.5
2021-09-25,05-14,7940296,361669,1785,11801,148.6
2021-09-25,15-34,19059537,1279997,2749,17747,93.1
2021-09-25,35-59,28508100,1564087,2678,17162,60.2
2021-09-25,60-79,18749279,570885,593,3871,20.6
2021-09-25,80+,6112952,297378,253,1454,23.8
2021-09-26,00-04,3988681,116796,290,2336,58.6
2021-09-26,00+,84358845,4199053,6350,53754,63.7
2021-09-26,05-14,7940296,362924,1255,11601,146.1
2021-09-26,15-34,19059537,1282121,2124,17546,92.1
2021-09-26,35-59,28508100,1566109,2022,16941,59.4
2021-09-26,60-79,18749279,571376,491,3874,20.7
2021-09-26,80+,6112952,297545,167,1444,23.6
2021-09-27,00-04,3988681,116917,121,2333,58.5
2021-09-27,00+,84358845,4201702,2649,53624,63.6
2021-09-27,05-14,7940296,363466,542,11590,146
2021-09-27,15-34,19059537,1282993,872,17475,91.7
2021-09-27,35-59,28508100,1566948,839,16886,59.2
2021-09-27,60-79,18749279,571577,201,3886,20.7
2021-09-27,80+,6112952,297618,73,1441,23.6
2021-09-28,00-04,3988681,117148,231,2338,58.6
2021-09-28,00+,84358845,4207470,5768,53980,64
2021-09-28,05-14,7940296,364661,1195,11626,146.4
2021-09-28,15-34,19059537,1284842,1849,17541,92
2021-09-28,35-59,28508100,1568794,1846,17072,59.9
2021-09-28,60-79,18749279,572016,439,3920,20.9
2021-09-28,80+,6112952,297825,207,1470,24
2021-09-29,00-04,3988681,117604,456,2307,57.8
2021-09-29,00+,84358845,4220120,12650,55371,65.6
2021-09-29,05-14,7940296,367458,2797,11921,150.1
2021-09-29,15-34,19059537,1288681,3839,17811,93.4
2021-09-29,35-59,28508100,1573024,4230,17632,61.8
2021-09-29,60-79,18749279,572974,958,4097,21.9
2021-09-29,80+,6112952,298191,366,1593,26.1
2021-09-30,00-04,3988681,118070,466,2321,58.2
2021-09-30,00+,84358845,4231501,11381,56296,66.7
2021-09-30,05-14,7940296,370027,2569,12263,154.4
2021-09-30,15-34,19059537,1292116,3435,17765,93.2
2021-09-30,35-59,28508100,1576665,3641,18002,63.1
2021-09-30,60-79,18749279,573872,898,4234,22.6
2021-09-30,80+,6112952,298561,370,1701,27.8
2021-10-01,00-04,3988681,118461,391,2309,57.9
2021-10-01,00+,84358845,4241001,9500,56711,67.2
2021-10-01,05-14,7940296,372147,2120,12263,154.4
2021-10-01,15-34,19059537,1295146,3030,17898,93.9
2021-10-01,35-59,28508100,1579607,2942,18198,63.8
2021-10-01,60-79,18749279,574626,754,4334,23.1
2021-10-01,80+,6112952,298822,261,1697,27.8
2021-10-02,00-04,3988681,118784,323,2278,57.1
2021-10-02,00+,84358845,4249394,8393,56691,67.2
2021-10-02,05-14,7940296,373839,1692,12170,153.3
2021-10-02,15-34,19059537,1297812,2666,17815,93.5
2021-10-02,35-59,28508100,1582328,2721,18241,64
2021-10-02,60-79,18749279,575318,692,4433,23.6
2021-10-02,80+,6112952,299121,299,1743,28.5
2021-10-03,00-04,3988681,119018,234,2222,55.7
2021-10-03,00+,84358845,4255544,6150,56491,67
2021-10-03,05-14,7940296,375049,1210,12125,152.7
2021-10-03,15-34,19059537,1299805,1993,17684,92.8
2021-10-03,35-59,28508100,1584341,2013,18232,64
2021-10-03,60-79,18749279,575830,512,4454,23.8
2021-10-03,80+,6112952,299308,187,1763,28.8
2021-10-04,00-04,3988681,119120,102,2203,55.2
2021-10-04,00+,84358845,4258191,2647,56489,67
2021-10-04,05-14,7940296,375496,447,12030,151.5
2021-10-04,15-34,19059537,1300685,880,17692,92.8
2021-10-04,35-59,28508100,1585269,928,18321,64.3
2021-10-04,60-79,18749279,576054,224,4477,23.9
2021-10-04,80+,6112952,299374,66,1756,28.7
2021-10-05,00-04,3988681,119282,162,2134,53.5
2021-10-05,00+,84358845,4263861,5670,56391,66.8
2021-10-05,05-14,7940296,376653,1157,11992,151
2021-10-05,15-34,19059537,1302412,1727,17570,92.2
2021-10-05,35-59,28508100,1587212,1943,18418,64.6
2021-10-05,60-79,18749279,576551,497,4535,24.2
2021-10-05,80+,6112952,299556,182,1731,28.3
2021-10-06,00-04,3988681,119643,361,2039,51.1
2021-10-06,00+,84358845,4276082,12221,55962,66.3
2021-10-06,05-14,7940296,379187,2534,11729,147.7
2021-10-06,15-34,19059537,1306006,3594,17325,90.9
2021-10-06,35-59,28508100,1591463,4251,18439,64.7
2021-10-06,60-79,18749279,577651,1100,4677,24.9
2021-10-06,80+,6112952,299935,379,1744,28.5
2021-10-07,00-04,3988681,120019,376,1949,48.9
2021-10-07,00+,84358845,4287196,11114,55695,66
2021-10-07,05-14,7940296,381430,2243,11403,143.6
2021-10-07,15-34,19059537,1309396,3390,17280,90.7
2021-10-07,35-59,28508100,1595200,3737,18535,65
2021-10-07,60-79,18749279,578633,982,4761,25.4
2021-10-07,80+,6112952,300315,380,1754,28.7
2021-10-08,00-04,3988681,120351,332,1890,47.4
2021-10-08,00+,84358845,4297334,10138,56333,66.8
2021-10-08,05-14,7940296,383543,2113,11396,143.5
2021-10-08,15-34,19059537,1312573,3177,17427,91.4
2021-10-08,35-59,28508100,1598429,3229,18822,66
2021-10-08,60-79,18749279,579553,920,4927,26.3
2021-10-08,80+,6112952,300680,365,1858,30.4
2021-10-09,00-04,3988681,120629,278,1845,46.3
2021-10-09,00+,84358845,4306552,9218,57158,67.8
2021-10-09,05-14,7940296,385325,1782,11486,144.7
2021-10-09,15-34,19059537,1315504,2931,17692,92.8
2021-10-09,35-59,28508100,1601494,3065,19166,67.2
2021-10-09,60-79,18749279,580402,849,5084,27.1
2021-10-09,80+,6112952,300992,312,1871,30.6
2021-10-10,00-04,3988681,120887,258,1869,46.9
2021-10-10,00+,84358845,4313573,7021,58029,68.8
2021-10-10,05-14,7940296,386671,1346,11622,146.4
2021-10-10,15-34,19059537,1317669,2165,17864,93.7
2021-10-10,35-59,28508100,1603815,2321,19474,68.3
2021-10-10,60-79,18749279,581090,688,5260,28.1
2021-10-10,80+,6112952,301234,242,1926,31.5
2021-10-11,00-04,3988681,120977,90,1857,46.6
2021-10-11,00+,84358845,4316211,2638,58020,68.8
2021-10-11,05-14,7940296,387113,442,11617,146.3
2021-10-11,15-34,19059537,1318506,837,17821,93.5
2021-10-11,35-59,28508100,1604712,897,19443,68.2
2021-10-11,60-79,18749279,581354,264,5300,28.3
2021-10-11,80+,6112952,301342,108,1968,32.2
2021-10-12,00-04,3988681,121157,180,1875,47
2021-10-12,00+,84358845,4322474,6263,58613,69.5
2021-10-12,05-14,7940296,388408,1295,11755,148
2021-10-12,15-34,19059537,1320439,1933,18027,94.6
2021-10-12,35-59,28508100,1606785,2073,19573,68.7
2021-10-12,60-79,18749279,581892,538,5341,28.5
2021-10-12,80+,6112952,301583,241,2027,33.2
2021-10-13,00-04,3988681,121539,382,1896,47.5
2021-10-13,00+,84358845,4335118,12644,59036,70
2021-10-13,05-14,7940296,390906,2498,11719,147.6
2021-10-13,15-34,19059537,1324157,3718,18151,95.2
2021-10-13,35-59,28508100,1611196,4411,19733,69.2
2021-10-13,60-79,18749279,583119,1227,5468,29.2
2021-10-13,80+,6112952,301990,407,2055,33.6
2021-10-14,00-04,3988681,121942,403,1923,48.2
2021-10-14,00+,84358845,4347177,12059,59981,71.1
2021-10-14,05-14,7940296,393163,2257,11733,147.8
2021-10-14,15-34,19059537,1327793,3636,18397,96.5
2021-10-14,35-59,28508100,1615398,4202,20198,70.9
2021-10-14,60-79,18749279,584240,1121,5607,29.9
2021-10-14,80+,6112952,302427,437,2112,34.5
2021-10-15,00-04,3988681,122292,350,1941,48.7
2021-10-15,00+,84358845,4358514,11337,61180,72.5
2021-10-15,05-14,7940296,395179,2016,11636,146.5
2021-10-15,15-34,19059537,1331381,3588,18808,98.7
2021-10-15,35-59,28508100,1619331,3933,20902,73.3
2021-10-15,60-79,18749279,585267,1027,5714,30.5
2021-10-15,80+,6112952,302848,421,2168,35.5
2021-10-16,00-04,3988681,122620,328,1991,49.9
2021-10-16,00+,84358845,4369668,11154,63116,74.8
2021-10-16,05-14,7940296,397019,1840,11694,147.3
2021-10-16,15-34,19059537,1334933,3552,19429,101.9
2021-10-16,35-59,28508100,1623199,3868,21705,76.1
2021-10-16,60-79,18749279,586411,1144,6009,32
2021-10-16,80+,6112952,303267,419,2275,37.2
2021-10-17,00-04,3988681,122876,256,1989,49.9
2021-10-17,00+,84358845,4378158,8490,64585,76.6
2021-10-17,05-14,7940296,398488,1469,11817,148.8
2021-10-17,15-34,19059537,1337616,2683,19947,104.7
2021-10-17,35-59,28508100,1626108,2909,22293,78.2
2021-10-17,60-79,18749279,587276,865,6186,33
2021-10-17,80+,6112952,303574,307,2340,38.3
2021-10-18,00-04,3988681,122995,119,2018,50.6
2021-10-18,00+,84358845,4381572,3414,65361,77.5
2021-10-18,05-14,7940296,399094,606,11981,150.9
2021-10-18,15-34,19059537,1338649,1033,20143,105.7
2021-10-18,35-59,28508100,1627264,1156,22552,79.1
2021-10-18,60-79,18749279,587611,335,6257,33.4
2021-10-18,80+,6112952,303739,165,2397,39.2
2021-10-19,00-04,3988681,123213,218,2056,51.5
2021-10-19,00+,84358845,4389715,8143,67241,79.7
2021-10-19,05-14,7940296,400506,1412,12098,152.4
2021-10-19,15-34,19059537,1340976,2327,20537,107.8
2021-10-19,35-59,28508100,1630067,2803,23282,81.7
2021-10-19,60-79,18749279,588506,895,6614,35.3
2021-10-19,80+,6112952,304226,487,2643,43.2
2021-10-20,00-04,3988681,123729,516,2190,54.9
2021-10-20,00+,84358845,4408875,19160,73757,87.4
2021-10-20,05-14,7940296,403976,3470,13070,164.6
2021-10-20,15-34,19059537,1346513,5537,22356,117.3
2021-10-20,35-59,28508100,1637017,6950,25821,90.6
2021-10-20,60-79,18749279,590477,1971,7358,39.2
2021-10-20,80+,6112952,304938,712,2948,48.2
2021-10-21,00-04,3988681,124248,519,2306,57.8
2021-10-21,00+,84358845,4426859,17984,79682,94.5
2021-10-21,05-14,7940296,406939,2963,13776,173.5
2021-10-21,15-34,19059537,1352008,5495,24215,127
2021-10-21,35-59,28508100,1643425,6408,28027,98.3
2021-10-21,60-79,18749279,592334,1857,8094,43.2
2021-10-21,80+,6112952,305678,740,3251,53.2
2021-10-22,00-04,3988681,124727,479,2435,61
2021-10-22,00+,84358845,4444163,17304,85649,101.5
2021-10-22,05-14,7940296,409944,3005,14765,186
2021-10-22,15-34,19059537,1357303,5295,25922,136
2021-10-22,35-59,28508100,1649337,5912,30006,105.3
2021-10-22,60-79,18749279,594180,1846,8913,47.5
2021-10-22,80+,6112952,306442,764,3594,58.8
2021-10-23,00-04,3988681,125166,439,2546,63.8
2021-10-23,00+,84358845,4460838,16675,91170,108.1
2021-10-23,05-14,7940296,412572,2628,15553,195.9
2021-10-23,15-34,19059537,1362489,5186,27556,144.6
2021-10-23,35-59,28508100,1655214,5877,32015,112.3
2021-10-23,60-79,18749279,596012,1832,9601,51.2
2021-10-23,80+,6112952,307153,711,3886,63.6
2021-10-24,00-04,3988681,125577,411,2701,67.7
2021-10-24,00+,84358845,4474126,13288,95968,113.8
2021-10-24,05-14,7940296,414658,2086,16170,203.6
2021-10-24,15-34,19059537,1366525,4036,28909,151.7
2021-10-24,35-59,28508100,1659842,4628,33734,118.3
2021-10-24,60-79,18749279,597611,1599,10335,55.1
2021-10-24,80+,6112952,307681,528,4107,67.2
2021-10-25,00-04,3988681,125707,130,2712,68
2021-10-25,00+,84358845,4479305,5179,97733,115.9
2021-10-25,05-14,7940296,415506,848,16412,206.7
2021-10-25,15-34,19059537,1368147,1622,29498,154.8
2021-10-25,35-59,28508100,1661682,1840,34418,120.7
2021-10-25,60-79,18749279,598121,510,10510,56.1
2021-10-25,80+,6112952,307909,228,4170,68.2
2021-10-26,00-04,3988681,126006,299,2793,70
2021-10-26,00+,84358845,4491174,11869,101459,120.3
2021-10-26,05-14,7940296,417614,2108,17108,215.5
2021-10-26,15-34,19059537,1371597,3450,30621,160.7
2021-10-26,35-59,28508100,1665824,4142,35757,125.4
2021-10-26,60-79,18749279,599414,1293,10908,58.2
2021-10-26,80+,6112952,308485,576,4259,69.7
2021-10-27,00-04,3988681,126656,650,2927,73.4
2021-10-27,00+,84358845,4517572,26398,108697,128.9
2021-10-27,05-14,7940296,422547,4933,18571,233.9
2021-10-27,15-34,19059537,1379180,7583,32667,171.4
2021-10-27,35-59,28508100,1675318,9494,38301,134.4
2021-10-27,60-79,18749279,602254,2840,11777,62.8
2021-10-27,80+,6112952,309381,896,4443,72.7
2021-10-28,00-04,3988681,127372,716,3124,78.3
2021-10-28,00+,84358845,4544880,27308,118021,139.9
2021-10-28,05-14,7940296,427773,5226,20834,262.4
2021-10-28,15-34,19059537,1386792,7612,34784,182.5
2021-10-28,35-59,28508100,1684918,9600,41493,145.5
2021-10-28,60-79,18749279,605264,3010,12930,69
2021-10-28,80+,6112952,310516,1135,4838,79.1
2021-10-29,00-04,3988681,128020,648,3293,82.6
2021-10-29,00+,84358845,4569226,24346,125063,148.3
2021-10-29,05-14,7940296,432099,4326,22155,279
2021-10-29,15-34,19059537,1393915,7123,36612,192.1
2021-10-29,35-59,28508100,1693243,8325,43906,154
2021-10-29,60-79,18749279,608116,2852,13936,74.3
2021-10-29,80+,6112952,311583,1067,5141,84.1
2021-10-30,00-04,3988681,128645,625,3479,87.2
2021-10-30,00+,84358845,4591793,22567,130955,155.2
2021-10-30,05-14,7940296,436023,3924,23451,295.3
2021-10-30,15-34,19059537,1400393,6478,37904,198.9
2021-10-30,35-59,28508100,1701027,7784,45813,160.7
2021-10-30,60-79,18749279,610887,2771,14875,79.3
2021-10-30,80+,6112952,312563,980,5410,88.5
2021-10-31,00-04,3988681,129086,441,3509,88
2021-10-31,00+,84358845,4608871,17078,134745,159.7
2021-10-31,05-14,7940296,438884,2861,24226,305.1
2021-10-31,15-34,19059537,1405331,4938,38806,203.6
2021-10-31,35-59,28508100,1707027,6000,47185,165.5
2021-10-31,60-79,18749279,612961,2074,15350,81.9
2021-10-31,80+,6112952,313324,761,5643,92.3
2021-11-01,00-04,3988681,129264,178,3557,89.2
2021-11-01,00+,84358845,4616323,7452,137018,162.4
2021-11-01,05-14,7940296,440067,1183,24561,309.3
2021-11-01,15-34,19059537,1407498,2167,39351,206.5
2021-11-01,35-59,28508100,1709650,2623,47968,168.3
2021-11-01,60-79,18749279,613870,909,15749,84
2021-11-01,80+,6112952,313712,388,5803,94.9
2021-11-02,00-04,3988681,129553,289,3547,88.9
2021-11-02,00+,84358845,4627804,11481,136630,162
2021-11-02,05-14,7940296,441903,1836,24289,305.9
2021-11-02,15-34,19059537,1410751,3253,39154,205.4
2021-11-02,35-59,28508100,1713777,4127,47953,168.2
2021-11-02,60-79,18749279,615272,1402,15858,84.6
2021-11-02,80+,6112952,314286,574,5801,94.9
2021-11-03,00-04,3988681,130131,578,3475,87.1
2021-11-03,00+,84358845,4652209,24405,134637,159.6
2021-11-03,05-14,7940296,445937,4034,23390,294.6
2021-11-03,15-34,19059537,1417067,6316,37887,198.8
2021-11-03,35-59,28508100,1723030,9253,47712,167.4
2021-11-03,60-79,18749279,618385,3113,16131,86
2021-11-03,80+,6112952,315394,1108,6013,98.4
2021-11-04,00-04,3988681,130942,811,3570,89.5
2021-11-04,00+,84358845,4688356,36147,143476,170.1
2021-11-04,05-14,7940296,451793,5856,24020,302.5
2021-11-04,15-34,19059537,1426688,9621,39896,209.3
2021-11-04,35-59,28508100,1736712,13682,51794,181.7
2021-11-04,60-79,18749279,622947,4562,17683,94.3
2021-11-04,80+,6112952,316996,1602,6480,106
2021-11-05,00-04,3988681,131905,963,3885,97.4
2021-11-05,00+,84358845,4724826,36470,155600,184.5
2021-11-05,05-14,7940296,457859,6066,25760,324.4
2021-11-05,15-34,19059537,1436810,10122,42895,225.1
2021-11-05,35-59,28508100,1749970,13258,56727,199
2021-11-05,60-79,18749279,627384,4437,19268,102.8
2021-11-05,80+,6112952,318607,1611,7024,114.9
2021-11-06,00-04,3988681,132791,886,4146,103.9
2021-11-06,00+,84358845,4758567,33741,166774,197.7
2021-11-06,05-14,7940296,463358,5499,27335,344.3
2021-11-06,15-34,19059537,1446662,9852,46269,242.8
2021-11-06,35-59,28508100,1761886,11916,60859,213.5
2021-11-06,60-79,18749279,631465,4081,20578,109.8
2021-11-06,80+,6112952,320108,1501,7545,123.4
2021-11-07,00-04,3988681,133420,629,4334,108.7
2021-11-07,00+,84358845,4782337,23770,173466,205.6
2021-11-07,05-14,7940296,467014,3656,28130,354.3
2021-11-07,15-34,19059537,1453568,6906,48237,253.1
2021-11-07,35-59,28508100,1770408,8522,63381,222.3
2021-11-07,60-79,18749279,634512,3047,21551,114.9
2021-11-07,80+,6112952,321113,1005,7789,127.4
2021-11-08,00-04,3988681,133705,285,4441,111.3
2021-11-08,00+,84358845,4794196,11859,177873,210.9
2021-11-08,05-14,7940296,468921,1907,28854,363.4
2021-11-08,15-34,19059537,1457025,3457,49527,259.9
2021-11-08,35-59,28508100,1774635,4227,64985,228
2021-11-08,60-79,18749279,635997,1485,22127,118
2021-11-08,80+,6112952,321608,495,7896,129.2
2021-11-09,00-04,3988681,134307,602,4754,119.2
2021-11-09,00+,84358845,4818489,24293,190685,226
2021-11-09,05-14,7940296,473489,4568,31586,397.8
2021-11-09,15-34,19059537,1463942,6917,53191,279.1
2021-11-09,35-59,28508100,1783060,8425,69283,243
2021-11-09,60-79,18749279,638717,2720,23445,125
2021-11-09,80+,6112952,322656,1048,8370,136.9
2021-11-10,00-04,3988681,135409,1102,5278,132.3
2021-11-10,00+,84358845,4865693,47204,213484,253.1
2021-11-10,05-14,7940296,482991,9502,37054,466.7
2021-11-10,15-34,19059537,1476326,12384,59259,310.9
2021-11-10,35-59,28508100,1800049,16989,77019,270.2
2021-11-10,60-79,18749279,644276,5559,25891,138.1
2021-11-10,80+,6112952,324312,1656,8918,145.9
2021-11-11,00-04,3988681,136758,1349,5816,145.8
2021-11-11,00+,84358845,4916538,50845,228182,270.5
2021-11-11,05-14,7940296,493195,10204,41402,521.4
2021-11-11,15-34,19059537,1489748,13422,63060,330.9
2021-11-11,35-59,28508100,1818063,18014,81351,285.4
2021-11-11,60-79,18749279,650295,6019,27348,145.9
2021-11-11,80+,6112952,326132,1820,9136,149.5
2021-11-12,00-04,3988681,138076,1318,6171,154.7
2021-11-12,00+,84358845,4966275,49737,241449,286.2
2021-11-12,05-14,7940296,502839,9644,44980,566.5
2021-11-12,15-34,19059537,1503002,13254,66192,347.3
2021-11-12,35-59,28508100,1835696,17633,85726,300.7
2021-11-12,60-79,18749279,656277,5982,28893,154.1
2021-11-12,80+,6112952,328023,1891,9416,154
2021-11-13,00-04,3988681,139320,1244,6529,163.7
2021-11-13,00+,84358845,5012360,46085,253793,300.8
2021-11-13,05-14,7940296,511392,8553,48034,604.9
2021-11-13,15-34,19059537,1515456,12454,68794,360.9
2021-11-13,35-59,28508100,1852152,16456,90266,316.6
2021-11-13,60-79,18749279,661889,5612,30424,162.3
2021-11-13,80+,6112952,329779,1756,9671,158.2
2021-11-14,00-04,3988681,140258,938,6838,171.4
2021-11-14,00+,84358845,5046334,33974,263997,312.9
2021-11-14,05-14,7940296,517322,5930,50308,633.6
2021-11-14,15-34,19059537,1524676,9220,71108,373.1
2021-11-14,35-59,28508100,1864537,12385,94129,330.2
2021-11-14,60-79,18749279,666080,4191,31568,168.4
2021-11-14,80+,6112952,331082,1303,9969,163.1
2021-11-15,00-04,3988681,140798,540,7093,177.8
2021-11-15,00+,84358845,5065370,19036,271174,321.5
2021-11-15,05-14,7940296,520476,3154,51555,649.3
2021-11-15,15-34,19059537,1529942,5266,72917,382.6
2021-11-15,35-59,28508100,1871374,6837,96739,339.3
2021-11-15,60-79,18749279,668547,2467,32550,173.6
2021-11-15,80+,6112952,331845,763,10237,167.5
2021-11-16,00-04,3988681,141703,905,7396,185.4
2021-11-16,00+,84358845,5099956,34586,281467,333.7
2021-11-16,05-14,7940296,527176,6700,53687,676.1
2021-11-16,15-34,19059537,1538985,9043,75043,393.7
2021-11-16,35-59,28508100,1883894,12520,100834,353.7
2021-11-16,60-79,18749279,672694,4147,33977,181.2
2021-11-16,80+,6112952,333097,1252,10441,170.8
2021-11-17,00-04,3988681,143279,1576,7870,197.3
2021-11-17,00+,84358845,5162959,63003,297266,352.4
2021-11-17,05-14,7940296,539610,12434,56619,713.1
2021-11-17,15-34,19059537,1554933,15948,78607,412.4
2021-11-17,35-59,28508100,1907141,23247,107092,375.7
2021-11-17,60-79,18749279,680324,7630,36048,192.3
2021-11-17,80+,6112952,335250,2153,10938,178.9
2021-11-18,00-04,3988681,145050,1771,8292,207.9
2021-11-18,00+,84358845,5226148,63189,309610,367
2021-11-18,05-14,7940296,551850,12240,58655,738.7
2021-11-18,15-34,19059537,1571135,16202,81387,427
2021-11-18,35-59,28508100,1930061,22920,111998,392.9
2021-11-18,60-79,18749279,688120,7796,37825,201.7
2021-11-18,80+,6112952,337498,2248,11366,185.9
2021-11-19,00-04,3988681,146758,1708,8682,217.7
2021-11-19,00+,84358845,5287375,61227,321100,380.6
2021-11-19,05-14,7940296,563414,11564,60575,762.9
2021-11-19,15-34,19059537,1586906,15771,83904,440.2
2021-11-19,35-59,28508100,1952108,22047,116412,408.3
2021-11-19,60-79,18749279,695738,7618,39461,210.5
2021-11-19,80+,6112952,340003,2505,11980,196
2021-11-20,00-04,3988681,148431,1673,9111,228.4
2021-11-20,00+,84358845,5349923,62548,337563,400.2
2021-11-20,05-14,7940296,575644,12230,64252,809.2
2021-11-20,15-34,19059537,1603057,16151,87601,459.6
2021-11-20,35-59,28508100,1974735,22627,122583,430
2021-11-20,60-79,18749279,703347,7609,41458,221.1
2021-11-20,80+,6112952,342246,2243,12467,203.9
2021-11-21,00-04,3988681,149682,1251,9424,236.3
2021-11-21,00+,84358845,5392250,42327,345916,410.1
2021-11-21,05-14,7940296,583553,7909,66231,834.1
2021-11-21,15-34,19059537,1613912,10855,89236,468.2
2021-11-21,35-59,28508100,1990163,15428,125626,440.7
2021-11-21,60-79,18749279,708663,5316,42583,227.1
2021-11-21,80+,6112952,343800,1554,12718,208.1
2021-11-22,00-04,3988681,150401,719,9603,240.8
2021-11-22,00+,84358845,5417029,24779,351659,416.9
2021-11-22,05-14,7940296,587824,4271,67348,848.2
2021-11-22,15-34,19059537,1620542,6630,90600,475.4
2021-11-22,35-59,28508100,1999355,9192,127981,448.9
2021-11-22,60-79,18749279,711675,3012,43128,230
2021-11-22,80+,6112952,344747,947,12902,211.1
2021-11-23,00-04,3988681,151598,1197,9895,248.1
2021-11-23,00+,84358845,5463692,46663,363736,431.2
2021-11-23,05-14,7940296,596856,9032,69680,877.5
2021-11-23,15-34,19059537,1632300,11758,93315,489.6
2021-11-23,35-59,28508100,2016529,17174,132635,465.3
2021-11-23,60-79,18749279,717333,5658,44639,238.1
2021-11-23,80+,6112952,346577,1830,13480,220.5
2021-11-24,00-04,3988681,153572,1974,10293,258.1
2021-11-24,00+,84358845,5538239,74547,375280,444.9
2021-11-24,05-14,7940296,611414,14558,71804,904.3
2021-11-24,15-34,19059537,1650299,17999,95366,500.4
2021-11-24,35-59,28508100,2044917,28388,137776,483.3
2021-11-24,60-79,18749279,726406,9073,46082,245.8
2021-11-24,80+,6112952,349109,2532,13859,226.7
2021-11-25,00-04,3988681,155735,2163,10685,267.9
2021-11-25,00+,84358845,5613960,75721,387812,459.7
2021-11-25,05-14,7940296,626260,14846,74410,937.1
2021-11-25,15-34,19059537,1668958,18659,97823,513.2
2021-11-25,35-59,28508100,2072876,27959,142815,501
2021-11-25,60-79,18749279,735822,9416,47702,254.4
2021-11-25,80+,6112952,351756,2647,14258,233.2
2021-11-26,00-04,3988681,157814,2079,11056,277.2
2021-11-26,00+,84358845,5685820,71860,398445,472.3
2021-11-26,05-14,7940296,640055,13795,76641,965.2
2021-11-26,15-34,19059537,1687291,18333,100385,526.7
2021-11-26,35-59,28508100,2099226,26350,147118,516.1
2021-11-26,60-79,18749279,744523,8701,48785,260.2
2021-11-26,80+,6112952,354335,2579,14332,234.5
2021-11-27,00-04,3988681,159644,1830,11213,281.1
2021-11-27,00+,84358845,5749903,64083,399980,474.1
2021-11-27,05-14,7940296,652223,12168,76579,964.4
2021-11-27,15-34,19059537,1703754,16463,100697,528.3
2021-11-27,35-59,28508100,2122764,23538,148029,519.3
2021-11-27,60-79,18749279,752349,7826,49002,261.4
2021-11-27,80+,6112952,356561,2226,14315,234.2
2021-11-28,00-04,3988681,161080,1436,11398,285.8
2021-11-28,00+,84358845,5794828,44925,402578,477.2
2021-11-28,05-14,7940296,660353,8130,76800,967.2
2021-11-28,15-34,19059537,1715272,11518,101360,531.8
2021-11-28,35-59,28508100,2139417,16653,149254,523.5
2021-11-28,60-79,18749279,757934,5585,49271,262.8
2021-11-28,80+,6112952,358149,1588,14349,234.7
2021-11-29,00-04,3988681,161869,789,11468,287.5
2021-11-29,00+,84358845,5820367,25539,403338,478.1
2021-11-29,05-14,7940296,664825,4472,77001,969.7
2021-11-29,15-34,19059537,1721870,6598,101328,531.6
2021-11-29,35-59,28508100,2149117,9700,149762,525.3
2021-11-29,60-79,18749279,760996,3062,49321,263.1
2021-11-29,80+,6112952,359051,902,14304,234
2021-11-30,00-04,3988681,163181,1312,11583,290.4
2021-11-30,00+,84358845,5864710,44343,401018,475.4
2021-11-30,05-14,7940296,673207,8382,76351,961.6
2021-11-30,15-34,19059537,1733188,11318,100888,529.3
2021-11-30,35-59,28508100,2165615,16498,149086,523
2021-11-30,60-79,18749279,766308,5312,48975,261.2
2021-11-30,80+,6112952,360559,1508,13982,228.7
2021-12-01,00-04,3988681,165357,2176,11785,295.5
2021-12-01,00+,84358845,5938323,73613,400084,474.3
2021-12-01,05-14,7940296,687580,14373,76166,959.2
2021-12-01,15-34,19059537,1751440,18252,101141,530.7
2021-12-01,35-59,28508100,2193674,28059,148757,521.8
2021-12-01,60-79,18749279,774849,8541,48443,258.4
2021-12-01,80+,6112952,362750,2191,13641,223.1
2021-12-02,00-04,3988681,167659,2302,11924,298.9
2021-12-02,00+,84358845,6012344,74021,398384,472.2
2021-12-02,05-14,7940296,702069,14489,75809,954.7
2021-12-02,15-34,19059537,1769684,18244,100726,528.5
2021-12-02,35-59,28508100,2221350,27676,148474,520.8
2021-12-02,60-79,18749279,783798,8949,47976,255.9
2021-12-02,80+,6112952,365089,2339,13333,218.1
2021-12-03,00-04,3988681,169840,2181,12026,301.5
2021-12-03,00+,84358845,6080341,67997,394521,467.7
2021-12-03,05-14,7940296,715560,13491,75505,950.9
2021-12-03,15-34,19059537,1786864,17180,99573,522.4
2021-12-03,35-59,28508100,2246270,24920,147044,515.8
2021-12-03,60-79,18749279,791770,7972,47247,252
2021-12-03,80+,6112952,367323,2234,12988,212.5
2021-12-04,00-04,3988681,171790,1950,12146,304.5
2021-12-04,00+,84358845,6142866,62525,392963,465.8
2021-12-04,05-14,7940296,727454,11894,75231,947.5
2021-12-04,15-34,19059537,1802870,16006,99116,520
2021-12-04,35-59,28508100,2269586,23316,146822,515
2021-12-04,60-79,18749279,799117,7347,46768,249.4
2021-12-04,80+,6112952,369309,1986,12748,208.5
2021-12-05,00-04,3988681,173221,1431,12141,304.4
2021-12-05,00+,84358845,6185348,42482,390520,462.9
2021-12-05,05-14,7940296,735372,7918,75019,944.8
2021-12-05,15-34,19059537,1813531,10661,98259,515.5
2021-12-05,35-59,28508100,2285454,15868,146037,512.3
2021-12-05,60-79,18749279,804277,5160,46343,247.2
2021-12-05,80+,6112952,370743,1434,12594,206
2021-12-06,00-04,3988681,173975,754,12106,303.5
2021-12-06,00+,84358845,6208413,23065,388046,460
2021-12-06,05-14,7940296,739572,4200,74747,941.4
2021-12-06,15-34,19059537,1819432,5901,97562,511.9
2021-12-06,35-59,28508100,2294085,8631,144968,508.5
2021-12-06,60-79,18749279,807048,2771,46052,245.6
2021-12-06,80+,6112952,371544,801,12493,204.4
2021-12-07,00-04,3988681,175374,1399,12193,305.7
2021-12-07,00+,84358845,6250921,42508,386211,457.8
2021-12-07,05-14,7940296,747916,8344,74709,940.9
2021-12-07,15-34,19059537,1830218,10786,97030,509.1
2021-12-07,35-59,28508100,2309646,15561,144031,505.2
2021-12-07,60-79,18749279,811982,4934,45674,243.6
2021-12-07,80+,6112952,373000,1456,12441,203.5
2021-12-08,00-04,3988681,177650,2276,12293,308.2
2021-12-08,00+,84358845,6320260,69339,381937,452.8
2021-12-08,05-14,7940296,761699,13783,74119,933.5
2021-12-08,15-34,19059537,1847272,17054,95832,502.8
2021-12-08,35-59,28508100,2336055,26409,142381,499.4
2021-12-08,60-79,18749279,819898,7916,45049,240.3
2021-12-08,80+,6112952,374878,1878,12128,198.4
2021-12-09,00-04,3988681,180000,2350,12341,309.4
2021-12-09,00+,84358845,6387463,67203,375119,444.7
2021-12-09,05-14,7940296,775206,13507,73137,921.1
2021-12-09,15-34,19059537,1864232,16960,94548,496.1
2021-12-09,35-59,28508100,2360430,24375,139080,487.9
2021-12-09,60-79,18749279,827718,7820,43920,234.2
2021-12-09,80+,6112952,377044,2166,11955,195.6
2021-12-10,00-04,3988681,182189,2189,12349,309.6
2021-12-10,00+,84358845,6445129,57666,364788,432.4
2021-12-10,05-14,7940296,787266,12060,71706,903.1
2021-12-10,15-34,19059537,1878633,14401,91769,481.5
2021-12-10,35-59,28508100,2380922,20492,134652,472.3
2021-12-10,60-79,18749279,834297,6579,42527,226.8
2021-12-10,80+,6112952,378961,1917,11638,190.4
2021-12-11,00-04,3988681,184123,1934,12333,309.2
2021-12-11,00+,84358845,6496258,51129,353392,418.9
2021-12-11,05-14,7940296,797671,10405,70217,884.3
2021-12-11,15-34,19059537,1891552,12919,88682,465.3
2021-12-11,35-59,28508100,2399360,18438,129774,455.2
2021-12-11,60-79,18749279,839995,5698,40878,218
2021-12-11,80+,6112952,380683,1722,11374,186.1
2021-12-12,00-04,3988681,185551,1428,12330,309.1
2021-12-12,00+,84358845,6530877,34619,345529,409.6
2021-12-12,05-14,7940296,804571,6900,69199,871.5
2021-12-12,15-34,19059537,1900344,8792,86813,455.5
2021-12-12,35-59,28508100,2411750,12390,126296,443
2021-12-12,60-79,18749279,843963,3968,39686,211.7
2021-12-12,80+,6112952,381810,1127,11067,181
2021-12-13,00-04,3988681,186195,644,12220,306.4
2021-12-13,00+,84358845,6546408,15531,337995,400.7
2021-12-13,05-14,7940296,807530,2959,67958,855.9
2021-12-13,15-34,19059537,1904412,4068,84980,445.9
2021-12-13,35-59,28508100,2417368,5618,123283,432.4
2021-12-13,60-79,18749279,845729,1766,38681,206.3
2021-12-13,80+,6112952,382279,469,10735,175.6
2021-12-14,00-04,3988681,187388,1193,12014,301.2
2021-12-14,00+,84358845,6577997,31589,327076,387.7
2021-12-14,05-14,7940296,813903,6373,65987,831
2021-12-14,15-34,19059537,1912541,8129,82323,431.9
2021-12-14,35-59,28508100,2428782,11414,119136,417.9
2021-12-14,60-79,18749279,849108,3379,37126,198
2021-12-14,80+,6112952,383303,1024,10303,168.5
2021-12-15,00-04,3988681,189601,2213,11951,299.6
2021-12-15,00+,84358845,6638206,60209,317946,376.9
2021-12-15,05-14,7940296,826415,12512,64716,815
2021-12-15,15-34,19059537,1927602,15061,80330,421.5
2021-12-15,35-59,28508100,2451067,22285,115012,403.4
2021-12-15,60-79,18749279,855457,6349,35559,189.7
2021-12-15,80+,6112952,385058,1755,10180,166.5
2021-12-16,00-04,3988681,191687,2086,11687,293
2021-12-16,00+,84358845,6690629,52423,303166,359.4
2021-12-16,05-14,7940296,837451,11036,62245,783.9
2021-12-16,15-34,19059537,1940993,13391,76761,402.7
2021-12-16,35-59,28508100,2469745,18678,109315,383.5
2021-12-16,60-79,18749279,860950,5493,33232,177.2
2021-12-16,80+,6112952,386782,1724,9738,159.3
2021-12-17,00-04,3988681,193630,1943,11441,286.8
2021-12-17,00+,84358845,6737886,47257,292757,347
2021-12-17,05-14,7940296,847574,10123,60308,759.5
2021-12-17,15-34,19059537,1953313,12320,74680,391.8
2021-12-17,35-59,28508100,2486384,16639,105462,369.9
2021-12-17,60-79,18749279,865649,4699,31352,167.2
2021-12-17,80+,6112952,388280,1498,9319,152.4
2021-12-18,00-04,3988681,195288,1658,11165,279.9
2021-12-18,00+,84358845,6779152,41266,282894,335.3
2021-12-18,05-14,7940296,855949,8375,58278,734
2021-12-18,15-34,19059537,1964274,10961,72722,381.6
2021-12-18,35-59,28508100,2500957,14573,101597,356.4
2021-12-18,60-79,18749279,869999,4350,30004,160
2021-12-18,80+,6112952,389611,1331,8928,146.1
2021-12-19,00-04,3988681,196512,1224,10961,274.8
2021-12-19,00+,84358845,6807673,28521,276796,328.1
2021-12-19,05-14,7940296,861813,5864,57242,720.9
2021-12-19,15-34,19059537,1971896,7622,71552,375.4
2021-12-19,35-59,28508100,2510941,9984,99191,347.9
2021-12-19,60-79,18749279,872958,2959,28995,154.6
2021-12-19,80+,6112952,390467,856,8657,141.6
2021-12-20,00-04,3988681,197025,513,10830,271.5
2021-12-20,00+,84358845,6819900,12227,273492,324.2
2021-12-20,05-14,7940296,864113,2300,56583,712.6
2021-12-20,15-34,19059537,1975347,3451,70935,372.2
2021-12-20,35-59,28508100,2515300,4359,97932,343.5
2021-12-20,60-79,18749279,874179,1221,28450,151.7
2021-12-20,80+,6112952,390849,382,8570,140.2
2021-12-21,00-04,3988681,198061,1036,10673,267.6
2021-12-21,00+,84358845,6846860,26960,268863,318.7
2021-12-21,05-14,7940296,869509,5396,55606,700.3
2021-12-21,15-34,19059537,1983006,7659,70465,369.7
2021-12-21,35-59,28508100,2524721,9421,95939,336.5
2021-12-21,60-79,18749279,876827,2648,27719,147.8
2021-12-21,80+,6112952,391636,787,8333,136.3
2021-12-22,00-04,3988681,199852,1791,10251,257
2021-12-22,00+,84358845,6895110,48250,256904,304.5
2021-12-22,05-14,7940296,879308,9799,52893,666.1
2021-12-22,15-34,19059537,1995659,12653,68057,357.1
2021-12-22,35-59,28508100,2542586,17865,91519,321
2021-12-22,60-79,18749279,881660,4833,26203,139.8
2021-12-22,80+,6112952,392931,1295,7873,128.8
2021-12-23,00-04,3988681,201589,1737,9902,248.3
2021-12-23,00+,84358845,6936024,40914,245395,290.9
2021-12-23,05-14,7940296,887603,8295,50152,631.6
2021-12-23,15-34,19059537,2007049,11390,66056,346.6
2021-12-23,35-59,28508100,2556717,14131,86972,305.1
2021-12-23,60-79,18749279,885776,4116,24826,132.4
2021-12-23,80+,6112952,394166,1235,7384,120.8
2021-12-24,00-04,3988681,203024,1435,9394,235.5
2021-12-24,00+,84358845,6971000,34976,233114,276.3
2021-12-24,05-14,7940296,894564,6961,46990,591.8
2021-12-24,15-34,19059537,2017395,10346,64082,336.2
2021-12-24,35-59,28508100,2568481,11764,82097,288
2021-12-24,60-79,18749279,889213,3437,23564,125.7
2021-12-24,80+,6112952,395182,1016,6902,112.9
2021-12-25,00-04,3988681,203891,867,8603,215.7
2021-12-25,00+,84358845,6992894,21894,213742,253.4
2021-12-25,05-14,7940296,898436,3872,42487,535.1
2021-12-25,15-34,19059537,2024186,6791,59912,314.3
2021-12-25,35-59,28508100,2576222,7741,75265,264
2021-12-25,60-79,18749279,891242,2029,21243,113.3
2021-12-25,80+,6112952,395765,583,6154,100.7
2021-12-26,00-04,3988681,204249,358,7737,194
2021-12-26,00+,84358845,7003317,10423,195644,231.9
2021-12-26,05-14,7940296,900109,1673,38296,482.3
2021-12-26,15-34,19059537,2027669,3483,55773,292.6
2021-12-26,35-59,28508100,2579929,3707,68988,242
2021-12-26,60-79,18749279,892142,900,19184,102.3
2021-12-26,80+,6112952,396062,297,5595,91.5
2021-12-27,00-04,3988681,204558,309,7533,188.9
2021-12-27,00+,84358845,7013723,10406,193823,229.8
2021-12-27,05-14,7940296,901732,1623,37619,473.8
2021-12-27,15-34,19059537,2031289,3620,55942,293.5
2021-12-27,35-59,28508100,2583575,3646,68275,239.5
2021-12-27,60-79,18749279,893080,938,18901,100.8
2021-12-27,80+,6112952,396327,265,5478,89.6
2021-12-28,00-04,3988681,205385,827,7324,183.6
2021-12-28,00+,84358845,7038202,24479,191342,226.8
2021-12-28,05-14,7940296,905295,3563,35786,450.7
2021-12-28,15-34,19059537,2039543,8254,56537,296.6
2021-12-28,35-59,28508100,2592507,8932,67786,237.8
2021-12-28,60-79,18749279,895361,2281,18534,98.9
2021-12-28,80+,6112952,396942,615,5306,86.8
2021-12-29,00-04,3988681,206770,1385,6918,173.4
2021-12-29,00+,84358845,7081545,43343,186435,221
2021-12-29,05-14,7940296,911410,6115,32102,404.3
2021-12-29,15-34,19059537,2053513,13970,57854,303.5
2021-12-29,35-59,28508100,2609140,16633,66554,233.5
2021-12-29,60-79,18749279,899585,4224,17925,95.6
2021-12-29,80+,6112952,397939,997,5008,81.9
2021-12-30,00-04,3988681,208043,1273,6454,161.8
2021-12-30,00+,84358845,7123196,41651,187172,221.9
2021-12-30,05-14,7940296,917056,5646,29453,370.9
2021-12-30,15-34,19059537,2067759,14246,60710,318.5
2021-12-30,35-59,28508100,2624464,15324,67747,237.6
2021-12-30,60-79,18749279,903633,4048,17857,95.2
2021-12-30,80+,6112952,399043,1104,4877,79.8
2021-12-31,00-04,3988681,209214,1171,6190,155.2
2021-12-31,00+,84358845,7164657,41461,193657,229.6
2021-12-31,05-14,7940296,922308,5252,27744,349.4
2021-12-31,15-34,19059537,2082775,15016,65380,343
2021-12-31,35-59,28508100,2639228,14764,70747,248.2
2021-12-31,60-79,18749279,907745,4112,18532,98.8
2021-12-31,80+,6112952,400170,1127,4988,81.6
2022-01-01,00-04,3988681,210077,863,6186,155.1
2022-01-01,00+,84358845,7193619,28962,200725,237.9
2022-01-01,05-14,7940296,925911,3603,27475,346
2022-01-01,15-34,19059537,2093729,10954,69543,364.9
2022-01-01,35-59,28508100,2649108,9880,72886,255.7
2022-01-01,60-79,18749279,910644,2899,19402,103.5
2022-01-01,80+,6112952,400917,747,5152,84.3
2022-01-02,00-04,3988681,210487,410,6238,156.4
2022-01-02,00+,84358845,7207845,14226,204528,242.4
2022-01-02,05-14,7940296,927673,1762,27564,347.1
2022-01-02,15-34,19059537,2099194,5465,71525,375.3
2022-01-02,35-59,28508100,2654085,4977,74156,260.1
2022-01-02,60-79,18749279,911921,1277,19779,105.5
2022-01-02,80+,6112952,401246,329,5184,84.8
2022-01-03,00-04,3988681,210909,422,6351,159.2
2022-01-03,00+,84358845,7222422,14577,208699,247.4
2022-01-03,05-14,7940296,929359,1686,27627,347.9
2022-01-03,15-34,19059537,2105021,5827,73732,386.9
2022-01-03,35-59,28508100,2659187,5102,75612,265.2
2022-01-03,60-79,18749279,913139,1218,20059,107
2022-01-03,80+,6112952,401557,311,5230,85.6
2022-01-04,00-04,3988681,211782,873,6397,160.4
2022-01-04,00+,84358845,7258372,35950,220170,261
2022-01-04,05-14,7940296,933493,4134,28198,355.1
2022-01-04,15-34,19059537,2119324,14303,79781,418.6
2022-01-04,35-59,28508100,2671969,12782,79462,278.7
2022-01-04,60-79,18749279,916145,3006,20784,110.9
2022-01-04,80+,6112952,402389,832,5447,89.1
2022-01-05,00-04,3988681,213442,1660,6672,167.3
2022-01-05,00+,84358845,7322896,64524,241351,286.1
2022-01-05,05-14,7940296,940904,7411,29494,371.4
2022-01-05,15-34,19059537,2144998,25674,91485,480
2022-01-05,35-59,28508100,2694765,22796,85625,300.4
2022-01-05,60-79,18749279,921699,5554,22114,117.9
2022-01-05,80+,6112952,403781,1392,5842,95.6
2022-01-06,00-04,3988681,215169,1727,7126,178.7
2022-01-06,00+,84358845,7387383,64487,264187,313.2
2022-01-06,05-14,7940296,948043,7139,30987,390.2
2022-01-06,15-34,19059537,2172516,27518,104757,549.6
2022-01-06,35-59,28508100,2716376,21611,91912,322.4
2022-01-06,60-79,18749279,926871,5172,23238,123.9
2022-01-06,80+,6112952,405081,1300,6038,98.8
2022-01-07,00-04,3988681,216627,1458,7413,185.9
2022-01-07,00+,84358845,7443669,56286,279012,330.7
2022-01-07,05-14,7940296,954504,6461,32196,405.5
2022-01-07,15-34,19059537,2197524,25008,114749,602.1
2022-01-07,35-59,28508100,2734466,18090,95238,334.1
2022-01-07,60-79,18749279,931091,4220,23346,124.5
2022-01-07,80+,6112952,406106,1025,5936,97.1
2022-01-08,00-04,3988681,218278,1651,8201,205.6
2022-01-08,00+,84358845,7499550,55881,305931,362.7
2022-01-08,05-14,7940296,961316,6812,35405,445.9
2022-01-08,15-34,19059537,2221653,24129,127924,671.2
2022-01-08,35-59,28508100,2752659,18193,103551,363.2
2022-01-08,60-79,18749279,935122,4031,24478,130.6
2022-01-08,80+,6112952,407152,1046,6235,102
2022-01-09,00-04,3988681,219394,1116,8907,223.3
2022-01-09,00+,84358845,7536595,37045,328750,389.7
2022-01-09,05-14,7940296,966120,4804,38447,484.2
2022-01-09,15-34,19059537,2236747,15094,137553,721.7
2022-01-09,35-59,28508100,2765211,12552,111126,389.8
2022-01-09,60-79,18749279,937910,2788,25989,138.6
2022-01-09,80+,6112952,407830,678,6584,107.7
2022-01-10,00-04,3988681,220044,650,9135,229
2022-01-10,00+,84358845,7560339,23744,337917,400.6
2022-01-10,05-14,7940296,969158,3038,39799,501.2
2022-01-10,15-34,19059537,2246851,10104,141830,744.1
2022-01-10,35-59,28508100,2773248,8037,114061,400.1
2022-01-10,60-79,18749279,939498,1588,26359,140.6
2022-01-10,80+,6112952,408139,309,6582,107.7
2022-01-11,00-04,3988681,221679,1635,9897,248.1
2022-01-11,00+,84358845,7614059,53720,355687,421.6
2022-01-11,05-14,7940296,977063,7905,43570,548.7
2022-01-11,15-34,19059537,2268815,21964,149491,784.3
2022-01-11,35-59,28508100,2791322,18074,119353,418.7
2022-01-11,60-79,18749279,942862,3364,26717,142.5
2022-01-11,80+,6112952,408905,766,6516,106.6
2022-01-12,00-04,3988681,224463,2784,11021,276.3
2022-01-12,00+,84358845,7700173,86114,377277,447.2
2022-01-12,05-14,7940296,992428,15365,51524,648.9
2022-01-12,15-34,19059537,2301368,32553,156370,820.4
2022-01-12,35-59,28508100,2820240,28918,125475,440.1
2022-01-12,60-79,18749279,948205,5343,26506,141.4
2022-01-12,80+,6112952,410010,1105,6229,101.9
2022-01-13,00-04,3988681,227798,3335,12629,316.6
2022-01-13,00+,84358845,7788589,88416,401206,475.6
2022-01-13,05-14,7940296,1008562,16134,60519,762.2
2022-01-13,15-34,19059537,2334724,33356,162208,851.1
2022-01-13,35-59,28508100,2848936,28696,132560,465
2022-01-13,60-79,18749279,953763,5558,26892,143.4
2022-01-13,80+,6112952,411308,1298,6227,101.9
2022-01-14,00-04,3988681,231132,3334,14505,363.7
2022-01-14,00+,84358845,7872663,84074,428994,508.5
2022-01-14,05-14,7940296,1023717,15155,69213,871.7
2022-01-14,15-34,19059537,2366467,31743,168943,886.4
2022-01-14,35-59,28508100,2876300,27364,141834,497.5
2022-01-14,60-79,18749279,958890,5127,27799,148.3
2022-01-14,80+,6112952,412626,1318,6520,106.7
2022-01-15,00-04,3988681,234605,3473,16327,409.3
2022-01-15,00+,84358845,7953412,80749,453862,538
2022-01-15,05-14,7940296,1038503,14786,77187,972.1
2022-01-15,15-34,19059537,2396442,29975,174789,917.1
2022-01-15,35-59,28508100,2902648,26348,149989,526.1
2022-01-15,60-79,18749279,963821,4931,28699,153.1
2022-01-15,80+,6112952,413815,1189,6663,109
2022-01-16,00-04,3988681,237323,2718,17929,449.5
2022-01-16,00+,84358845,8010762,57350,474167,562.1
2022-01-16,05-14,7940296,1049117,10614,82997,1045.3
2022-01-16,15-34,19059537,2417137,20695,180390,946.5
2022-01-16,35-59,28508100,2921500,18852,156289,548.2
2022-01-16,60-79,18749279,967392,3571,29482,157.2
2022-01-16,80+,6112952,414696,881,6866,112.3
2022-01-17,00-04,3988681,239074,1751,19030,477.1
2022-01-17,00+,84358845,8046369,35607,486030,576.1
2022-01-17,05-14,7940296,1055498,6381,86340,1087.4
2022-01-17,15-34,19059537,2430261,13124,183410,962.3
2022-01-17,35-59,28508100,2933203,11703,159955,561.1
2022-01-17,60-79,18749279,969545,2153,30047,160.3
2022-01-17,80+,6112952,415177,481,7038,115.1
2022-01-18,00-04,3988681,243077,4003,21398,536.5
2022-01-18,00+,84358845,8129085,82716,515026,610.5
2022-01-18,05-14,7940296,1071922,16424,94859,1194.7
2022-01-18,15-34,19059537,2459314,29053,190499,999.5
2022-01-18,35-59,28508100,2960349,27146,169027,592.9
2022-01-18,60-79,18749279,974439,4894,31577,168.4
2022-01-18,80+,6112952,416333,1156,7428,121.5
2022-01-19,00-04,3988681,249270,6193,24807,621.9
2022-01-19,00+,84358845,8255834,126749,555661,658.7
2022-01-19,05-14,7940296,1100530,28608,108102,1361.4
2022-01-19,15-34,19059537,2500288,40974,198920,1043.7
2022-01-19,35-59,28508100,3002118,41769,181878,638
2022-01-19,60-79,18749279,981870,7431,33665,179.6
2022-01-19,80+,6112952,418041,1708,8031,131.4
2022-01-20,00-04,3988681,256640,7370,28842,723.1
2022-01-20,00+,84358845,8396013,140179,607424,720
2022-01-20,05-14,7940296,1132754,32224,124192,1564.1
2022-01-20,15-34,19059537,2545312,45024,210588,1104.9
2022-01-20,35-59,28508100,3047600,45482,198664,696.9
2022-01-20,60-79,18749279,989951,8081,36188,193
2022-01-20,80+,6112952,419952,1911,8644,141.4
2022-01-21,00-04,3988681,264229,7589,33097,829.8
2022-01-21,00+,84358845,8540622,144609,667959,791.8
2022-01-21,05-14,7940296,1165830,33076,142113,1789.8
2022-01-21,15-34,19059537,2591850,46538,225383,1182.5
2022-01-21,35-59,28508100,3094724,47124,218424,766.2
2022-01-21,60-79,18749279,997969,8018,39079,208.4
2022-01-21,80+,6112952,422130,2178,9504,155.5
2022-01-22,00-04,3988681,271726,7497,37121,930.7
2022-01-22,00+,84358845,8684787,144165,731375,867
2022-01-22,05-14,7940296,1198470,32640,159967,2014.6
2022-01-22,15-34,19059537,2638074,46224,241632,1267.8
2022-01-22,35-59,28508100,3141902,47178,239254,839.2
2022-01-22,60-79,18749279,1006372,8403,42551,226.9
2022-01-22,80+,6112952,424280,2150,10465,171.2
2022-01-23,00-04,3988681,276940,5214,39617,993.2
2022-01-23,00+,84358845,8781126,96339,770364,913.2
2022-01-23,05-14,7940296,1219823,21353,170706,2149.9
2022-01-23,15-34,19059537,2668480,30406,251343,1318.7
2022-01-23,35-59,28508100,3173800,31898,252300,885
2022-01-23,60-79,18749279,1012301,5929,44909,239.5
2022-01-23,80+,6112952,425780,1500,11084,181.3
2022-01-24,00-04,3988681,280159,3219,41085,1030
2022-01-24,00+,84358845,8843106,61980,796737,944.5
2022-01-24,05-14,7940296,1233434,13611,177936,2240.9
2022-01-24,15-34,19059537,2688294,19814,258033,1353.8
2022-01-24,35-59,28508100,3194528,20728,261325,916.7
2022-01-24,60-79,18749279,1015974,3673,46429,247.6
2022-01-24,80+,6112952,426682,902,11505,188.2
2022-01-25,00-04,3988681,286965,6806,43888,1100.3
2022-01-25,00+,84358845,8982496,139390,853411,1011.6
2022-01-25,05-14,7940296,1265289,31855,193367,2435.3
2022-01-25,15-34,19059537,2732318,44024,273004,1432.4
2022-01-25,35-59,28508100,3241097,46569,280748,984.8
2022-01-25,60-79,18749279,1024021,8047,49582,264.4
2022-01-25,80+,6112952,428677,1995,12344,201.9
2022-01-26,00-04,3988681,296095,9130,46825,1173.9
2022-01-26,00+,84358845,9176008,193512,920174,1090.8
2022-01-26,05-14,7940296,1312495,47206,211965,2669.5
2022-01-26,15-34,19059537,2789251,56933,288963,1516.1
2022-01-26,35-59,28508100,3307223,66126,305105,1070.2
2022-01-26,60-79,18749279,1035457,11436,53587,285.8
2022-01-26,80+,6112952,431243,2566,13202,216
2022-01-27,00-04,3988681,305309,9214,48669,1220.2
2022-01-27,00+,84358845,9370919,194911,974906,1155.7
2022-01-27,05-14,7940296,1359156,46661,226402,2851.3
2022-01-27,15-34,19059537,2848071,58820,302759,1588.5
2022-01-27,35-59,28508100,3373070,65847,325470,1141.7
2022-01-27,60-79,18749279,1046960,11503,57009,304.1
2022-01-27,80+,6112952,433991,2748,14039,229.7
2022-01-28,00-04,3988681,314425,9116,50196,1258.5
2022-01-28,00+,84358845,9570248,199329,1029626,1220.5
2022-01-28,05-14,7940296,1406359,47203,240529,3029.2
2022-01-28,15-34,19059537,2908796,60725,316946,1662.9
2022-01-28,35-59,28508100,3440551,67481,345827,1213.1
2022-01-28,60-79,18749279,1058617,11657,60648,323.5
2022-01-28,80+,6112952,437011,3020,14881,243.4
2022-01-29,00-04,3988681,322786,8361,51060,1280.1
2022-01-29,00+,84358845,9758303,188055,1073516,1272.6
2022-01-29,05-14,7940296,1449290,42931,250820,3158.8
2022-01-29,15-34,19059537,2966051,57255,327977,1720.8
2022-01-29,35-59,28508100,3505602,65051,363700,1275.8
2022-01-29,60-79,18749279,1070075,11458,63703,339.8
2022-01-29,80+,6112952,439883,2872,15603,255.2
2022-01-30,00-04,3988681,328352,5566,51412,1288.9
2022-01-30,00+,84358845,9883253,124950,1102127,1306.5
2022-01-30,05-14,7940296,1477905,28615,258082,3250.3
2022-01-30,15-34,19059537,3003455,37404,334975,1757.5
2022-01-30,35-59,28508100,3548803,43201,375003,1315.4
2022-01-30,60-79,18749279,1078073,7998,65772,350.8
2022-01-30,80+,6112952,441968,2085,16188,264.8
2022-01-31,00-04,3988681,331669,3317,51510,1291.4
2022-01-31,00+,84358845,9958138,74885,1115032,1321.8
2022-01-31,05-14,7940296,1494565,16660,261131,3288.7
2022-01-31,15-34,19059537,3025968,22513,337674,1771.7
2022-01-31,35-59,28508100,3575231,26428,380703,1335.4
2022-01-31,60-79,18749279,1082787,4714,66813,356.3
2022-01-31,80+,6112952,443174,1206,16492,269.8
2022-02-01,00-04,3988681,338457,6788,51492,1291
2022-02-01,00+,84358845,10117561,159423,1135065,1345.5
2022-02-01,05-14,7940296,1530501,35936,265212,3340.1
2022-02-01,15-34,19059537,3074011,48043,341693,1792.8
2022-02-01,35-59,28508100,3631475,56244,390378,1369.4
2022-02-01,60-79,18749279,1092554,9767,68533,365.5
2022-02-01,80+,6112952,445704,2530,17027,278.5
2022-02-02,00-04,3988681,347486,9029,51391,1288.4
2022-02-02,00+,84358845,10348505,230944,1172497,1389.9
2022-02-02,05-14,7940296,1583111,52610,270616,3408.1
2022-02-02,15-34,19059537,3141439,67428,352188,1847.8
2022-02-02,35-59,28508100,3714483,83008,407260,1428.6
2022-02-02,60-79,18749279,1107512,14958,72055,384.3
2022-02-02,80+,6112952,449459,3755,18216,298
2022-02-03,00-04,3988681,357393,9907,52084,1305.8
2022-02-03,00+,84358845,10588033,239528,1217114,1442.8
2022-02-03,05-14,7940296,1637075,53964,277919,3500.1
2022-02-03,15-34,19059537,3212525,71086,364454,1912.2
2022-02-03,35-59,28508100,3799028,84545,425958,1494.2
2022-02-03,60-79,18749279,1123087,15575,76127,406
2022-02-03,80+,6112952,453735,4276,19744,323
2022-02-04,00-04,3988681,366690,9297,52265,1310.3
2022-02-04,00+,84358845,10825144,237111,1254896,1487.6
2022-02-04,05-14,7940296,1689694,52619,283335,3568.3
2022-02-04,15-34,19059537,3283882,71357,375086,1968
2022-02-04,35-59,28508100,3882535,83507,441984,1550.4
2022-02-04,60-79,18749279,1138814,15727,80197,427.7
2022-02-04,80+,6112952,458072,4337,21061,344.5
2022-02-05,00-04,3988681,374889,8199,52103,1306.3
2022-02-05,00+,84358845,11034959,209815,1276656,1513.4
2022-02-05,05-14,7940296,1734256,44562,284966,3588.9
2022-02-05,15-34,19059537,3347285,63403,381234,2000.2
2022-02-05,35-59,28508100,3957489,74954,451887,1585.1
2022-02-05,60-79,18749279,1153266,14452,83191,443.7
2022-02-05,80+,6112952,462160,4088,22277,364.4
2022-02-06,00-04,3988681,380320,5431,51968,1302.9
2022-02-06,00+,84358845,11168295,133336,1285042,1523.3
2022-02-06,05-14,7940296,1762538,28282,284633,3584.7
2022-02-06,15-34,19059537,3386898,39613,383443,2011.8
2022-02-06,35-59,28508100,4004887,47398,456084,1599.8
2022-02-06,60-79,18749279,1163037,9771,84964,453.2
2022-02-06,80+,6112952,464931,2771,22963,375.6
2022-02-07,00-04,3988681,383628,3308,51959,1302.7
2022-02-07,00+,84358845,11251210,82915,1293072,1532.8
2022-02-07,05-14,7940296,1779473,16935,284908,3588.1
2022-02-07,15-34,19059537,3411829,24931,385861,2024.5
2022-02-07,35-59,28508100,4035007,30120,459776,1612.8
2022-02-07,60-79,18749279,1168931,5894,86144,459.5
2022-02-07,80+,6112952,466621,1690,23447,383.6
2022-02-08,00-04,3988681,390502,6874,52045,1304.8
2022-02-08,00+,84358845,11429571,178361,1312010,1555.3
2022-02-08,05-14,7940296,1816165,36692,285664,3597.6
2022-02-08,15-34,19059537,3465596,53767,391585,2054.5
2022-02-08,35-59,28508100,4100020,65013,468545,1643.6
2022-02-08,60-79,18749279,1181488,12557,88934,474.3
2022-02-08,80+,6112952,469971,3350,24267,397
2022-02-09,00-04,3988681,400400,9898,52914,1326.6
2022-02-09,00+,84358845,11680615,251044,1332110,1579.1
2022-02-09,05-14,7940296,1869346,53181,286235,3604.8
2022-02-09,15-34,19059537,3538006,72410,396567,2080.7
2022-02-09,35-59,28508100,4191841,91821,477358,1674.5
2022-02-09,60-79,18749279,1199984,18496,92472,493.2
2022-02-09,80+,6112952,475083,5112,25624,419.2
2022-02-10,00-04,3988681,410577,10177,53184,1333.4
2022-02-10,00+,84358845,11928095,247480,1340062,1588.5
2022-02-10,05-14,7940296,1920356,51010,283281,3567.6
2022-02-10,15-34,19059537,3611012,73006,398487,2090.7
2022-02-10,35-59,28508100,4280533,88692,481505,1689
2022-02-10,60-79,18749279,1218701,18717,95614,510
2022-02-10,80+,6112952,480766,5683,27031,442.2
2022-02-11,00-04,3988681,419856,9279,53166,1332.9
2022-02-11,00+,84358845,12158211,230116,1333067,1580.2
2022-02-11,05-14,7940296,1966569,46213,276875,3487
2022-02-11,15-34,19059537,3680772,69760,396890,2082.4
2022-02-11,35-59,28508100,4362405,81872,479870,1683.3
2022-02-11,60-79,18749279,1236087,17386,97273,518.8
2022-02-11,80+,6112952,486257,5491,28185,461.1
2022-02-12,00-04,3988681,428166,8310,53277,1335.7
2022-02-12,00+,84358845,12364864,206653,1329905,1576.5
2022-02-12,05-14,7940296,2005976,39407,271720,3422
2022-02-12,15-34,19059537,3743606,62834,396321,2079.4
2022-02-12,35-59,28508100,4436794,74389,479305,1681.3
2022-02-12,60-79,18749279,1252420,16333,99154,528.8
2022-02-12,80+,6112952,491529,5272,29369,480.4
2022-02-13,00-04,3988681,433219,5053,52899,1326.2
2022-02-13,00+,84358845,12487400,122536,1319105,1563.7
2022-02-13,05-14,7940296,2029684,23708,267146,3364.4
2022-02-13,15-34,19059537,3780200,36594,393302,2063.5
2022-02-13,35-59,28508100,4480750,43956,475863,1669.2
2022-02-13,60-79,18749279,1262467,10047,99430,530.3
2022-02-13,80+,6112952,494647,3118,29716,486.1
2022-02-14,00-04,3988681,436394,3175,52766,1322.9
2022-02-14,00+,84358845,12561681,74281,1310471,1553.4
2022-02-14,05-14,7940296,2043426,13742,263953,3324.2
2022-02-14,15-34,19059537,3802815,22615,390986,2051.4
2022-02-14,35-59,28508100,4507805,27055,472798,1658.5
2022-02-14,60-79,18749279,1268427,5960,99496,530.7
2022-02-14,80+,6112952,496332,1685,29711,486
2022-02-15,00-04,3988681,442632,6238,52130,1306.9
2022-02-15,00+,84358845,12720533,158852,1290962,1530.3
2022-02-15,05-14,7940296,2073344,29918,257179,3238.9
2022-02-15,15-34,19059537,3850664,47849,385068,2020.3
2022-02-15,35-59,28508100,4565958,58153,465938,1634.4
2022-02-15,60-79,18749279,1281360,12933,99872,532.7
2022-02-15,80+,6112952,499971,3639,30000,490.8
2022-02-16,00-04,3988681,451844,9212,51444,1289.7
2022-02-16,00+,84358845,12949510,228977,1268895,1504.2
2022-02-16,05-14,7940296,2117239,43895,247893,3122
2022-02-16,15-34,19059537,3916777,66113,378771,1987.3
2022-02-16,35-59,28508100,4651002,85044,459161,1610.6
2022-02-16,60-79,18749279,1300367,19007,100383,535.4
2022-02-16,80+,6112952,505577,5606,30494,498.8
2022-02-17,00-04,3988681,461353,9509,50776,1273
2022-02-17,00+,84358845,13179704,230194,1251609,1483.7
2022-02-17,05-14,7940296,2160557,43318,240201,3025.1
2022-02-17,15-34,19059537,3985423,68646,374411,1964.4
2022-02-17,35-59,28508100,4734193,83191,453660,1591.3
2022-02-17,60-79,18749279,1319470,19103,100769,537.5
2022-02-17,80+,6112952,511883,6306,31117,509
2022-02-18,00-04,3988681,470147,8794,50291,1260.8
2022-02-18,00+,84358845,13393009,213305,1234798,1463.7
2022-02-18,05-14,7940296,2198700,38143,232131,2923.5
2022-02-18,15-34,19059537,4052077,66654,371305,1948.1
2022-02-18,35-59,28508100,4810363,76170,447958,1571.3
2022-02-18,60-79,18749279,1337032,17562,100945,538.4
2022-02-18,80+,6112952,517749,5866,31492,515.2
2022-02-19,00-04,3988681,477041,6894,48875,1225.3
2022-02-19,00+,84358845,13572015,179006,1207151,1431
2022-02-19,05-14,7940296,2228014,29314,222038,2796.3
2022-02-19,15-34,19059537,4108093,56016,364487,1912.4
2022-02-19,35-59,28508100,4876142,65779,439348,1541.1
2022-02-19,60-79,18749279,1352952,15920,100532,536.2
2022-02-19,80+,6112952,522722,4973,31193,510.3
2022-02-20,00-04,3988681,481852,4811,48633,1219.3
2022-02-20,00+,84358845,13691918,119903,1204518,1427.9
2022-02-20,05-14,7940296,2248024,20010,218340,2749.8
2022-02-20,15-34,19059537,4144657,36564,364457,1912.2
2022-02-20,35-59,28508100,4920101,43959,439351,1541.1
2022-02-20,60-79,18749279,1364009,11057,101542,541.6
2022-02-20,80+,6112952,526147,3425,31500,515.3
2022-02-21,00-04,3988681,484336,2484,47942,1202
2022-02-21,00+,84358845,13756184,64266,1194503,1416
2022-02-21,05-14,7940296,2258717,10693,215291,2711.4
2022-02-21,15-34,19059537,4164739,20082,361924,1898.9
2022-02-21,35-59,28508100,4943570,23469,435765,1528.6
2022-02-21,60-79,18749279,1369713,5704,101286,540.2
2022-02-21,80+,6112952,527939,1792,31607,517
2022-02-22,00-04,3988681,489935,5599,47303,1185.9
2022-02-22,00+,84358845,13895914,139730,1175381,1393.3
2022-02-22,05-14,7940296,2282234,23517,208890,2630.8
2022-02-22,15-34,19059537,4207199,42460,356535,1870.6
2022-02-22,35-59,28508100,4995746,52176,429788,1507.6
2022-02-22,60-79,18749279,1382097,12384,100737,537.3
2022-02-22,80+,6112952,531464,3525,31493,515.2
2022-02-23,00-04,3988681,498937,9002,47093,1180.7
2022-02-23,00+,84358845,14114714,218800,1165204,1381.2
2022-02-23,05-14,7940296,2320629,38395,203390,2561.5
2022-02-23,15-34,19059537,4270469,63270,353692,1855.7
2022-02-23,35-59,28508100,5078096,82350,427094,1498.1
2022-02-23,60-79,18749279,1401817,19720,101450,541.1
2022-02-23,80+,6112952,537409,5945,31832,520.7
2022-02-24,00-04,3988681,507719,8782,46366,1162.4
2022-02-24,00+,84358845,14323023,208309,1143319,1355.3
2022-02-24,05-14,7940296,2355433,34804,194876,2454.3
2022-02-24,15-34,19059537,4332676,62207,347253,1821.9
2022-02-24,35-59,28508100,5154476,76380,420283,1474.3
2022-02-24,60-79,18749279,1421191,19374,101721,542.5
2022-02-24,80+,6112952,544059,6650,32176,526.4
2022-02-25,00-04,3988681,515651,7932,45504,1140.8
2022-02-25,00+,84358845,14513065,190042,1120056,1327.7
2022-02-25,05-14,7940296,2385748,30315,187048,2355.7
2022-02-25,15-34,19059537,4392047,59371,339970,1783.7
2022-02-25,35-59,28508100,5222837,68361,412474,1446.9
2022-02-25,60-79,18749279,1439161,17970,102129,544.7
2022-02-25,80+,6112952,550056,5997,32307,528.5
2022-02-26,00-04,3988681,522704,7053,45663,1144.8
2022-02-26,00+,84358845,14684895,171830,1112880,1319.2
2022-02-26,05-14,7940296,2412571,26823,184557,2324.3
2022-02-26,15-34,19059537,4445172,53125,337079,1768.6
2022-02-26,35-59,28508100,5284983,62146,408841,1434.1
2022-02-26,60-79,18749279,1455871,16710,102919,548.9
2022-02-26,80+,6112952,555920,5864,33198,543.1
2022-02-27,00-04,3988681,527424,4720,45572,1142.5
2022-02-27,00+,84358845,14793732,108837,1101814,1306.1
2022-02-27,05-14,7940296,2429423,16852,181399,2284.5
2022-02-27,15-34,19059537,4478275,33103,333618,1750.4
2022-02-27,35-59,28508100,5324634,39651,404533,1419
2022-02-27,60-79,18749279,1466664,10793,102655,547.5
2022-02-27,80+,6112952,559563,3643,33416,546.6
2022-02-28,00-04,3988681,529880,2456,45544,1141.8
2022-02-28,00+,84358845,14849286,55554,1093102,1295.8
2022-02-28,05-14,7940296,2438053,8630,179336,2258.6
2022-02-28,15-34,19059537,4495352,17077,330613,1734.6
2022-02-28,35-59,28508100,5345024,20390,401454,1408.2
2022-02-28,60-79,18749279,1471919,5255,102206,545.1
2022-02-28,80+,6112952,561270,1707,33331,545.3
2022-03-01,00-04,3988681,535195,5315,45260,1134.7
2022-03-01,00+,84358845,14977988,128702,1082074,1282.7
2022-03-01,05-14,7940296,2457400,19347,175166,2206
2022-03-01,15-34,19059537,4534826,39474,327627,1719
2022-03-01,35-59,28508100,5393564,48540,397818,1395.5
2022-03-01,60-79,18749279,1484056,12137,101959,543.8
2022-03-01,80+,6112952,564921,3651,33457,547.3
2022-03-02,00-04,3988681,543336,8141,44399,1113.1
2022-03-02,00+,84358845,15171916,193928,1057202,1253.2
2022-03-02,05-14,7940296,2486135,28735,165506,2084.4
2022-03-02,15-34,19059537,4592872,58046,322403,1691.6
2022-03-02,35-59,28508100,5468164,74600,390068,1368.3
2022-03-02,60-79,18749279,1502750,18694,100933,538.3
2022-03-02,80+,6112952,570500,5579,33091,541.3
2022-03-03,00-04,3988681,551585,8249,43866,1099.8
2022-03-03,00+,84358845,15377456,205540,1054433,1249.9
2022-03-03,05-14,7940296,2515433,29298,160000,2015
2022-03-03,15-34,19059537,4659311,66439,326635,1713.8
2022-03-03,35-59,28508100,5543040,74876,388564,1363
2022-03-03,60-79,18749279,1522618,19868,101427,541
2022-03-03,80+,6112952,577022,6522,32963,539.2
2022-03-04,00-04,3988681,559542,7957,43891,1100.4
2022-03-04,00+,84358845,15590233,212777,1077168,1276.9
2022-03-04,05-14,7940296,2545004,29571,159256,2005.7
2022-03-04,15-34,19059537,4733055,73744,341008,1789.2
2022-03-04,35-59,28508100,5618231,75191,395394,1387
2022-03-04,60-79,18749279,1542204,19586,103043,549.6
2022-03-04,80+,6112952,583370,6348,33314,545
2022-03-05,00-04,3988681,566296,6754,43592,1092.9
2022-03-05,00+,84358845,15780393,190160,1095498,1298.6
2022-03-05,05-14,7940296,2570296,25292,157725,1986.4
2022-03-05,15-34,19059537,4799086,66031,353914,1856.9
2022-03-05,35-59,28508100,5685831,67600,400848,1406.1
2022-03-05,60-79,18749279,1560694,18490,104823,559.1
2022-03-05,80+,6112952,589120,5750,33200,543.1
2022-03-06,00-04,3988681,570729,4433,43305,1085.7
2022-03-06,00+,84358845,15902891,122498,1109159,1314.8
2022-03-06,05-14,7940296,2587138,16842,157715,1986.3
2022-03-06,15-34,19059537,4840572,41486,362297,1900.9
2022-03-06,35-59,28508100,5729766,43935,405132,1421.1
2022-03-06,60-79,18749279,1572938,12244,106274,566.8
2022-03-06,80+,6112952,592564,3444,33001,539.9
2022-03-07,00-04,3988681,573436,2707,43556,1092
2022-03-07,00+,84358845,15982795,79904,1133509,1343.7
2022-03-07,05-14,7940296,2597477,10339,159424,2007.8
2022-03-07,15-34,19059537,4869220,28648,373868,1961.6
2022-03-07,35-59,28508100,5758086,28320,413062,1448.9
2022-03-07,60-79,18749279,1580585,7647,108666,579.6
2022-03-07,80+,6112952,594631,2067,33361,545.7
2022-03-08,00-04,3988681,579043,5607,43848,1099.3
2022-03-08,00+,84358845,16148774,165979,1170786,1387.9
2022-03-08,05-14,7940296,2621432,23955,164032,2065.8
2022-03-08,15-34,19059537,4924129,54909,389303,2042.6
2022-03-08,35-59,28508100,5819075,60989,425511,1492.6
2022-03-08,60-79,18749279,1596702,16117,112646,600.8
2022-03-08,80+,6112952,598877,4246,33956,555.5
2022-03-09,00-04,3988681,587601,8558,44265,1109.8
2022-03-09,00+,84358845,16396696,247922,1224780,1451.9
2022-03-09,05-14,7940296,2659428,37996,173293,2182.5
2022-03-09,15-34,19059537,5002092,77963,409220,2147.1
2022-03-09,35-59,28508100,5910703,91628,442539,1552.3
2022-03-09,60-79,18749279,1621410,24708,118660,632.9
2022-03-09,80+,6112952,605438,6561,34938,571.5
2022-03-10,00-04,3988681,596487,8886,44902,1125.7
2022-03-10,00+,84358845,16658355,261659,1280899,1518.4
2022-03-10,05-14,7940296,2696815,37387,181382,2284.3
2022-03-10,15-34,19059537,5088216,86124,428905,2250.3
2022-03-10,35-59,28508100,6004496,93793,461456,1618.7
2022-03-10,60-79,18749279,1648259,26849,125641,670.1
2022-03-10,80+,6112952,613571,8133,36549,597.9
2022-03-11,00-04,3988681,604955,8468,45413,1138.5
2022-03-11,00+,84358845,16912838,254483,1322605,1567.8
2022-03-11,05-14,7940296,2731385,34570,186381,2347.3
2022-03-11,15-34,19059537,5176106,87890,443051,2324.6
2022-03-11,35-59,28508100,6094182,89686,475951,1669.5
2022-03-11,60-79,18749279,1673966,25707,131762,702.8
2022-03-11,80+,6112952,621323,7752,37953,620.9
2022-03-12,00-04,3988681,612585,7630,46289,1160.5
2022-03-12,00+,84358845,17151620,238782,1371227,1625.5
2022-03-12,05-14,7940296,2762235,30850,191939,2417.3
2022-03-12,15-34,19059537,5258498,82392,459412,2410.4
2022-03-12,35-59,28508100,6179509,85327,493678,1731.7
2022-03-12,60-79,18749279,1698820,24854,138126,736.7
2022-03-12,80+,6112952,628791,7468,39671,649
2022-03-13,00-04,3988681,617857,5272,47128,1181.5
2022-03-13,00+,84358845,17307662,156042,1404771,1665.2
2022-03-13,05-14,7940296,2782754,20519,195616,2463.6
2022-03-13,15-34,19059537,5310631,52133,470059,2466.3
2022-03-13,35-59,28508100,6235348,55839,505582,1773.5
2022-03-13,60-79,18749279,1716008,17188,143070,763.1
2022-03-13,80+,6112952,633730,4939,41166,673.4
2022-03-14,00-04,3988681,620837,2980,47401,1188.4
2022-03-14,00+,84358845,17396746,89084,1413951,1676.1
2022-03-14,05-14,7940296,2794610,11856,197133,2482.7
2022-03-14,15-34,19059537,5340606,29975,471386,2473.2
2022-03-14,35-59,28508100,6267452,32104,509366,1786.7
2022-03-14,60-79,18749279,1725714,9706,145129,774.1
2022-03-14,80+,6112952,636145,2415,41514,679.1
2022-03-15,00-04,3988681,627442,6605,48399,1213.4
2022-03-15,00+,84358845,17604741,207995,1455967,1725.9
2022-03-15,05-14,7940296,2823036,28426,201604,2539
2022-03-15,15-34,19059537,5408032,67426,483903,2538.9
2022-03-15,35-59,28508100,6344779,77327,525704,1844.1
2022-03-15,60-79,18749279,1747893,22179,151191,806.4
2022-03-15,80+,6112952,642028,5883,43151,705.9
2022-03-16,00-04,3988681,636439,8997,48838,1224.4
2022-03-16,00+,84358845,17889908,285167,1493212,1770.1
2022-03-16,05-14,7940296,2864235,41199,204807,2579.3
2022-03-16,15-34,19059537,5495101,87069,493009,2586.7
2022-03-16,35-59,28508100,6452484,107705,541781,1900.4
2022-03-16,60-79,18749279,1779439,31546,158029,842.9
2022-03-16,80+,6112952,650371,8343,44933,735
2022-03-17,00-04,3988681,646514,10075,50027,1254.2
2022-03-17,00+,84358845,18197284,307376,1538929,1824.3
2022-03-17,05-14,7940296,2907536,43301,210721,2653.8
2022-03-17,15-34,19059537,5590408,95307,502192,2634.9
2022-03-17,35-59,28508100,6566027,113543,561531,1969.7
2022-03-17,60-79,18749279,1814151,34712,165892,884.8
2022-03-17,80+,6112952,660271,9900,46700,764
2022-03-18,00-04,3988681,655757,9243,50802,1273.7
2022-03-18,00+,84358845,18492154,294870,1579316,1872.1
2022-03-18,05-14,7940296,2947450,39914,216065,2721.1
2022-03-18,15-34,19059537,5684887,94479,508781,2669.4
2022-03-18,35-59,28508100,6673968,107941,579786,2033.8
2022-03-18,60-79,18749279,1847506,33355,173540,925.6
2022-03-18,80+,6112952,669760,9489,48437,792.4
2022-03-19,00-04,3988681,663597,7840,51012,1278.9
2022-03-19,00+,84358845,18746998,254844,1595378,1891.2
2022-03-19,05-14,7940296,2980199,32749,217964,2745
2022-03-19,15-34,19059537,5766180,81293,507682,2663.7
2022-03-19,35-59,28508100,6767903,93935,588394,2064
2022-03-19,60-79,18749279,1877543,30037,178723,953.2
2022-03-19,80+,6112952,678255,8495,49464,809.2
2022-03-20,00-04,3988681,668369,4772,50512,1266.4
2022-03-20,00+,84358845,18890341,143343,1582679,1876.1
2022-03-20,05-14,7940296,2998999,18800,216245,2723.4
2022-03-20,15-34,19059537,5810451,44271,499820,2622.4
2022-03-20,35-59,28508100,6821090,53187,585742,2054.7
2022-03-20,60-79,18749279,1894840,17297,178832,953.8
2022-03-20,80+,6112952,683039,4784,49309,806.6
2022-03-21,00-04,3988681,671544,3175,50707,1271.3
2022-03-21,00+,84358845,18979706,89365,1582960,1876.5
2022-03-21,05-14,7940296,3010794,11795,216184,2722.6
2022-03-21,15-34,19059537,5838321,27870,497715,2611.4
2022-03-21,35-59,28508100,6854416,33326,586964,2058.9
2022-03-21,60-79,18749279,1905203,10363,179489,957.3
2022-03-21,80+,6112952,685811,2772,49666,812.5
2022-03-22,00-04,3988681,679198,7654,51756,1297.6
2022-03-22,00+,84358845,19217423,237717,1612682,1911.7
2022-03-22,05-14,7940296,3043415,32621,220379,2775.5
2022-03-22,15-34,19059537,5910193,71872,502161,2634.7
2022-03-22,35-59,28508100,6944343,89927,599564,2103.1
2022-03-22,60-79,18749279,1933412,28209,185519,989.5
2022-03-22,80+,6112952,692990,7179,50962,833.7
2022-03-23,00-04,3988681,689116,9918,52677,1320.7
2022-03-23,00+,84358845,19522315,304892,1632407,1935.1
2022-03-23,05-14,7940296,3087893,44478,223658,2816.7
2022-03-23,15-34,19059537,5998038,87845,502937,2638.8
2022-03-23,35-59,28508100,7061863,117520,609379,2137.6
2022-03-23,60-79,18749279,1969054,35642,189615,1011.3
2022-03-23,80+,6112952,702265,9275,51894,848.9
2022-03-24,00-04,3988681,699493,10377,52979,1328.2
2022-03-24,00+,84358845,19830155,307840,1632871,1935.6
2022-03-24,05-14,7940296,3131530,43637,223994,2821
2022-03-24,15-34,19059537,6089096,91058,498688,2616.5
2022-03-24,35-59,28508100,7177866,116003,611839,2146.2
2022-03-24,60-79,18749279,2005510,36456,191359,1020.6
2022-03-24,80+,6112952,712304,10039,52033,851.2
2022-03-25,00-04,3988681,708819,9326,53062,1330.3
2022-03-25,00+,84358845,20116291,286136,1624137,1925.3
2022-03-25,05-14,7940296,3171046,39516,223596,2816
2022-03-25,15-34,19059537,6175777,86681,490890,2575.6
2022-03-25,35-59,28508100,7284548,106682,610580,2141.8
2022-03-25,60-79,18749279,2039698,34188,192192,1025.1
2022-03-25,80+,6112952,721808,9504,52048,851.4
2022-03-26,00-04,3988681,716565,7746,52968,1328
2022-03-26,00+,84358845,20360494,244203,1613496,1912.7
2022-03-26,05-14,7940296,3203424,32378,223225,2811.3
2022-03-26,15-34,19059537,6250530,74753,484350,2541.2
2022-03-26,35-59,28508100,7375743,91195,607840,2132.2
2022-03-26,60-79,18749279,2069343,29645,191800,1023
2022-03-26,80+,6112952,729923,8115,51668,845.2
2022-03-27,00-04,3988681,721112,4547,52743,1322.3
2022-03-27,00+,84358845,20498839,138345,1608498,1906.7
2022-03-27,05-14,7940296,3221209,17785,222210,2798.5
2022-03-27,15-34,19059537,6291347,40817,480896,2523.1
2022-03-27,35-59,28508100,7427972,52229,606882,2128.8
2022-03-27,60-79,18749279,2087208,17865,192368,1026
2022-03-27,80+,6112952,734675,4752,51636,844.7
2022-03-28,00-04,3988681,723423,2311,51879,1300.7
2022-03-28,00+,84358845,20568570,69731,1588864,1883.5
2022-03-28,05-14,7940296,3230138,8929,219344,2762.4
2022-03-28,15-34,19059537,6312306,20959,473985,2486.9
2022-03-28,35-59,28508100,7454363,26391,599947,2104.5
2022-03-28,60-79,18749279,2096001,8793,190798,1017.6
2022-03-28,80+,6112952,736927,2252,51116,836.2
2022-03-29,00-04,3988681,729684,6261,50486,1265.7
2022-03-29,00+,84358845,20775495,206925,1558072,1847
2022-03-29,05-14,7940296,3257691,27553,214276,2698.6
2022-03-29,15-34,19059537,6373244,60938,463051,2429.5
2022-03-29,35-59,28508100,7534269,79906,589926,2069.3
2022-03-29,60-79,18749279,2121571,25570,188159,1003.6
2022-03-29,80+,6112952,743201,6274,50211,821.4
2022-03-30,00-04,3988681,738077,8393,48961,1227.5
2022-03-30,00+,84358845,21049864,274369,1527549,1810.8
2022-03-30,05-14,7940296,3295501,37810,207608,2614.6
2022-03-30,15-34,19059537,6450688,77444,452650,2374.9
2022-03-30,35-59,28508100,7641185,106916,579322,2032.1
2022-03-30,60-79,18749279,2156052,34481,186998,997.4
2022-03-30,80+,6112952,751900,8699,49635,812
2022-03-31,00-04,3988681,746047,7970,46554,1167.2
2022-03-31,00+,84358845,21309777,259913,1479622,1754
2022-03-31,05-14,7940296,3329016,33515,197486,2487.1
2022-03-31,15-34,19059537,6526410,75722,437314,2294.5
2022-03-31,35-59,28508100,7740339,99154,562473,1973
2022-03-31,60-79,18749279,2189280,33228,183770,980.1
2022-03-31,80+,6112952,761370,9470,49066,802.7
2022-04-01,00-04,3988681,752942,6895,44123,1106.2
2022-04-01,00+,84358845,21541793,232016,1425502,1689.8
2022-04-01,05-14,7940296,3358183,29167,187137,2356.8
2022-04-01,15-34,19059537,6597033,70623,421256,2210.2
2022-04-01,35-59,28508100,7827116,86777,542568,1903.2
2022-04-01,60-79,18749279,2218613,29333,178915,954.3
2022-04-01,80+,6112952,769418,8048,47610,778.8
2022-04-02,00-04,3988681,758128,5186,41563,1042
2022-04-02,00+,84358845,21723852,182059,1363358,1616.1
2022-04-02,05-14,7940296,3379876,21693,176452,2222.2
2022-04-02,15-34,19059537,6651895,54862,401365,2105.8
2022-04-02,35-59,28508100,7896145,69029,520402,1825.5
2022-04-02,60-79,18749279,2242349,23736,173006,922.7
2022-04-02,80+,6112952,776020,6602,46097,754.1
2022-04-03,00-04,3988681,761113,2985,40001,1002.9
2022-04-03,00+,84358845,21816983,93131,1318144,1562.5
2022-04-03,05-14,7940296,3390875,10999,169666,2136.8
2022-04-03,15-34,19059537,6679203,27308,387856,2035
2022-04-03,35-59,28508100,7931471,35326,503499,1766.2
2022-04-03,60-79,18749279,2254782,12433,167574,893.8
2022-04-03,80+,6112952,779363,3343,44688,731
2022-04-04,00-04,3988681,762592,1479,39169,982
2022-04-04,00+,84358845,21863578,46595,1295008,1535.1
2022-04-04,05-14,7940296,3396476,5601,166338,2094.9
2022-04-04,15-34,19059537,6693441,14238,381135,1999.7
2022-04-04,35-59,28508100,7949408,17937,495045,1736.5
2022-04-04,60-79,18749279,2260650,5868,164649,878.2
2022-04-04,80+,6112952,780788,1425,43861,717.5
2022-04-05,00-04,3988681,767290,4698,37606,942.8
2022-04-05,00+,84358845,22018905,155327,1243410,1474
2022-04-05,05-14,7940296,3415987,19511,158296,1993.6
2022-04-05,15-34,19059537,6738905,45464,365661,1918.5
2022-04-05,35-59,28508100,8009926,60518,475657,1668.5
2022-04-05,60-79,18749279,2280275,19625,158704,846.5
2022-04-05,80+,6112952,785736,4948,42535,695.8
2022-04-06,00-04,3988681,773842,6552,35765,896.7
2022-04-06,00+,84358845,22229724,210819,1179860,1398.6
2022-04-06,05-14,7940296,3443553,27566,148052,1864.6
2022-04-06,15-34,19059537,6798475,59570,347787,1824.7
2022-04-06,35-59,28508100,8092709,82783,451524,1583.8
2022-04-06,60-79,18749279,2307027,26752,150975,805.2
2022-04-06,80+,6112952,792249,6513,40349,660.1
2022-04-07,00-04,3988681,779641,5799,33594,842.2
2022-04-07,00+,84358845,22418635,188911,1108858,1314.5
2022-04-07,05-14,7940296,3466788,23235,137772,1735.1
2022-04-07,15-34,19059537,6854326,55851,327916,1720.5
2022-04-07,35-59,28508100,8164933,72224,424594,1489.4
2022-04-07,60-79,18749279,2331215,24188,141935,757
2022-04-07,80+,6112952,798900,6651,37530,613.9
2022-04-08,00-04,3988681,784603,4962,31661,793.8
2022-04-08,00+,84358845,22586321,167686,1044528,1238.2
2022-04-08,05-14,7940296,3486716,19928,128533,1618.7
2022-04-08,15-34,19059537,6905420,51094,308387,1618
2022-04-08,35-59,28508100,8228901,63968,401785,1409.4
2022-04-08,60-79,18749279,2352079,20864,133466,711.8
2022-04-08,80+,6112952,804752,5852,35334,578
2022-04-09,00-04,3988681,788805,4202,30677,769.1
2022-04-09,00+,84358845,22729194,142873,1005342,1191.7
2022-04-09,05-14,7940296,3502927,16211,123051,1549.7
2022-04-09,15-34,19059537,6948633,43213,296738,1556.9
2022-04-09,35-59,28508100,8284129,55228,387984,1361
2022-04-09,60-79,18749279,2370637,18558,128288,684.2
2022-04-09,80+,6112952,809832,5080,33812,553.1
2022-04-10,00-04,3988681,791187,2382,30074,754
2022-04-10,00+,84358845,22805322,76128,988339,1171.6
2022-04-10,05-14,7940296,3511517,8590,120642,1519.4
2022-04-10,15-34,19059537,6971085,22452,291882,1531.4
2022-04-10,35-59,28508100,8313376,29247,381905,1339.6
2022-04-10,60-79,18749279,2380845,10208,126063,672.4
2022-04-10,80+,6112952,812588,2756,33225,543.5
2022-04-11,00-04,3988681,792525,1338,29933,750.4
2022-04-11,00+,84358845,22848062,42740,984484,1167
2022-04-11,05-14,7940296,3516264,4747,119788,1508.6
2022-04-11,15-34,19059537,6984131,13046,290690,1525.2
2022-04-11,35-59,28508100,8329967,16591,380559,1334.9
2022-04-11,60-79,18749279,2386432,5587,125782,670.9
2022-04-11,80+,6112952,813932,1344,33144,542.2
2022-04-12,00-04,3988681,796815,4290,29525,740.2
2022-04-12,00+,84358845,22988407,140345,969502,1149.3
2022-04-12,05-14,7940296,3532173,15909,116186,1463.2
2022-04-12,15-34,19059537,7026139,42008,287234,1507
2022-04-12,35-59,28508100,8384928,54961,375002,1315.4
2022-04-12,60-79,18749279,2404939,18507,124664,664.9
2022-04-12,80+,6112952,818487,4555,32751,535.8
2022-04-13,00-04,3988681,802597,5782,28755,720.9
2022-04-13,00+,84358845,23170574,182167,940850,1115.3
2022-04-13,05-14,7940296,3551327,19154,107774,1357.3
2022-04-13,15-34,19059537,7078967,52828,280492,1471.7
2022-04-13,35-59,28508100,8458394,73466,365685,1282.7
2022-04-13,60-79,18749279,2429851,24912,122824,655.1
2022-04-13,80+,6112952,824432,5945,32183,526.5
2022-04-14,00-04,3988681,807619,5022,27978,701.4
2022-04-14,00+,84358845,23329466,158892,910831,1079.7
2022-04-14,05-14,7940296,3567136,15809,100348,1263.8
2022-04-14,15-34,19059537,7127811,48844,273485,1434.9
2022-04-14,35-59,28508100,8520094,61700,355161,1245.8
2022-04-14,60-79,18749279,2451477,21626,120262,641.4
2022-04-14,80+,6112952,830266,5834,31366,513.1
2022-04-15,00-04,3988681,811839,4220,27236,682.8
2022-04-15,00+,84358845,23480040,150574,893719,1059.4
2022-04-15,05-14,7940296,3581163,14027,94447,1189.5
2022-04-15,15-34,19059537,7175979,48168,270559,1419.5
2022-04-15,35-59,28508100,8578366,58272,349465,1225.8
2022-04-15,60-79,18749279,2471631,20154,119552,637.6
2022-04-15,80+,6112952,835929,5663,31177,510
2022-04-16,00-04,3988681,813502,1663,24697,619.2
2022-04-16,00+,84358845,23540993,60953,811799,962.3
2022-04-16,05-14,7940296,3586647,5484,83720,1054.4
2022-04-16,15-34,19059537,7195719,19740,247086,1296.4
2022-04-16,35-59,28508100,8601949,23583,317820,1114.8
2022-04-16,60-79,18749279,2479997,8366,109360,583.3
2022-04-16,80+,6112952,838015,2086,28183,461
2022-04-17,00-04,3988681,814846,1344,23659,593.2
2022-04-17,00+,84358845,23593005,52012,787683,933.7
2022-04-17,05-14,7940296,3591355,4708,79838,1005.5
2022-04-17,15-34,19059537,7212015,16296,240930,1264.1
2022-04-17,35-59,28508100,8622755,20806,309379,1085.2
2022-04-17,60-79,18749279,2487075,7078,106230,566.6
2022-04-17,80+,6112952,839770,1755,27182,444.7
2022-04-18,00-04,3988681,815723,877,23198,581.6
2022-04-18,00+,84358845,23627248,34243,779186,923.7
2022-04-18,05-14,7940296,3594522,3167,78258,985.6
2022-04-18,15-34,19059537,7222581,10566,238450,1251.1
2022-04-18,35-59,28508100,8636927,14172,306960,1076.7
2022-04-18,60-79,18749279,2491656,4581,105224,561.2
2022-04-18,80+,6112952,840638,868,26706,436.9
2022-04-19,00-04,3988681,816546,823,19731,494.7
2022-04-19,00+,84358845,23664203,36955,675796,801.1
2022-04-19,05-14,7940296,3597969,3447,65796,828.6
2022-04-19,15-34,19059537,7234044,11463,207905,1090.8
2022-04-19,35-59,28508100,8652317,15390,267389,937.9
2022-04-19,60-79,18749279,2496405,4749,91466,487.8
2022-04-19,80+,6112952,841702,1064,23215,379.8
2022-04-20,00-04,3988681,820380,3834,17783,445.8
2022-04-20,00+,84358845,23822890,158687,652316,773.3
2022-04-20,05-14,7940296,3612229,14260,60902,767
2022-04-20,15-34,19059537,7282698,48654,203731,1068.9
2022-04-20,35-59,28508100,8717945,65628,259551,910.4
2022-04-20,60-79,18749279,2517974,21569,88123,470
2022-04-20,80+,6112952,846384,4682,21952,359.1
2022-04-21,00-04,3988681,824516,4136,16897,423.6
2022-04-21,00+,84358845,24002330,179440,672864,797.6
2022-04-21,05-14,7940296,3626487,14258,59351,747.5
2022-04-21,15-34,19059537,7336486,53788,208675,1094.9
2022-04-21,35-59,28508100,8794003,76058,273909,960.8
2022-04-21,60-79,18749279,2543348,25374,91871,490
2022-04-21,80+,6112952,852096,5712,21830,357.1
2022-04-22,00-04,3988681,828015,3499,16176,405.5
2022-04-22,00+,84358845,24158062,155732,678022,803.7
2022-04-22,05-14,7940296,3638713,12226,57550,724.8
2022-04-22,15-34,19059537,7386174,49688,210195,1102.8
2022-04-22,35-59,28508100,8856759,62756,278393,976.5
2022-04-22,60-79,18749279,2565140,21792,93509,498.7
2022-04-22,80+,6112952,857784,5688,21855,357.5
2022-04-23,00-04,3988681,830527,2512,17025,426.8
2022-04-23,00+,84358845,24277511,119449,736518,873.1
2022-04-23,05-14,7940296,3648291,9578,61644,776.3
2022-04-23,15-34,19059537,7425296,39122,229577,1204.5
2022-04-23,35-59,28508100,8903724,46965,301775,1058.6
2022-04-23,60-79,18749279,2582021,16881,102024,544.1
2022-04-23,80+,6112952,862110,4326,24095,394.2
2022-04-24,00-04,3988681,831707,1180,16861,422.7
2022-04-24,00+,84358845,24331955,54444,738950,876
2022-04-24,05-14,7940296,3652740,4449,61385,773.1
2022-04-24,15-34,19059537,7442989,17693,230974,1211.9
2022-04-24,35-59,28508100,8924975,21251,302220,1060.1
2022-04-24,60-79,18749279,2589861,7840,102786,548.2
2022-04-24,80+,6112952,864125,2015,24355,398.4
2022-04-25,00-04,3988681,832297,590,16574,415.5
2022-04-25,00+,84358845,24358952,26997,731704,867.4
2022-04-25,05-14,7940296,3655233,2493,60711,764.6
2022-04-25,15-34,19059537,7451724,8735,229143,1202.2
2022-04-25,35-59,28508100,8935673,10698,298746,1047.9
2022-04-25,60-79,18749279,2593456,3595,101800,543
2022-04-25,80+,6112952,864995,870,24357,398.4
2022-04-26,00-04,3988681,834761,2464,18215,456.7
2022-04-26,00+,84358845,24477854,118902,813651,964.5
2022-04-26,05-14,7940296,3666203,10970,68234,859.3
2022-04-26,15-34,19059537,7489516,37792,255472,1340.4
2022-04-26,35-59,28508100,8983032,47359,330715,1160.1
2022-04-26,60-79,18749279,2609702,16246,113297,604.3
2022-04-26,80+,6112952,868958,3963,27256,445.9
2022-04-27,00-04,3988681,837823,3062,17443,437.3
2022-04-27,00+,84358845,24617170,139316,794280,941.5
2022-04-27,05-14,7940296,3681040,14837,68811,866.6
2022-04-27,15-34,19059537,7531508,41992,248810,1305.4
2022-04-27,35-59,28508100,9038284,55252,320339,1123.7
2022-04-27,60-79,18749279,2629142,19440,111168,592.9
2022-04-27,80+,6112952,873618,4660,27234,445.5
2022-04-28,00-04,3988681,840250,2427,15734,394.5
2022-04-28,00+,84358845,24732613,115443,730283,865.7
2022-04-28,05-14,7940296,3692831,11791,66344,835.5
2022-04-28,15-34,19059537,7567971,36463,231485,1214.5
2022-04-28,35-59,28508100,9082343,44059,288340,1011.4
2022-04-28,60-79,18749279,2645408,16266,102060,544.3
2022-04-28,80+,6112952,878011,4393,25915,423.9
2022-04-29,00-04,3988681,842305,2055,14290,358.3
2022-04-29,00+,84358845,24827308,94695,669246,793.3
2022-04-29,05-14,7940296,3701905,9074,63192,795.8
2022-04-29,15-34,19059537,7598303,30332,212129,1113
2022-04-29,35-59,28508100,9118732,36389,261973,918.9
2022-04-29,60-79,18749279,2658590,13182,93450,498.4
2022-04-29,80+,6112952,881626,3615,23842,390
2022-04-30,00-04,3988681,844182,1877,13655,342.3
2022-04-30,00+,84358845,24905548,78240,628037,744.5
2022-04-30,05-14,7940296,3709833,7928,61542,775.1
2022-04-30,15-34,19059537,7622133,23830,196837,1032.7
2022-04-30,35-59,28508100,9148756,30024,245032,859.5
2022-04-30,60-79,18749279,2670134,11544,88113,470
2022-04-30,80+,6112952,884616,2990,22506,368.2
2022-05-01,00-04,3988681,845134,952,13427,336.6
2022-05-01,00+,84358845,24939595,34047,607640,720.3
2022-05-01,05-14,7940296,3713426,3593,60686,764.3
2022-05-01,15-34,19059537,7632413,10280,189424,993.9
2022-05-01,35-59,28508100,9161753,12997,236778,830.6
2022-05-01,60-79,18749279,2675105,4971,85244,454.7
2022-05-01,80+,6112952,885856,1240,21731,355.5
2022-05-02,00-04,3988681,845577,443,13280,332.9
2022-05-02,00+,84358845,24955461,15866,596509,707.1
2022-05-02,05-14,7940296,3715243,1817,60010,755.8
2022-05-02,15-34,19059537,7637117,4704,185393,972.7
2022-05-02,35-59,28508100,9167982,6229,232309,814.9
2022-05-02,60-79,18749279,2677232,2127,83776,446.8
2022-05-02,80+,6112952,886399,543,21404,350.1
2022-05-03,00-04,3988681,847814,2237,13053,327.3
2022-05-03,00+,84358845,25042040,86579,564186,668.8
2022-05-03,05-14,7940296,3724918,9675,58715,739.5
2022-05-03,15-34,19059537,7661869,24752,172353,904.3
2022-05-03,35-59,28508100,9202461,34479,219429,769.7
2022-05-03,60-79,18749279,2689610,12378,79908,426.2
2022-05-03,80+,6112952,889417,3018,20459,334.7
2022-05-04,00-04,3988681,850523,2709,12700,318.4
2022-05-04,00+,84358845,25148497,106457,531327,629.8
2022-05-04,05-14,7940296,3736886,11968,55846,703.3
2022-05-04,15-34,19059537,7691332,29463,159824,838.6
2022-05-04,35-59,28508100,9246326,43865,208042,729.8
2022-05-04,60-79,18749279,2704582,14972,75440,402.4
2022-05-04,80+,6112952,892846,3429,19228,314.5
2022-05-05,00-04,3988681,852755,2232,12505,313.5
2022-05-05,00+,84358845,25238401,89904,505788,599.6
2022-05-05,05-14,7940296,3746607,9721,53776,677.3
2022-05-05,15-34,19059537,7717779,26447,149808,786
2022-05-05,35-59,28508100,9282005,35679,199662,700.4
2022-05-05,60-79,18749279,2717178,12596,71770,382.8
2022-05-05,80+,6112952,896031,3185,18020,294.8
2022-05-06,00-04,3988681,854593,1838,12288,308.1
2022-05-06,00+,84358845,25318758,80357,491450,582.6
2022-05-06,05-14,7940296,3754657,8050,52752,664.4
2022-05-06,15-34,19059537,7742135,24356,143832,754.6
2022-05-06,35-59,28508100,9314406,32401,195674,686.4
2022-05-06,60-79,18749279,2728098,10920,69508,370.7
2022-05-06,80+,6112952,898790,2759,17164,280.8
2022-05-07,00-04,3988681,856201,1608,12019,301.3
2022-05-07,00+,84358845,25385919,67161,480371,569.4
2022-05-07,05-14,7940296,3761581,6924,51748,651.7
2022-05-07,15-34,19059537,7762180,20045,140047,734.8
2022-05-07,35-59,28508100,9341503,27097,192747,676.1
2022-05-07,60-79,18749279,2737304,9206,67170,358.3
2022-05-07,80+,6112952,901034,2244,16418,268.6
2022-05-08,00-04,3988681,856912,711,11778,295.3
2022-05-08,00+,84358845,25412907,26988,473312,561.1
2022-05-08,05-14,7940296,3764461,2880,51035,642.7
2022-05-08,15-34,19059537,7770073,7893,137660,722.3
2022-05-08,35-59,28508100,9352264,10761,190511,668.3
2022-05-08,60-79,18749279,2741196,3892,66091,352.5
2022-05-08,80+,6112952,901878,844,16022,262.1
2022-05-09,00-04,3988681,857229,317,11652,292.1
2022-05-09,00+,84358845,25426263,13356,470802,558.1
2022-05-09,05-14,7940296,3766045,1584,50802,639.8
2022-05-09,15-34,19059537,7774048,3975,136931,718.4
2022-05-09,35-59,28508100,9357630,5366,189648,665.2
2022-05-09,60-79,18749279,2742909,1713,65677,350.3
2022-05-09,80+,6112952,902277,399,15878,259.7
2022-05-10,00-04,3988681,859290,2061,11476,287.7
2022-05-10,00+,84358845,25511067,84804,469027,556
2022-05-10,05-14,7940296,3775945,9900,51027,642.6
2022-05-10,15-34,19059537,7797935,23887,136066,713.9
2022-05-10,35-59,28508100,9392077,34447,189616,665.1
2022-05-10,60-79,18749279,2754725,11816,65115,347.3
2022-05-10,80+,6112952,904923,2646,15506,253.7
2022-05-11,00-04,3988681,861489,2199,10966,274.9
2022-05-11,00+,84358845,25605833,94766,457336,542.1
2022-05-11,05-14,7940296,3787109,11164,50223,632.5
2022-05-11,15-34,19059537,7824265,26330,132933,697.5
2022-05-11,35-59,28508100,9431563,39486,185237,649.8
2022-05-11,60-79,18749279,2767448,12723,62866,335.3
2022-05-11,80+,6112952,907745,2822,14899,243.7
2022-05-12,00-04,3988681,863261,1772,10506,263.4
2022-05-12,00+,84358845,25682944,77111,444543,527
2022-05-12,05-14,7940296,3795878,8769,49271,620.5
2022-05-12,15-34,19059537,7846680,22415,128901,676.3
2022-05-12,35-59,28508100,9462675,31112,180670,633.7
2022-05-12,60-79,18749279,2777985,10537,60807,324.3
2022-05-12,80+,6112952,910220,2475,14189,232.1
2022-05-13,00-04,3988681,864619,1358,10026,251.4
2022-05-13,00+,84358845,25747907,64963,429149,508.7
2022-05-13,05-14,7940296,3802746,6868,48089,605.6
2022-05-13,15-34,19059537,7866303,19623,124168,651.5
2022-05-13,35-59,28508100,9488469,25794,174063,610.6
2022-05-13,60-79,18749279,2787175,9190,59077,315.1
2022-05-13,80+,6112952,912322,2102,13532,221.4
2022-05-14,00-04,3988681,865860,1241,9659,242.2
2022-05-14,00+,84358845,25804793,56886,418874,496.5
2022-05-14,05-14,7940296,3808582,5836,47001,591.9
2022-05-14,15-34,19059537,7883286,16983,121106,635.4
2022-05-14,35-59,28508100,9511439,22970,169936,596.1
2022-05-14,60-79,18749279,2795143,7968,57839,308.5
2022-05-14,80+,6112952,914192,1870,13158,215.2
2022-05-15,00-04,3988681,866275,415,9363,234.7
2022-05-15,00+,84358845,25824903,20110,411996,488.4
2022-05-15,05-14,7940296,3810703,2121,46242,582.4
2022-05-15,15-34,19059537,7889279,5993,119206,625.4
2022-05-15,35-59,28508100,9519531,8092,167267,586.7
2022-05-15,60-79,18749279,2797973,2830,56777,302.8
2022-05-15,80+,6112952,914848,656,12970,212.2
2022-05-16,00-04,3988681,866472,197,9243,231.7
2022-05-16,00+,84358845,25834552,9649,408289,484
2022-05-16,05-14,7940296,3811797,1094,45752,576.2
2022-05-16,15-34,19059537,7892056,2777,118008,619.2
2022-05-16,35-59,28508100,9523506,3975,165876,581.9
2022-05-16,60-79,18749279,2799262,1289,56353,300.6
2022-05-16,80+,6112952,915163,315,12886,210.8
2022-05-17,00-04,3988681,867874,1402,8584,215.2
2022-05-17,00+,84358845,25900184,65632,389117,461.3
2022-05-17,05-14,7940296,3819109,7312,43164,543.6
2022-05-17,15-34,19059537,7910823,18767,112888,592.3
2022-05-17,35-59,28508100,9550219,26713,158142,554.7
2022-05-17,60-79,18749279,2808576,9314,53851,287.2
2022-05-17,80+,6112952,917256,2093,12333,201.8
2022-05-18,00-04,3988681,869210,1336,7721,193.6
2022-05-18,00+,84358845,25968246,68062,362413,429.6
2022-05-18,05-14,7940296,3826524,7415,39415,496.4
2022-05-18,15-34,19059537,7929842,19019,105577,553.9
2022-05-18,35-59,28508100,9578556,28337,146993,515.6
2022-05-18,60-79,18749279,2818363,9787,50915,271.6
2022-05-18,80+,6112952,919408,2152,11663,190.8
2022-05-19,00-04,3988681,870246,1036,6985,175.1
2022-05-19,00+,84358845,26022031,53785,339087,402
2022-05-19,05-14,7940296,3832166,5642,36288,457
2022-05-19,15-34,19059537,7945763,15921,99083,519.9
2022-05-19,35-59,28508100,9599948,21392,137273,481.5
2022-05-19,60-79,18749279,2826236,7873,48251,257.3
2022-05-19,80+,6112952,921310,1902,11090,181.4
2022-05-20,00-04,3988681,871078,832,6459,161.9
2022-05-20,00+,84358845,26066280,44249,318373,377.4
2022-05-20,05-14,7940296,3836467,4301,33721,424.7
2022-05-20,15-34,19059537,7959410,13647,93107,488.5
2022-05-20,35-59,28508100,9617758,17810,129289,453.5
2022-05-20,60-79,18749279,2832368,6132,45193,241
2022-05-20,80+,6112952,922823,1513,10501,171.8
2022-05-21,00-04,3988681,871821,743,5961,149.4
2022-05-21,00+,84358845,26106241,39961,301448,357.3
2022-05-21,05-14,7940296,3840096,3629,31514,396.9
2022-05-21,15-34,19059537,7971647,12237,88361,463.6
2022-05-21,35-59,28508100,9633965,16207,122526,429.8
2022-05-21,60-79,18749279,2838215,5847,43072,229.7
2022-05-21,80+,6112952,924105,1282,9913,162.2
2022-05-22,00-04,3988681,872096,275,5821,145.9
2022-05-22,00+,84358845,26120054,13813,295151,349.9
2022-05-22,05-14,7940296,3841422,1326,30719,386.9
2022-05-22,15-34,19059537,7975742,4095,86463,453.6
2022-05-22,35-59,28508100,9639615,5650,120084,421.2
2022-05-22,60-79,18749279,2840220,2005,42247,225.3
2022-05-22,80+,6112952,924565,460,9717,159
2022-05-23,00-04,3988681,872231,135,5759,144.4
2022-05-23,00+,84358845,26126987,6933,292435,346.7
2022-05-23,05-14,7940296,3842146,724,30349,382.2
2022-05-23,15-34,19059537,7977806,2064,85750,449.9
2022-05-23,35-59,28508100,9642449,2834,118943,417.2
2022-05-23,60-79,18749279,2841165,945,41903,223.5
2022-05-23,80+,6112952,924795,230,9632,157.6
2022-05-24,00-04,3988681,873146,915,5272,132.2
2022-05-24,00+,84358845,26174052,47065,273868,324.6
2022-05-24,05-14,7940296,3846732,4586,27623,347.9
2022-05-24,15-34,19059537,7991562,13756,80739,423.6
2022-05-24,35-59,28508100,9661674,19225,111455,391
2022-05-24,60-79,18749279,2848136,6971,39560,211
2022-05-24,80+,6112952,926398,1603,9142,149.6
2022-05-25,00-04,3988681,873991,845,4781,119.9
2022-05-25,00+,84358845,26220715,46663,252469,299.3
2022-05-25,05-14,7940296,3851139,4407,24615,310
2022-05-25,15-34,19059537,8005133,13571,75291,395
2022-05-25,35-59,28508100,9681061,19387,102505,359.6
2022-05-25,60-79,18749279,2855035,6899,36672,195.6
2022-05-25,80+,6112952,927933,1535,8525,139.5
2022-05-26,00-04,3988681,874578,587,4332,108.6
2022-05-26,00+,84358845,26256092,35377,234061,277.5
2022-05-26,05-14,7940296,3854239,3100,22073,278
2022-05-26,15-34,19059537,8016093,10960,70330,369
2022-05-26,35-59,28508100,9695405,14344,95457,334.8
2022-05-26,60-79,18749279,2860141,5106,33905,180.8
2022-05-26,80+,6112952,929201,1268,7891,129.1
2022-05-27,00-04,3988681,874732,154,3654,91.6
2022-05-27,00+,84358845,26264427,8335,198147,234.9
2022-05-27,05-14,7940296,3854928,689,18461,232.5
2022-05-27,15-34,19059537,8018783,2690,59373,311.5
2022-05-27,35-59,28508100,9698820,3415,81062,284.3
2022-05-27,60-79,18749279,2861270,1129,28902,154.1
2022-05-27,80+,6112952,929456,255,6633,108.5
2022-05-28,00-04,3988681,875239,507,3418,85.7
2022-05-28,00+,84358845,26297023,32596,190782,226.2
2022-05-28,05-14,7940296,3857536,2608,17440,219.6
2022-05-28,15-34,19059537,8029056,10273,57409,301.2
2022-05-28,35-59,28508100,9712167,13347,78202,274.3
2022-05-28,60-79,18749279,2866050,4780,27835,148.5
2022-05-28,80+,6112952,930520,1064,6415,104.9
2022-05-29,00-04,3988681,875406,167,3310,83
2022-05-29,00+,84358845,26307647,10624,187593,222.4
2022-05-29,05-14,7940296,3858333,797,16911,213
2022-05-29,15-34,19059537,8032352,3296,56610,297
2022-05-29,35-59,28508100,9716655,4488,77040,270.2
2022-05-29,60-79,18749279,2867574,1524,27354,145.9
2022-05-29,80+,6112952,930870,350,6305,103.1
2022-05-30,00-04,3988681,875517,111,3286,82.4
2022-05-30,00+,84358845,26314121,6474,187134,221.8
2022-05-30,05-14,7940296,3858869,536,16723,210.6
2022-05-30,15-34,19059537,8034339,1987,56533,296.6
2022-05-30,35-59,28508100,9719395,2740,76946,269.9
2022-05-30,60-79,18749279,2868455,881,27290,145.6
2022-05-30,80+,6112952,931084,214,6289,102.9
2022-05-31,00-04,3988681,876303,786,3157,79.1
2022-05-31,00+,84358845,26361009,46888,186957,221.6
2022-05-31,05-14,7940296,3862415,3546,15683,197.5
2022-05-31,15-34,19059537,8048802,14463,57240,300.3
2022-05-31,35-59,28508100,9739255,19860,77581,272.1
2022-05-31,60-79,18749279,2875272,6817,27136,144.7
2022-05-31,80+,6112952,932483,1399,6085,99.5
2022-06-01,00-04,3988681,877056,753,3065,76.8
2022-06-01,00+,84358845,26412529,51520,191814,227.4
2022-06-01,05-14,7940296,3866115,3700,14976,188.6
2022-06-01,15-34,19059537,8065275,16473,60142,315.5
2022-06-01,35-59,28508100,9761236,21981,80175,281.2
2022-06-01,60-79,18749279,2882434,7162,27399,146.1
2022-06-01,80+,6112952,933900,1417,5967,97.6
2022-06-02,00-04,3988681,877698,642,3120,78.2
2022-06-02,00+,84358845,26457475,44946,201383,238.7
2022-06-02,05-14,7940296,3868916,2801,14677,184.8
2022-06-02,15-34,19059537,8080663,15388,64570,338.8
2022-06-02,35-59,28508100,9779665,18429,84260,295.6
2022-06-02,60-79,18749279,2888748,6314,28607,152.6
2022-06-02,80+,6112952,935245,1345,6044,98.9
2022-06-03,00-04,3988681,878265,567,3533,88.6
2022-06-03,00+,84358845,26499880,42405,235453,279.1
2022-06-03,05-14,7940296,3871301,2385,16373,206.2
2022-06-03,15-34,19059537,8095682,15019,76899,403.5
2022-06-03,35-59,28508100,9796802,17137,97982,343.7
2022-06-03,60-79,18749279,2894779,6031,33509,178.7
2022-06-03,80+,6112952,936498,1253,7042,115.2
2022-06-04,00-04,3988681,878814,549,3575,89.6
2022-06-04,00+,84358845,26539313,39433,242290,287.2
2022-06-04,05-14,7940296,3873613,2312,16077,202.5
2022-06-04,15-34,19059537,8108955,13273,79899,419.2
2022-06-04,35-59,28508100,9813043,16241,100876,353.9
2022-06-04,60-79,18749279,2900671,5892,34621,184.7
2022-06-04,80+,6112952,937657,1159,7137,116.8
2022-06-05,00-04,3988681,879034,220,3628,91
2022-06-05,00+,84358845,26552090,12777,244443,289.8
2022-06-05,05-14,7940296,3874486,873,16153,203.4
2022-06-05,15-34,19059537,8113029,4074,80677,423.3
2022-06-05,35-59,28508100,9818308,5265,101653,356.6
2022-06-05,60-79,18749279,2902645,1974,35071,187.1
2022-06-05,80+,6112952,938021,364,7151,117
2022-06-06,00-04,3988681,879145,111,3628,91
2022-06-06,00+,84358845,26559212,7122,245091,290.5
2022-06-06,05-14,7940296,3875001,515,16132,203.2
2022-06-06,15-34,19059537,8115206,2177,80867,424.3
2022-06-06,35-59,28508100,9821347,3039,101952,357.6
2022-06-06,60-79,18749279,2903695,1050,35240,188
2022-06-06,80+,6112952,938250,229,7166,117.2
2022-06-07,00-04,3988681,879301,156,2998,75.2
2022-06-07,00+,84358845,26568600,9388,207591,246.1
2022-06-07,05-14,7940296,3875755,754,13340,168
2022-06-07,15-34,19059537,8117963,2757,69161,362.9
2022-06-07,35-59,28508100,9825396,4049,86141,302.2
2022-06-07,60-79,18749279,2905082,1387,29810,159
2022-06-07,80+,6112952,938525,275,6042,98.8
2022-06-08,00-04,3988681,880456,1155,3400,85.2
2022-06-08,00+,84358845,26639909,71309,227380,269.5
2022-06-08,05-14,7940296,3880709,4954,14594,183.8
2022-06-08,15-34,19059537,8139853,21890,74578,391.3
2022-06-08,35-59,28508100,9855848,30452,94612,331.9
2022-06-08,60-79,18749279,2915795,10713,33361,177.9
2022-06-08,80+,6112952,940630,2105,6730,110.1
2022-06-09,00-04,3988681,881613,1157,3915,98.2
2022-06-09,00+,84358845,26722001,82092,264526,313.6
2022-06-09,05-14,7940296,3885829,5120,16913,213
2022-06-09,15-34,19059537,8166320,26467,85657,449.4
2022-06-09,35-59,28508100,9891445,35597,111780,392.1
2022-06-09,60-79,18749279,2927391,11596,38643,206.1
2022-06-09,80+,6112952,942754,2124,7509,122.8
2022-06-10,00-04,3988681,882479,866,4214,105.6
2022-06-10,00+,84358845,26793276,71275,293396,347.8
2022-06-10,05-14,7940296,3890012,4183,18711,235.6
2022-06-10,15-34,19059537,8191289,24969,95607,501.6
2022-06-10,35-59,28508100,9920949,29504,124147,435.5
2022-06-10,60-79,18749279,2937180,9789,42401,226.1
2022-06-10,80+,6112952,944684,1930,8186,133.9
2022-06-11,00-04,3988681,883342,863,4528,113.5
2022-06-11,00+,84358845,26858556,65280,319243,378.4
2022-06-11,05-14,7940296,3893603,3591,19990,251.8
2022-06-11,15-34,19059537,8215110,23821,106155,557
2022-06-11,35-59,28508100,9947344,26395,134301,471.1
2022-06-11,60-79,18749279,2945889,8709,45218,241.2
2022-06-11,80+,6112952,946558,1874,8901,145.6
2022-06-12,00-04,3988681,883584,242,4550,114.1
2022-06-12,00+,84358845,26878319,19763,326229,386.7
2022-06-12,05-14,7940296,3894772,1169,20286,255.5
2022-06-12,15-34,19059537,8222064,6954,109035,572.1
2022-06-12,35-59,28508100,9955424,8080,137116,481
2022-06-12,60-79,18749279,2948640,2751,45995,245.3
2022-06-12,80+,6112952,947121,563,9100,148.9
2022-06-13,00-04,3988681,883765,181,4620,115.8
2022-06-13,00+,84358845,26890639,12320,331427,392.9
2022-06-13,05-14,7940296,3895643,871,20642,260
2022-06-13,15-34,19059537,8226124,4060,110918,582
2022-06-13,35-59,28508100,9960667,5243,139320,488.7
2022-06-13,60-79,18749279,2950276,1636,46581,248.4
2022-06-13,80+,6112952,947447,326,9197,150.5
2022-06-14,00-04,3988681,885027,1262,5726,143.6
2022-06-14,00+,84358845,26977673,87034,409073,484.9
2022-06-14,05-14,7940296,3901099,5456,25344,319.2
2022-06-14,15-34,19059537,8255471,29347,137508,721.5
2022-06-14,35-59,28508100,9996870,36203,171474,601.5
2022-06-14,60-79,18749279,2962634,12358,57552,307
2022-06-14,80+,6112952,949818,2371,11293,184.7
2022-06-15,00-04,3988681,886278,1251,5822,146
2022-06-15,00+,84358845,27071240,93567,431331,511.3
2022-06-15,05-14,7940296,3907233,6134,26524,334
2022-06-15,15-34,19059537,8285304,29833,145451,763.1
2022-06-15,35-59,28508100,10037356,40486,181508,636.7
2022-06-15,60-79,18749279,2976065,13431,60270,321.5
2022-06-15,80+,6112952,952219,2401,11589,189.6
2022-06-16,00-04,3988681,887421,1143,5808,145.6
2022-06-16,00+,84358845,27153113,81873,431112,511
2022-06-16,05-14,7940296,3912384,5151,26555,334.4
2022-06-16,15-34,19059537,8312689,27385,146369,768
2022-06-16,35-59,28508100,10071508,34152,180063,631.6
2022-06-16,60-79,18749279,2987742,11677,60351,321.9
2022-06-16,80+,6112952,954553,2334,11799,193
2022-06-17,00-04,3988681,887953,532,5474,137.2
2022-06-17,00+,84358845,27190395,37282,397119,470.7
2022-06-17,05-14,7940296,3914801,2417,24789,312.2
2022-06-17,15-34,19059537,8325134,12445,133845,702.2
2022-06-17,35-59,28508100,10086988,15480,166039,582.4
2022-06-17,60-79,18749279,2993037,5295,55857,297.9
2022-06-17,80+,6112952,955655,1102,10971,179.5
2022-06-18,00-04,3988681,889008,1055,5666,142.1
2022-06-18,00+,84358845,27267937,77542,409381,485.3
2022-06-18,05-14,7940296,3919634,4833,26031,327.8
2022-06-18,15-34,19059537,8350611,25477,135501,710.9
2022-06-18,35-59,28508100,10119502,32514,172158,603.9
2022-06-18,60-79,18749279,3004288,11251,58399,311.5
2022-06-18,80+,6112952,958040,2385,11482,187.8
2022-06-19,00-04,3988681,889352,344,5768,144.6
2022-06-19,00+,84358845,27291087,23150,412768,489.3
2022-06-19,05-14,7940296,3921279,1645,26507,333.8
2022-06-19,15-34,19059537,8357576,6965,135512,711
2022-06-19,35-59,28508100,10129609,10107,174185,611
2022-06-19,60-79,18749279,3007694,3406,59054,315
2022-06-19,80+,6112952,958706,666,11585,189.5
2022-06-20,00-04,3988681,889549,197,5784,145
2022-06-20,00+,84358845,27304383,13296,413744,490.5
2022-06-20,05-14,7940296,3922337,1058,26694,336.2
2022-06-20,15-34,19059537,8361565,3989,135441,710.6
2022-06-20,35-59,28508100,10135370,5761,174703,612.8
2022-06-20,60-79,18749279,3009536,1842,59260,316.1
2022-06-20,80+,6112952,959150,444,11703,191.4
2022-06-21,00-04,3988681,891036,1487,6009,150.7
2022-06-21,00+,84358845,27409929,105546,432256,512.4
2022-06-21,05-14,7940296,3930184,7847,29085,366.3
2022-06-21,15-34,19059537,8393266,31701,137795,723
2022-06-21,35-59,28508100,10180927,45557,184057,645.6
2022-06-21,60-79,18749279,3025194,15658,62560,333.7
2022-06-21,80+,6112952,962410,3260,12592,206
2022-06-22,00-04,3988681,892648,1612,6370,159.7
2022-06-22,00+,84358845,27534488,124559,463248,549.1
2022-06-22,05-14,7940296,3939664,9480,32431,408.4
2022-06-22,15-34,19059537,8430293,37027,144989,760.7
2022-06-22,35-59,28508100,10236108,55181,198752,697.2
2022-06-22,60-79,18749279,3042858,17664,66793,356.2
2022-06-22,80+,6112952,965956,3546,13737,224.7
2022-06-23,00-04,3988681,894134,1486,6713,168.3
2022-06-23,00+,84358845,27648003,113515,494890,586.6
2022-06-23,05-14,7940296,3947690,8026,35306,444.6
2022-06-23,15-34,19059537,8466977,36684,154288,809.5
2022-06-23,35-59,28508100,10283854,47746,212346,744.9
2022-06-23,60-79,18749279,3059044,16186,71302,380.3
2022-06-23,80+,6112952,969308,3352,14755,241.4
2022-06-24,00-04,3988681,895431,1297,7478,187.5
2022-06-24,00+,84358845,27749359,101356,558964,662.6
2022-06-24,05-14,7940296,3954363,6673,39562,498.2
2022-06-24,15-34,19059537,8500520,33543,175386,920.2
2022-06-24,35-59,28508100,10326123,42269,239135,838.8
2022-06-24,60-79,18749279,3073510,14466,80473,429.2
2022-06-24,80+,6112952,972379,3071,16724,273.6
2022-06-25,00-04,3988681,896597,1166,7589,190.3
2022-06-25,00+,84358845,27836546,87187,568609,674
2022-06-25,05-14,7940296,3960262,5899,40628,511.7
2022-06-25,15-34,19059537,8528485,27965,177874,933.3
2022-06-25,35-59,28508100,10362474,36351,242972,852.3
2022-06-25,60-79,18749279,3086414,12904,82126,438
2022-06-25,80+,6112952,975244,2865,17204,281.4
2022-06-26,00-04,3988681,897067,470,7715,193.4
2022-06-26,00+,84358845,27863755,27209,572668,678.8
2022-06-26,05-14,7940296,3962341,2079,41062,517.1
2022-06-26,15-34,19059537,8536781,8296,179205,940.2
2022-06-26,35-59,28508100,10373903,11429,244294,856.9
2022-06-26,60-79,18749279,3090551,4137,82857,441.9
2022-06-26,80+,6112952,976033,789,17327,283.4
2022-06-27,00-04,3988681,897272,205,7723,193.6
2022-06-27,00+,84358845,27878551,14796,574168,680.6
2022-06-27,05-14,7940296,3963602,1261,41265,519.7
2022-06-27,15-34,19059537,8541206,4425,179641,942.5
2022-06-27,35-59,28508100,10380166,6263,244796,858.7
2022-06-27,60-79,18749279,3092670,2119,83134,443.4
2022-06-27,80+,6112952,976547,514,17397,284.6
2022-06-28,00-04,3988681,899067,1795,8031,201.3
2022-06-28,00+,84358845,27995451,116900,585522,694.1
2022-06-28,05-14,7940296,3973039,9437,42855,539.7
2022-06-28,15-34,19059537,8575849,34643,182583,958
2022-06-28,35-59,28508100,10430019,49853,249092,873.8
2022-06-28,60-79,18749279,3110022,17352,84828,452.4
2022-06-28,80+,6112952,980316,3769,17906,292.9
2022-06-29,00-04,3988681,901079,2012,8431,211.4
2022-06-29,00+,84358845,28133523,138072,599035,710.1
2022-06-29,05-14,7940296,3983814,10775,44150,556
2022-06-29,15-34,19059537,8615451,39602,185158,971.5
2022-06-29,35-59,28508100,10490759,60740,254651,893.3
2022-06-29,60-79,18749279,3130845,20823,87987,469.3
2022-06-29,80+,6112952,984389,4073,18433,301.5
2022-06-30,00-04,3988681,902876,1797,8742,219.2
2022-06-30,00+,84358845,28258635,125112,610632,723.9
2022-06-30,05-14,7940296,3993004,9190,45314,570.7
2022-06-30,15-34,19059537,8653227,37776,186250,977.2
2022-06-30,35-59,28508100,10544563,53804,260709,914.5
2022-06-30,60-79,18749279,3149544,18699,90500,482.7
2022-06-30,80+,6112952,988191,3802,18883,308.9
2022-07-01,00-04,3988681,904434,1558,9003,225.7
2022-07-01,00+,84358845,28368894,110259,619535,734.4
2022-07-01,05-14,7940296,4000432,7428,46069,580.2
2022-07-01,15-34,19059537,8687404,34177,186884,980.5
2022-07-01,35-59,28508100,10591639,47076,265516,931.4
2022-07-01,60-79,18749279,3166155,16611,92645,494.1
2022-07-01,80+,6112952,991557,3366,19178,313.7
2022-07-02,00-04,3988681,905800,1366,9203,230.7
2022-07-02,00+,84358845,28463749,94855,627203,743.5
2022-07-02,05-14,7940296,4006739,6307,46477,585.3
2022-07-02,15-34,19059537,8715968,28564,187483,983.7
2022-07-02,35-59,28508100,10632355,40716,269881,946.7
2022-07-02,60-79,18749279,3180812,14657,94398,503.5
2022-07-02,80+,6112952,994766,3209,19522,319.4
2022-07-03,00-04,3988681,906188,388,9121,228.7
2022-07-03,00+,84358845,28487659,23910,623904,739.6
2022-07-03,05-14,7940296,4008456,1717,46115,580.8
2022-07-03,15-34,19059537,8722931,6963,186150,976.7
2022-07-03,35-59,28508100,10642688,10333,268785,942.8
2022-07-03,60-79,18749279,3184503,3691,93952,501.1
2022-07-03,80+,6112952,995578,812,19545,319.7
2022-07-04,00-04,3988681,906398,210,9126,228.8
2022-07-04,00+,84358845,28501243,13584,622692,738.1
2022-07-04,05-14,7940296,4009474,1018,45872,577.7
2022-07-04,15-34,19059537,8726874,3943,185668,974.1
2022-07-04,35-59,28508100,10648528,5840,268362,941.4
2022-07-04,60-79,18749279,3186471,1968,93801,500.3
2022-07-04,80+,6112952,996177,599,19630,321.1
2022-07-05,00-04,3988681,908403,2005,9336,234.1
2022-07-05,00+,84358845,28622009,120766,626558,742.7
2022-07-05,05-14,7940296,4019111,9637,46072,580.2
2022-07-05,15-34,19059537,8760777,33903,184928,970.3
2022-07-05,35-59,28508100,10700813,52285,270794,949.9
2022-07-05,60-79,18749279,3205367,18896,95345,508.5
2022-07-05,80+,6112952,1000177,4000,19861,324.9
2022-07-06,00-04,3988681,910414,2011,9335,234
2022-07-06,00+,84358845,28758585,136576,625062,741
2022-07-06,05-14,7940296,4029840,10729,46026,579.7
2022-07-06,15-34,19059537,8798328,37551,182877,959.5
2022-07-06,35-59,28508100,10762181,61368,271422,952.1
2022-07-06,60-79,18749279,3226175,20808,95330,508.4
2022-07-06,80+,6112952,1004242,4065,19853,324.8
2022-07-07,00-04,3988681,912372,1958,9496,238.1
2022-07-07,00+,84358845,28886010,127425,627375,743.7
2022-07-07,05-14,7940296,4039280,9440,46276,582.8
2022-07-07,15-34,19059537,8834957,36629,181730,953.5
2022-07-07,35-59,28508100,10817838,55657,273275,958.6
2022-07-07,60-79,18749279,3245872,19697,96328,513.8
2022-07-07,80+,6112952,1008251,4009,20060,328.2
2022-07-08,00-04,3988681,913937,1565,9503,238.2
2022-07-08,00+,84358845,28996867,110857,627973,744.4
2022-07-08,05-14,7940296,4046959,7679,46527,586
2022-07-08,15-34,19059537,8868599,33642,181195,950.7
2022-07-08,35-59,28508100,10865504,47666,273865,960.7
2022-07-08,60-79,18749279,3262508,16636,96353,513.9
2022-07-08,80+,6112952,1011884,3633,20327,332.5
2022-07-09,00-04,3988681,915395,1458,9595,240.6
2022-07-09,00+,84358845,29092459,95592,628710,745.3
2022-07-09,05-14,7940296,4053591,6632,46852,590.1
2022-07-09,15-34,19059537,8896886,28287,180918,949.2
2022-07-09,35-59,28508100,10906910,41406,274555,963.1
2022-07-09,60-79,18749279,3277196,14688,96384,514.1
2022-07-09,80+,6112952,1014963,3079,20197,330.4
2022-07-10,00-04,3988681,915787,392,9599,240.7
2022-07-10,00+,84358845,29116095,23636,628436,745
2022-07-10,05-14,7940296,4055204,1613,46748,588.7
2022-07-10,15-34,19059537,8903541,6655,180610,947.6
2022-07-10,35-59,28508100,10917138,10228,274450,962.7
2022-07-10,60-79,18749279,3281049,3853,96546,514.9
2022-07-10,80+,6112952,1015847,884,20269,331.6
2022-07-11,00-04,3988681,916046,259,9648,241.9
2022-07-11,00+,84358845,29130463,14368,629220,745.9
2022-07-11,05-14,7940296,4056387,1183,46913,590.8
2022-07-11,15-34,19059537,8907612,4071,180738,948.3
2022-07-11,35-59,28508100,10923258,6120,274730,963.7
2022-07-11,60-79,18749279,3283214,2165,96743,516
2022-07-11,80+,6112952,1016409,562,20232,331
2022-07-12,00-04,3988681,918214,2168,9811,246
2022-07-12,00+,84358845,29261414,130951,639405,758
2022-07-12,05-14,7940296,4066694,10307,47583,599.3
2022-07-12,15-34,19059537,8944294,36682,183517,962.9
2022-07-12,35-59,28508100,10979815,56557,279002,978.7
2022-07-12,60-79,18749279,3303855,20641,98488,525.3
2022-07-12,80+,6112952,1020963,4554,20786,340
2022-07-13,00-04,3988681,920470,2256,10056,252.1
2022-07-13,00+,84358845,29406000,144586,647415,767.5
2022-07-13,05-14,7940296,4077550,10856,47710,600.9
2022-07-13,15-34,19059537,8983759,39465,185431,972.9
2022-07-13,35-59,28508100,11044339,64524,282158,989.7
2022-07-13,60-79,18749279,3326608,22753,100433,535.7
2022-07-13,80+,6112952,1025648,4685,21406,350.2
2022-07-14,00-04,3988681,922525,2055,10153,254.5
2022-07-14,00+,84358845,29541577,135577,655567,777.1
2022-07-14,05-14,7940296,4087164,9614,47884,603.1
2022-07-14,15-34,19059537,9022809,39050,187852,985.6
2022-07-14,35-59,28508100,11102939,58600,285101,1000.1
2022-07-14,60-79,18749279,3347820,21212,101948,543.7
2022-07-14,80+,6112952,1030646,4998,22395,366.4
2022-07-15,00-04,3988681,924183,1658,10246,256.9
2022-07-15,00+,84358845,29658492,116915,661625,784.3
2022-07-15,05-14,7940296,4094949,7785,47990,604.4
2022-07-15,15-34,19059537,9057016,34207,188417,988.6
2022-07-15,35-59,28508100,11153317,50378,287813,1009.6
2022-07-15,60-79,18749279,3366271,18451,103763,553.4
2022-07-15,80+,6112952,1035040,4394,23156,378.8
2022-07-16,00-04,3988681,925865,1682,10470,262.5
2022-07-16,00+,84358845,29767108,108616,674649,799.7
2022-07-16,05-14,7940296,4102095,7146,48504,610.9
2022-07-16,15-34,19059537,9088065,31049,191179,1003.1
2022-07-16,35-59,28508100,11199847,46530,292937,1027.6
2022-07-16,60-79,18749279,3384033,17762,106837,569.8
2022-07-16,80+,6112952,1039444,4404,24481,400.5
2022-07-17,00-04,3988681,926319,454,10532,264
2022-07-17,00+,84358845,29792426,25318,676331,801.7
2022-07-17,05-14,7940296,4103968,1873,48764,614.1
2022-07-17,15-34,19059537,9095047,6982,191506,1004.8
2022-07-17,35-59,28508100,11210678,10831,293540,1029.7
2022-07-17,60-79,18749279,3388153,4120,107104,571.2
2022-07-17,80+,6112952,1040494,1050,24647,403.2
2022-07-18,00-04,3988681,926544,225,10498,263.2
2022-07-18,00+,84358845,29805559,13133,675096,800.3
2022-07-18,05-14,7940296,4104956,988,48569,611.7
2022-07-18,15-34,19059537,9098698,3651,191086,1002.6
2022-07-18,35-59,28508100,11216314,5636,293056,1028
2022-07-18,60-79,18749279,3390242,2089,107028,570.8
2022-07-18,80+,6112952,1041032,538,24623,402.8
2022-07-19,00-04,3988681,928736,2192,10522,263.8
2022-07-19,00+,84358845,29939906,134347,678492,804.3
2022-07-19,05-14,7940296,4114795,9839,48101,605.8
2022-07-19,15-34,19059537,9135395,36697,191101,1002.7
2022-07-19,35-59,28508100,11274531,58217,294716,1033.8
2022-07-19,60-79,18749279,3412318,22076,108463,578.5
2022-07-19,80+,6112952,1046305,5273,25342,414.6
2022-07-20,00-04,3988681,930928,2192,10458,262.2
2022-07-20,00+,84358845,30083249,143343,677249,802.8
2022-07-20,05-14,7940296,4124502,9707,46952,591.3
2022-07-20,15-34,19059537,9173134,37739,189375,993.6
2022-07-20,35-59,28508100,11339271,64740,294932,1034.6
2022-07-20,60-79,18749279,3435866,23548,109258,582.7
2022-07-20,80+,6112952,1051671,5366,26023,425.7
2022-07-21,00-04,3988681,932678,1750,10153,254.5
2022-07-21,00+,84358845,30205340,122091,663763,786.8
2022-07-21,05-14,7940296,4132097,7595,44933,565.9
2022-07-21,15-34,19059537,9207368,34234,184559,968.3
2022-07-21,35-59,28508100,11392781,53510,289842,1016.7
2022-07-21,60-79,18749279,3455738,19872,107918,575.6
2022-07-21,80+,6112952,1056764,5093,26118,427.3
2022-07-22,00-04,3988681,934193,1515,10010,251
2022-07-22,00+,84358845,30309003,103663,650511,771.1
2022-07-22,05-14,7940296,4138009,5912,43060,542.3
2022-07-22,15-34,19059537,9237000,29632,179984,944.3
2022-07-22,35-59,28508100,11437632,44851,284315,997.3
2022-07-22,60-79,18749279,3472931,17193,106660,568.9
2022-07-22,80+,6112952,1061281,4517,26241,429.3
2022-07-23,00-04,3988681,935561,1368,9696,243.1
2022-07-23,00+,84358845,30398488,89485,631380,748.4
2022-07-23,05-14,7940296,4142967,4958,40872,514.7
2022-07-23,15-34,19059537,9261909,24909,173844,912.1
2022-07-23,35-59,28508100,11476324,38692,276477,969.8
2022-07-23,60-79,18749279,3488346,15415,104313,556.4
2022-07-23,80+,6112952,1065398,4117,25954,424.6
2022-07-24,00-04,3988681,935925,364,9606,240.8
2022-07-24,00+,84358845,30420747,22259,628321,744.8
2022-07-24,05-14,7940296,4144298,1331,40330,507.9
2022-07-24,15-34,19059537,9267960,6051,172913,907.2
2022-07-24,35-59,28508100,11485808,9484,275130,965.1
2022-07-24,60-79,18749279,3492332,3986,104179,555.6
2022-07-24,80+,6112952,1066434,1036,25940,424.3
2022-07-25,00-04,3988681,936144,219,9600,240.7
2022-07-25,00+,84358845,30432714,11967,627155,743.4
2022-07-25,05-14,7940296,4145023,725,40067,504.6
2022-07-25,15-34,19059537,9271237,3277,172539,905.3
2022-07-25,35-59,28508100,11490905,5097,274591,963.2
2022-07-25,60-79,18749279,3494382,2050,104140,555.4
2022-07-25,80+,6112952,1067032,598,26000,425.3
2022-07-26,00-04,3988681,938038,1894,9302,233.2
2022-07-26,00+,84358845,30552932,120218,613026,726.7
2022-07-26,05-14,7940296,4151979,6956,37184,468.3
2022-07-26,15-34,19059537,9303248,32011,167853,880.7
2022-07-26,35-59,28508100,11543526,52621,268995,943.6
2022-07-26,60-79,18749279,3515421,21039,103103,549.9
2022-07-26,80+,6112952,1072702,5670,26397,431.8
2022-07-27,00-04,3988681,939663,1625,8735,219
2022-07-27,00+,84358845,30671020,118088,587771,696.8
2022-07-27,05-14,7940296,4158036,6057,33534,422.3
2022-07-27,15-34,19059537,9334324,31076,161190,845.7
2022-07-27,35-59,28508100,11597470,53944,258199,905.7
2022-07-27,60-79,18749279,3535859,20438,99993,533.3
2022-07-27,80+,6112952,1077619,4917,25948,424.5
2022-07-28,00-04,3988681,941015,1352,8337,209
2022-07-28,00+,84358845,30767134,96114,561794,666
2022-07-28,05-14,7940296,4162732,4696,30635,385.8
2022-07-28,15-34,19059537,9361588,27264,154220,809.1
2022-07-28,35-59,28508100,11639506,42036,246725,865.5
2022-07-28,60-79,18749279,3552200,16341,96462,514.5
2022-07-28,80+,6112952,1082017,4398,25253,413.1
2022-07-29,00-04,3988681,942064,1049,7871,197.3
2022-07-29,00+,84358845,30842587,75453,533584,632.5
2022-07-29,05-14,7940296,4166009,3277,28000,352.6
2022-07-29,15-34,19059537,9383887,22299,146887,770.7
2022-07-29,35-59,28508100,11671858,32352,234226,821.6
2022-07-29,60-79,18749279,3565029,12829,92098,491.2
2022-07-29,80+,6112952,1085647,3630,24366,398.6
2022-07-30,00-04,3988681,943042,978,7481,187.6
2022-07-30,00+,84358845,30904706,62119,506218,600.1
2022-07-30,05-14,7940296,4168886,2877,25919,326.4
2022-07-30,15-34,19059537,9401594,17707,139685,732.9
2022-07-30,35-59,28508100,11698702,26844,222378,780.1
2022-07-30,60-79,18749279,3575858,10829,87512,466.7
2022-07-30,80+,6112952,1088518,2871,23120,378.2
2022-07-31,00-04,3988681,943323,281,7398,185.5
2022-07-31,00+,84358845,30920427,15721,499680,592.3
2022-07-31,05-14,7940296,4169709,823,25411,320
2022-07-31,15-34,19059537,9406082,4488,138122,724.7
2022-07-31,35-59,28508100,11705411,6709,219603,770.3
2022-07-31,60-79,18749279,3578586,2728,86254,460
2022-07-31,80+,6112952,1089204,686,22770,372.5
2022-08-01,00-04,3988681,943469,146,7325,183.6
2022-08-01,00+,84358845,30928460,8033,495746,587.7
2022-08-01,05-14,7940296,4170150,441,25127,316.4
2022-08-01,15-34,19059537,9408393,2311,137156,719.6
2022-08-01,35-59,28508100,11708825,3414,217920,764.4
2022-08-01,60-79,18749279,3579916,1330,85534,456.2
2022-08-01,80+,6112952,1089592,388,22560,369.1
2022-08-02,00-04,3988681,944912,1443,6874,172.3
2022-08-02,00+,84358845,31012548,84088,459616,544.8
2022-08-02,05-14,7940296,4174215,4065,22236,280
2022-08-02,15-34,19059537,9431404,23011,128156,672.4
2022-08-02,35-59,28508100,11745540,36715,202014,708.6
2022-08-02,60-79,18749279,3594702,14786,79281,422.8
2022-08-02,80+,6112952,1093644,4052,20942,342.6
2022-08-03,00-04,3988681,946132,1220,6469,162.2
2022-08-03,00+,84358845,31096906,84358,425886,504.9
2022-08-03,05-14,7940296,4177596,3381,19560,246.3
2022-08-03,15-34,19059537,9453933,22529,119609,627.6
2022-08-03,35-59,28508100,11784056,38516,186586,654.5
2022-08-03,60-79,18749279,3609552,14850,73693,393
2022-08-03,80+,6112952,1097479,3835,19860,324.9
2022-08-04,00-04,3988681,947205,1073,6190,155.2
2022-08-04,00+,84358845,31165789,68883,398655,472.6
2022-08-04,05-14,7940296,4180413,2817,17681,222.7
2022-08-04,15-34,19059537,9473390,19457,111802,586.6
2022-08-04,35-59,28508100,11814155,30099,174649,612.6
2022-08-04,60-79,18749279,3621600,12048,69400,370.1
2022-08-04,80+,6112952,1100843,3364,18826,308
2022-08-05,00-04,3988681,948042,837,5978,149.9
2022-08-05,00+,84358845,31222026,56237,379439,449.8
2022-08-05,05-14,7940296,4182734,2321,16725,210.6
2022-08-05,15-34,19059537,9489488,16098,105601,554.1
2022-08-05,35-59,28508100,11838342,24187,166484,584
2022-08-05,60-79,18749279,3631571,9971,66542,354.9
2022-08-05,80+,6112952,1103656,2813,18009,294.6
2022-08-06,00-04,3988681,948795,753,5753,144.2
2022-08-06,00+,84358845,31270712,48686,366006,433.9
2022-08-06,05-14,7940296,4184802,2068,15916,200.4
2022-08-06,15-34,19059537,9503028,13540,101434,532.2
2022-08-06,35-59,28508100,11859188,20846,160486,562.9
2022-08-06,60-79,18749279,3640551,8980,64693,345
2022-08-06,80+,6112952,1106143,2487,17625,288.3
2022-08-07,00-04,3988681,949035,240,5712,143.2
2022-08-07,00+,84358845,31284173,13461,363746,431.2
2022-08-07,05-14,7940296,4185489,687,15780,198.7
2022-08-07,15-34,19059537,9506723,3695,100641,528
2022-08-07,35-59,28508100,11864989,5801,159578,559.8
2022-08-07,60-79,18749279,3642918,2367,64332,343.1
2022-08-07,80+,6112952,1106807,664,17603,288
2022-08-08,00-04,3988681,949153,118,5684,142.5
2022-08-08,00+,84358845,31291385,7212,362925,430.2
2022-08-08,05-14,7940296,4185902,413,15752,198.4
2022-08-08,15-34,19059537,9508665,1942,100272,526.1
2022-08-08,35-59,28508100,11868115,3126,159290,558.8
2022-08-08,60-79,18749279,3644189,1271,64273,342.8
2022-08-08,80+,6112952,1107146,339,17554,287.2
2022-08-09,00-04,3988681,950139,986,5227,131
2022-08-09,00+,84358845,31357550,66165,345002,409
2022-08-09,05-14,7940296,4189024,3122,14809,186.5
2022-08-09,15-34,19059537,9526119,17454,94715,496.9
2022-08-09,35-59,28508100,11897209,29094,151669,532
2022-08-09,60-79,18749279,3656375,12186,61673,328.9
2022-08-09,80+,6112952,1110454,3308,16810,275
2022-08-10,00-04,3988681,951178,1039,5046,126.5
2022-08-10,00+,84358845,31425055,67505,328149,389
2022-08-10,05-14,7940296,4191966,2942,14370,181
2022-08-10,15-34,19059537,9544010,17891,90077,472.6
2022-08-10,35-59,28508100,11927634,30425,143578,503.6
2022-08-10,60-79,18749279,3668510,12135,58958,314.5
2022-08-10,80+,6112952,1113501,3047,16022,262.1
2022-08-11,00-04,3988681,952022,844,4817,120.8
2022-08-11,00+,84358845,31480998,55943,315209,373.7
2022-08-11,05-14,7940296,4194729,2763,14316,180.3
2022-08-11,15-34,19059537,9559904,15894,86514,453.9
2022-08-11,35-59,28508100,11951647,24013,137492,482.3
2022-08-11,60-79,18749279,3678350,9840,56750,302.7
2022-08-11,80+,6112952,1116071,2570,15228,249.1
2022-08-12,00-04,3988681,952755,733,4713,118.2
2022-08-12,00+,84358845,31528399,47401,306373,363.2
2022-08-12,05-14,7940296,4197377,2648,14643,184.4
2022-08-12,15-34,19059537,9573473,13569,83985,440.6
2022-08-12,35-59,28508100,11971540,19893,133198,467.2
2022-08-12,60-79,18749279,3686534,8184,54963,293.1
2022-08-12,80+,6112952,1118439,2368,14783,241.8
2022-08-13,00-04,3988681,953433,678,4638,116.3
2022-08-13,00+,84358845,31571950,43551,301238,357.1
2022-08-13,05-14,7940296,4199643,2266,14841,186.9
2022-08-13,15-34,19059537,9585830,12357,82802,434.4
2022-08-13,35-59,28508100,11989892,18352,130704,458.5
2022-08-13,60-79,18749279,3694170,7636,53619,286
2022-08-13,80+,6112952,1120691,2252,14548,238
2022-08-14,00-04,3988681,953654,221,4619,115.8
2022-08-14,00+,84358845,31583138,11188,298965,354.4
2022-08-14,05-14,7940296,4200346,703,14857,187.1
2022-08-14,15-34,19059537,9588874,3044,82151,431
2022-08-14,35-59,28508100,11994564,4672,129575,454.5
2022-08-14,60-79,18749279,3696156,1986,53238,283.9
2022-08-14,80+,6112952,1121250,559,14443,236.3
2022-08-15,00-04,3988681,953784,130,4631,116.1
2022-08-15,00+,84358845,31589682,6544,298297,353.6
2022-08-15,05-14,7940296,4200829,483,14927,188
2022-08-15,15-34,19059537,9590545,1671,81880,429.6
2022-08-15,35-59,28508100,11997320,2756,129205,453.2
2022-08-15,60-79,18749279,3697301,1145,53112,283.3
2022-08-15,80+,6112952,1121608,358,14462,236.6
2022-08-16,00-04,3988681,954825,1041,4686,117.5
2022-08-16,00+,84358845,31644124,54442,286574,339.7
2022-08-16,05-14,7940296,4204058,3229,15034,189.3
2022-08-16,15-34,19059537,9604972,14427,78853,413.7
2022-08-16,35-59,28508100,12020688,23368,123479,433.1
2022-08-16,60-79,18749279,3706817,9516,50442,269
2022-08-16,80+,6112952,1124450,2842,13996,229
2022-08-17,00-04,3988681,955884,1059,4706,118
2022-08-17,00+,84358845,31707224,63100,282169,334.5
2022-08-17,05-14,7940296,4207797,3739,15831,199.4
2022-08-17,15-34,19059537,9621319,16347,77309,405.6
2022-08-17,35-59,28508100,12048600,27912,120966,424.3
2022-08-17,60-79,18749279,3717907,11090,49397,263.5
2022-08-17,80+,6112952,1127372,2922,13871,226.9
2022-08-18,00-04,3988681,956752,868,4730,118.6
2022-08-18,00+,84358845,31759620,52396,278622,330.3
2022-08-18,05-14,7940296,4210734,2937,16005,201.6
2022-08-18,15-34,19059537,9635586,14267,75682,397.1
2022-08-18,35-59,28508100,12070940,22340,119293,418.5
2022-08-18,60-79,18749279,3727108,9201,48758,260.1
2022-08-18,80+,6112952,1130142,2770,14071,230.2
2022-08-19,00-04,3988681,957468,716,4713,118.2
2022-08-19,00+,84358845,31802529,42909,274130,325
2022-08-19,05-14,7940296,4213160,2426,15783,198.8
2022-08-19,15-34,19059537,9647524,11938,74051,388.5
2022-08-19,35-59,28508100,12088898,17958,117358,411.7
2022-08-19,60-79,18749279,3734669,7561,48135,256.7
2022-08-19,80+,6112952,1132443,2301,14004,229.1
2022-08-20,00-04,3988681,958146,678,4713,118.2
2022-08-20,00+,84358845,31838201,35672,266251,315.6
2022-08-20,05-14,7940296,4215466,2306,15823,199.3
2022-08-20,15-34,19059537,9657045,9521,71215,373.6
2022-08-20,35-59,28508100,12103774,14876,113882,399.5
2022-08-20,60-79,18749279,3741132,6463,46962,250.5
2022-08-20,80+,6112952,1134254,1811,13563,221.9
2022-08-21,00-04,3988681,958361,215,4707,118
2022-08-21,00+,84358845,31847929,9728,264791,313.9
2022-08-21,05-14,7940296,4216218,752,15872,199.9
2022-08-21,15-34,19059537,9659523,2478,70649,370.7
2022-08-21,35-59,28508100,12107729,3955,113165,397
2022-08-21,60-79,18749279,3742922,1790,46766,249.4
2022-08-21,80+,6112952,1134785,531,13535,221.4
2022-08-22,00-04,3988681,958469,108,4685,117.5
2022-08-22,00+,84358845,31853035,5106,263353,312.2
2022-08-22,05-14,7940296,4216682,464,15853,199.7
2022-08-22,15-34,19059537,9660833,1310,70288,368.8
2022-08-22,35-59,28508100,12109827,2098,112507,394.6
2022-08-22,60-79,18749279,3743803,881,46502,248
2022-08-22,80+,6112952,1135028,243,13420,219.5
2022-08-23,00-04,3988681,959398,929,4573,114.6
2022-08-23,00+,84358845,31903480,50445,259356,307.4
2022-08-23,05-14,7940296,4220223,3541,16165,203.6
2022-08-23,15-34,19059537,9674156,13323,69184,363
2022-08-23,35-59,28508100,12130981,21154,110293,386.9
2022-08-23,60-79,18749279,3752822,9019,46005,245.4
2022-08-23,80+,6112952,1137496,2468,13046,213.4
2022-08-24,00-04,3988681,960350,952,4466,112
2022-08-24,00+,84358845,31955563,52083,248339,294.4
2022-08-24,05-14,7940296,4224060,3837,16263,204.8
2022-08-24,15-34,19059537,9687656,13500,66337,348.1
2022-08-24,35-59,28508100,12153730,22749,105130,368.8
2022-08-24,60-79,18749279,3761734,8912,43827,233.8
2022-08-24,80+,6112952,1139618,2122,12246,200.3
2022-08-25,00-04,3988681,961121,771,4369,109.5
2022-08-25,00+,84358845,31999718,44155,240098,284.6
2022-08-25,05-14,7940296,4227217,3157,16483,207.6
2022-08-25,15-34,19059537,9700055,12399,64469,338.3
2022-08-25,35-59,28508100,12172423,18693,101483,356
2022-08-25,60-79,18749279,3768944,7210,41836,223.1
2022-08-25,80+,6112952,1141532,1914,11390,186.3
2022-08-26,00-04,3988681,961750,629,4282,107.4
2022-08-26,00+,84358845,32035588,35870,233059,276.3
2022-08-26,05-14,7940296,4229825,2608,16665,209.9
2022-08-26,15-34,19059537,9710077,10022,62553,328.2
2022-08-26,35-59,28508100,12187256,14833,98358,345
2022-08-26,60-79,18749279,3775153,6209,40484,215.9
2022-08-26,80+,6112952,1143090,1558,10647,174.2
2022-08-27,00-04,3988681,962343,593,4197,105.2
2022-08-27,00+,84358845,32067975,32387,229774,272.4
2022-08-27,05-14,7940296,4232263,2438,16797,211.5
2022-08-27,15-34,19059537,9718840,8763,61795,324.2
2022-08-27,35-59,28508100,12200659,13403,96885,339.9
2022-08-27,60-79,18749279,3780827,5674,39695,211.7
2022-08-27,80+,6112952,1144593,1503,10339,169.1
2022-08-28,00-04,3988681,962500,157,4139,103.8
2022-08-28,00+,84358845,32076112,8137,228183,270.5
2022-08-28,05-14,7940296,4232991,728,16773,211.2
2022-08-28,15-34,19059537,9720958,2118,61435,322.3
2022-08-28,35-59,28508100,12203999,3340,96270,337.7
2022-08-28,60-79,18749279,3782235,1408,39313,209.7
2022-08-28,80+,6112952,1144976,383,10191,166.7
2022-08-29,00-04,3988681,962594,94,4125,103.4
2022-08-29,00+,84358845,32081008,4896,227973,270.2
2022-08-29,05-14,7940296,4233418,427,16736,210.8
2022-08-29,15-34,19059537,9722198,1240,61365,322
2022-08-29,35-59,28508100,12206012,2013,96185,337.4
2022-08-29,60-79,18749279,3783103,868,39300,209.6
2022-08-29,80+,6112952,1145229,253,10201,166.9
2022-08-30,00-04,3988681,963459,865,4061,101.8
2022-08-30,00+,84358845,32127161,46153,223681,265.2
2022-08-30,05-14,7940296,4236976,3558,16753,211
2022-08-30,15-34,19059537,9734353,12155,60197,315.8
2022-08-30,35-59,28508100,12225361,19349,94380,331.1
2022-08-30,60-79,18749279,3791242,8139,38420,204.9
2022-08-30,80+,6112952,1147298,2069,9802,160.3
2022-08-31,00-04,3988681,964288,829,3938,98.7
2022-08-31,00+,84358845,32174660,47499,219097,259.7
2022-08-31,05-14,7940296,4240632,3656,16572,208.7
2022-08-31,15-34,19059537,9746809,12456,59153,310.4
2022-08-31,35-59,28508100,12246023,20662,92293,323.7
2022-08-31,60-79,18749279,3799224,7982,37490,200
2022-08-31,80+,6112952,1149206,1908,9588,156.8
2022-09-01,00-04,3988681,964939,651,3818,95.7
2022-09-01,00+,84358845,32211538,36878,211820,251.1
2022-09-01,05-14,7940296,4243343,2711,16126,203.1
2022-09-01,15-34,19059537,9756806,9997,56751,297.8
2022-09-01,35-59,28508100,12261418,15395,88995,312.2
2022-09-01,60-79,18749279,3805690,6466,36746,196
2022-09-01,80+,6112952,1150856,1650,9324,152.5
2022-09-02,00-04,3988681,965437,498,3687,92.4
2022-09-02,00+,84358845,32241966,30428,206378,244.6
2022-09-02,05-14,7940296,4245489,2146,15664,197.3
2022-09-02,15-34,19059537,9765265,8459,55188,289.6
2022-09-02,35-59,28508100,12273926,12508,86670,304
2022-09-02,60-79,18749279,3811024,5334,35871,191.3
2022-09-02,80+,6112952,1152326,1470,9236,151.1
2022-09-03,00-04,3988681,965907,470,3564,89.4
2022-09-03,00+,84358845,32270701,28735,202726,240.3
2022-09-03,05-14,7940296,4247509,2020,15246,192
2022-09-03,15-34,19059537,9773025,7760,54185,284.3
2022-09-03,35-59,28508100,12285807,11881,85148,298.7
2022-09-03,60-79,18749279,3816248,5224,35421,188.9
2022-09-03,80+,6112952,1153698,1372,9105,148.9
2022-09-04,00-04,3988681,966040,133,3540,88.8
2022-09-04,00+,84358845,32278619,7918,202507,240.1
2022-09-04,05-14,7940296,4248171,662,15180,191.2
2022-09-04,15-34,19059537,9775036,2011,54078,283.7
2022-09-04,35-59,28508100,12289106,3299,85107,298.5
2022-09-04,60-79,18749279,3817694,1446,35459,189.1
2022-09-04,80+,6112952,1154065,367,9089,148.7
2022-09-05,00-04,3988681,966120,80,3526,88.4
2022-09-05,00+,84358845,32282785,4166,201777,239.2
2022-09-05,05-14,7940296,4248496,325,15078,189.9
2022-09-05,15-34,19059537,9776109,1073,53911,282.9
2022-09-05,35-59,28508100,12290852,1746,84840,297.6
2022-09-05,60-79,18749279,3818426,732,35323,188.4
2022-09-05,80+,6112952,1154273,208,9044,147.9
2022-09-06,00-04,3988681,966900,780,3441,86.3
2022-09-06,00+,84358845,32325675,42890,198514,235.3
2022-09-06,05-14,7940296,4251996,3500,15020,189.2
2022-09-06,15-34,19059537,9787036,10927,52683,276.4
2022-09-06,35-59,28508100,12308974,18122,83613,293.3
2022-09-06,60-79,18749279,3825997,7571,34755,185.4
2022-09-06,80+,6112952,1156256,1983,8958,146.5
2022-09-07,00-04,3988681,967683,783,3395,85.1
2022-09-07,00+,84358845,32371582,45907,196922,233.4
2022-09-07,05-14,7940296,4255708,3712,15076,189.9
2022-09-07,15-34,19059537,9798560,11524,51751,271.5
2022-09-07,35-59,28508100,12328917,19943,82894,290.8
2022-09-07,60-79,18749279,3834092,8095,34868,186
2022-09-07,80+,6112952,1158092,1836,8886,145.4
2022-09-08,00-04,3988681,968349,666,3410,85.5
2022-09-08,00+,84358845,32411007,39425,199469,236.5
2022-09-08,05-14,7940296,4258766,3058,15423,194.2
2022-09-08,15-34,19059537,9808732,10172,51926,272.4
2022-09-08,35-59,28508100,12345711,16794,84293,295.7
2022-09-08,60-79,18749279,3841026,6934,35336,188.5
2022-09-08,80+,6112952,1159884,1792,9028,147.7
2022-09-09,00-04,3988681,968876,527,3439,86.2
2022-09-09,00+,84358845,32444673,33666,202707,240.3
2022-09-09,05-14,7940296,4261099,2333,15610,196.6
2022-09-09,15-34,19059537,9817644,8912,52379,274.8
2022-09-09,35-59,28508100,12360178,14467,86252,302.6
2022-09-09,60-79,18749279,3846815,5789,35791,190.9
2022-09-09,80+,6112952,1161510,1626,9184,150.2
2022-09-10,00-04,3988681,969345,469,3438,86.2
2022-09-10,00+,84358845,32474972,30299,204271,242.1
2022-09-10,05-14,7940296,4263145,2046,15636,196.9
2022-09-10,15-34,19059537,9825473,7829,52448,275.2
2022-09-10,35-59,28508100,12373081,12903,87274,306.1
2022-09-10,60-79,18749279,3852432,5617,36184,193
2022-09-10,80+,6112952,1162944,1434,9246,151.3
2022-09-11,00-04,3988681,969455,110,3415,85.6
2022-09-11,00+,84358845,32482517,7545,203898,241.7
2022-09-11,05-14,7940296,4263643,498,15472,194.9
2022-09-11,15-34,19059537,9827360,1887,52324,274.5
2022-09-11,35-59,28508100,12376319,3238,87213,305.9
2022-09-11,60-79,18749279,3853879,1447,36185,193
2022-09-11,80+,6112952,1163307,363,9242,151.2
2022-09-12,00-04,3988681,969535,80,3415,85.6
2022-09-12,00+,84358845,32486872,4355,204087,241.9
2022-09-12,05-14,7940296,4263952,309,15456,194.7
2022-09-12,15-34,19059537,9828478,1118,52369,274.8
2022-09-12,35-59,28508100,12378194,1875,87342,306.4
2022-09-12,60-79,18749279,3854605,726,36179,193
2022-09-12,80+,6112952,1163553,246,9280,151.8
2022-09-13,00-04,3988681,970384,849,3484,87.3
2022-09-13,00+,84358845,32534025,47153,208350,247
2022-09-13,05-14,7940296,4267430,3478,15434,194.4
2022-09-13,15-34,19059537,9840136,11658,53100,278.6
2022-09-13,35-59,28508100,12398406,20212,89432,313.7
2022-09-13,60-79,18749279,3863264,8659,37267,198.8
2022-09-13,80+,6112952,1165839,2286,9583,156.8
2022-09-14,00-04,3988681,971184,800,3501,87.8
2022-09-14,00+,84358845,32585622,51597,214040,253.7
2022-09-14,05-14,7940296,4271358,3928,15650,197.1
2022-09-14,15-34,19059537,9852508,12372,53948,283
2022-09-14,35-59,28508100,12421368,22962,92451,324.3
2022-09-14,60-79,18749279,3872699,9435,38607,205.9
2022-09-14,80+,6112952,1167923,2084,9831,160.8
2022-09-15,00-04,3988681,971853,669,3504,87.8
2022-09-15,00+,84358845,32628486,42864,217479,257.8
2022-09-15,05-14,7940296,4274472,3114,15706,197.8
2022-09-15,15-34,19059537,9863336,10828,54604,286.5
2022-09-15,35-59,28508100,12439609,18241,93898,329.4
2022-09-15,60-79,18749279,3880676,7977,39650,211.5
2022-09-15,80+,6112952,1169952,2029,10068,164.7
2022-09-16,00-04,3988681,972422,569,3546,88.9
2022-09-16,00+,84358845,32667801,39315,223128,264.5
2022-09-16,05-14,7940296,4277174,2702,16075,202.4
2022-09-16,15-34,19059537,9873458,10122,55814,292.8
2022-09-16,35-59,28508100,12456304,16695,96126,337.2
2022-09-16,60-79,18749279,3888057,7381,41242,220
2022-09-16,80+,6112952,1171784,1832,10274,168.1
2022-09-17,00-04,3988681,972953,531,3608,90.5
2022-09-17,00+,84358845,32702760,34959,227788,270
2022-09-17,05-14,7940296,4279361,2187,16216,204.2
2022-09-17,15-34,19059537,9882265,8807,56792,298
2022-09-17,35-59,28508100,12471254,14950,98173,344.4
2022-09-17,60-79,18749279,3894781,6724,42349,225.9
2022-09-17,80+,6112952,1173532,1748,10588,173.2
2022-09-18,00-04,3988681,973089,136,3634,91.1
2022-09-18,00+,84358845,32710878,8118,228361,270.7
2022-09-18,05-14,7940296,4279930,569,16287,205.1
2022-09-18,15-34,19059537,9884187,1922,56827,298.2
2022-09-18,35-59,28508100,12474790,3536,98471,345.4
2022-09-18,60-79,18749279,3896325,1544,42446,226.4
2022-09-18,80+,6112952,1173941,409,10634,174
2022-09-19,00-04,3988681,973159,70,3624,90.9
2022-09-19,00+,84358845,32715792,4914,228920,271.4
2022-09-19,05-14,7940296,4280324,394,16372,206.2
2022-09-19,15-34,19059537,9885281,1094,56803,298
2022-09-19,35-59,28508100,12476875,2085,98681,346.2
2022-09-19,60-79,18749279,3897339,1014,42734,227.9
2022-09-19,80+,6112952,1174197,256,10644,174.1
2022-09-20,00-04,3988681,974066,907,3682,92.3
2022-09-20,00+,84358845,32770689,54897,236664,280.5
2022-09-20,05-14,7940296,4284438,4114,17008,214.2
2022-09-20,15-34,19059537,9898327,13046,58191,305.3
2022-09-20,35-59,28508100,12500403,23528,101997,357.8
2022-09-20,60-79,18749279,3907965,10626,44701,238.4
2022-09-20,80+,6112952,1176856,2659,11017,180.2
2022-09-21,00-04,3988681,974803,737,3619,90.7
2022-09-21,00+,84358845,32829019,58330,243397,288.5
2022-09-21,05-14,7940296,4288694,4256,17336,218.3
2022-09-21,15-34,19059537,9912092,13765,59584,312.6
2022-09-21,35-59,28508100,12526331,25928,104963,368.2
2022-09-21,60-79,18749279,3919122,11157,46423,247.6
2022-09-21,80+,6112952,1179325,2469,11402,186.5
2022-09-22,00-04,3988681,975495,692,3642,91.3
2022-09-22,00+,84358845,32882831,53812,254345,301.5
2022-09-22,05-14,7940296,4292331,3637,17859,224.9
2022-09-22,15-34,19059537,9924784,12692,61448,322.4
2022-09-22,35-59,28508100,12549788,23457,110179,386.5
2022-09-22,60-79,18749279,3929719,10597,49043,261.6
2022-09-22,80+,6112952,1182047,2722,12095,197.9
2022-09-23,00-04,3988681,976112,617,3690,92.5
2022-09-23,00+,84358845,32932291,49460,264490,313.5
2022-09-23,05-14,7940296,4295460,3129,18286,230.3
2022-09-23,15-34,19059537,9936319,11535,62861,329.8
2022-09-23,35-59,28508100,12571559,21771,115255,404.3
2022-09-23,60-79,18749279,3939556,9837,51499,274.7
2022-09-23,80+,6112952,1184603,2556,12819,209.7
2022-09-24,00-04,3988681,976647,535,3694,92.6
2022-09-24,00+,84358845,32980429,48138,277669,329.2
2022-09-24,05-14,7940296,4298211,2751,18850,237.4
2022-09-24,15-34,19059537,9947448,11129,65183,342
2022-09-24,35-59,28508100,12592470,20911,121216,425.2
2022-09-24,60-79,18749279,3949760,10204,54979,293.2
2022-09-24,80+,6112952,1187194,2591,13662,223.5
2022-09-25,00-04,3988681,976817,170,3728,93.5
2022-09-25,00+,84358845,32994083,13654,283205,335.7
2022-09-25,05-14,7940296,4299002,791,19072,240.2
2022-09-25,15-34,19059537,9950674,3226,66487,348.8
2022-09-25,35-59,28508100,12598373,5903,123583,433.5
2022-09-25,60-79,18749279,3952552,2792,56227,299.9
2022-09-25,80+,6112952,1187964,770,14023,229.4
2022-09-26,00-04,3988681,976902,85,3743,93.8
2022-09-26,00+,84358845,33002375,8292,286583,339.7
2022-09-26,05-14,7940296,4299512,510,19188,241.7
2022-09-26,15-34,19059537,9952432,1758,67151,352.3
2022-09-26,35-59,28508100,12602066,3693,125191,439.1
2022-09-26,60-79,18749279,3954300,1748,56961,303.8
2022-09-26,80+,6112952,1188460,496,14263,233.3
2022-09-27,00-04,3988681,977768,866,3702,92.8
2022-09-27,00+,84358845,33083647,81272,312958,371
2022-09-27,05-14,7940296,4304488,4976,20050,252.5
2022-09-27,15-34,19059537,9970823,18391,72496,380.4
2022-09-27,35-59,28508100,12638180,36114,137777,483.3
2022-09-27,60-79,18749279,3970895,16595,62930,335.6
2022-09-27,80+,6112952,1192763,4303,15907,260.2
2022-09-28,00-04,3988681,978674,906,3871,97
2022-09-28,00+,84358845,33183863,100216,354844,420.6
2022-09-28,05-14,7940296,4310084,5596,21390,269.4
2022-09-28,15-34,19059537,9993278,22455,81186,426
2022-09-28,35-59,28508100,12684222,46042,157891,553.8
2022-09-28,60-79,18749279,3990939,20044,71817,383
2022-09-28,80+,6112952,1197911,5148,18586,304
2022-09-29,00-04,3988681,979445,771,3950,99
2022-09-29,00+,84358845,33276278,92415,393447,466.4
2022-09-29,05-14,7940296,4314726,4642,22395,282
2022-09-29,15-34,19059537,10014834,21556,90050,472.5
2022-09-29,35-59,28508100,12725168,40946,175380,615.2
2022-09-29,60-79,18749279,4010280,19341,80561,429.7
2022-09-29,80+,6112952,1203030,5119,20983,343.3
2022-09-30,00-04,3988681,980093,648,3981,99.8
2022-09-30,00+,84358845,33354753,78475,422462,500.8
2022-09-30,05-14,7940296,4318246,3520,22786,287
2022-09-30,15-34,19059537,10033208,18374,96889,508.3
2022-09-30,35-59,28508100,12759720,34552,188161,660
2022-09-30,60-79,18749279,4027065,16785,87509,466.7
2022-09-30,80+,6112952,1207587,4557,22984,376
2022-10-01,00-04,3988681,980735,642,4088,102.5
2022-10-01,00+,84358845,33428975,74222,448546,531.7
2022-10-01,05-14,7940296,4321323,3077,23112,291.1
2022-10-01,15-34,19059537,10050009,16801,102561,538.1
2022-10-01,35-59,28508100,12792762,33042,200292,702.6
2022-10-01,60-79,18749279,4043321,16256,93561,499
2022-10-01,80+,6112952,1211966,4379,24772,405.2
2022-10-02,00-04,3988681,980910,175,4093,102.6
2022-10-02,00+,84358845,33449942,20967,455859,540.4
2022-10-02,05-14,7940296,4322235,912,23233,292.6
2022-10-02,15-34,19059537,10054867,4858,104193,546.7
2022-10-02,35-59,28508100,12801811,9049,203438,713.6
2022-10-02,60-79,18749279,4048069,4748,95517,509.4
2022-10-02,80+,6112952,1213187,1221,25223,412.6
2022-10-03,00-04,3988681,981026,116,4124,103.4
2022-10-03,00+,84358845,33461452,11510,459077,544.2
2022-10-03,05-14,7940296,4322755,520,23243,292.7
2022-10-03,15-34,19059537,10057384,2517,104952,550.7
2022-10-03,35-59,28508100,12806868,5057,204802,718.4
2022-10-03,60-79,18749279,4050623,2554,96323,513.7
2022-10-03,80+,6112952,1213928,741,25468,416.6
2022-10-04,00-04,3988681,981162,136,3394,85.1
2022-10-04,00+,84358845,33476048,14596,392401,465.2
2022-10-04,05-14,7940296,4323377,622,18889,237.9
2022-10-04,15-34,19059537,10060498,3114,89675,470.5
2022-10-04,35-59,28508100,12813405,6537,175225,614.6
2022-10-04,60-79,18749279,4053801,3178,82906,442.2
2022-10-04,80+,6112952,1214932,1004,22169,362.7
2022-10-05,00-04,3988681,982322,1160,3648,91.5
2022-10-05,00+,84358845,33603270,127222,419407,497.2
2022-10-05,05-14,7940296,4328702,5325,18618,234.5
2022-10-05,15-34,19059537,10088438,27940,95160,499.3
2022-10-05,35-59,28508100,12869890,56485,185668,651.3
2022-10-05,60-79,18749279,4081962,28161,91023,485.5
2022-10-05,80+,6112952,1223043,8111,25132,411.1
2022-10-06,00-04,3988681,983517,1195,4072,102.1
2022-10-06,00+,84358845,33753615,150345,477337,565.8
2022-10-06,05-14,7940296,4333929,5227,19203,241.8
2022-10-06,15-34,19059537,10122044,33606,107210,562.5
2022-10-06,35-59,28508100,12940124,70234,214956,754
2022-10-06,60-79,18749279,4113828,31866,103548,552.3
2022-10-06,80+,6112952,1231185,8142,28155,460.6
2022-10-07,00-04,3988681,984617,1100,4524,113.4
2022-10-07,00+,84358845,33896365,142750,541612,642
2022-10-07,05-14,7940296,4338708,4779,20462,257.7
2022-10-07,15-34,19059537,10154639,32595,121431,637.1
2022-10-07,35-59,28508100,13004464,64340,244744,858.5
2022-10-07,60-79,18749279,4145176,31348,118111,629.9
2022-10-07,80+,6112952,1239709,8524,32122,525.5
2022-10-08,00-04,3988681,985437,820,4702,117.9
2022-10-08,00+,84358845,34011928,115563,582953,691
2022-10-08,05-14,7940296,4342417,3709,21094,265.7
2022-10-08,15-34,19059537,10181223,26584,131214,688.4
2022-10-08,35-59,28508100,13055718,51254,262956,922.4
2022-10-08,60-79,18749279,4171057,25881,127736,681.3
2022-10-08,80+,6112952,1246981,7272,35015,572.8
2022-10-09,00-04,3988681,985660,223,4750,119.1
2022-10-09,00+,84358845,34038581,26653,588639,697.8
2022-10-09,05-14,7940296,4343249,832,21014,264.7
2022-10-09,15-34,19059537,10187315,6092,132448,694.9
2022-10-09,35-59,28508100,13067366,11648,265555,931.5
2022-10-09,60-79,18749279,4177336,6279,129267,689.5
2022-10-09,80+,6112952,1248549,1568,35362,578.5
2022-10-10,00-04,3988681,985861,201,4835,121.2
2022-10-10,00+,84358845,34055591,17010,594139,704.3
2022-10-10,05-14,7940296,4343856,607,21101,265.7
2022-10-10,15-34,19059537,10191315,4000,133931,702.7
2022-10-10,35-59,28508100,13074809,7443,267941,939.9
2022-10-10,60-79,18749279,4181032,3696,130409,695.5
2022-10-10,80+,6112952,1249604,1055,35676,583.6
2022-10-11,00-04,3988681,987110,1249,5948,149.1
2022-10-11,00+,84358845,34200274,144683,724226,858.5
2022-10-11,05-14,7940296,4348760,4904,25383,319.7
2022-10-11,15-34,19059537,10223505,32190,163007,855.3
2022-10-11,35-59,28508100,13138737,63928,325332,1141.2
2022-10-11,60-79,18749279,4214025,32993,160224,854.6
2022-10-11,80+,6112952,1258928,9324,43996,719.7
2022-10-12,00-04,3988681,988187,1077,5865,147
2022-10-12,00+,84358845,34343813,143539,740543,877.8
2022-10-12,05-14,7940296,4353569,4809,24867,313.2
2022-10-12,15-34,19059537,10254609,31104,166171,871.9
2022-10-12,35-59,28508100,13204167,65430,334277,1172.6
2022-10-12,60-79,18749279,4246488,32463,164526,877.5
2022-10-12,80+,6112952,1267543,8615,44500,728
2022-10-13,00-04,3988681,989215,1028,5698,142.9
2022-10-13,00+,84358845,34468233,124420,714618,847.1
2022-10-13,05-14,7940296,4357534,3965,23605,297.3
2022-10-13,15-34,19059537,10281697,27088,159653,837.7
2022-10-13,35-59,28508100,13258696,54529,318572,1117.5
2022-10-13,60-79,18749279,4275712,29224,161884,863.4
2022-10-13,80+,6112952,1276089,8546,44904,734.6
2022-10-14,00-04,3988681,990064,849,5447,136.6
2022-10-14,00+,84358845,34574457,106224,678092,803.8
2022-10-14,05-14,7940296,4360796,3262,22088,278.2
2022-10-14,15-34,19059537,10304968,23271,150329,788.7
2022-10-14,35-59,28508100,13304749,46053,300285,1053.3
2022-10-14,60-79,18749279,4301072,25360,155896,831.5
2022-10-14,80+,6112952,1283468,7379,43759,715.8
2022-10-15,00-04,3988681,990843,779,5406,135.5
2022-10-15,00+,84358845,34665627,91170,653699,774.9
2022-10-15,05-14,7940296,4363664,2868,21247,267.6
2022-10-15,15-34,19059537,10324574,19606,143351,752.1
2022-10-15,35-59,28508100,13343904,39155,288186,1010.9
2022-10-15,60-79,18749279,4323035,21963,151978,810.6
2022-10-15,80+,6112952,1290222,6754,43241,707.4
2022-10-16,00-04,3988681,991030,187,5370,134.6
2022-10-16,00+,84358845,34687910,22283,649329,769.7
2022-10-16,05-14,7940296,4364458,794,21209,267.1
2022-10-16,15-34,19059537,10329148,4574,141833,744.2
2022-10-16,35-59,28508100,13353387,9483,286021,1003.3
2022-10-16,60-79,18749279,4328543,5508,151207,806.5
2022-10-16,80+,6112952,1291950,1728,43401,710
2022-10-17,00-04,3988681,991172,142,5311,133.2
2022-10-17,00+,84358845,34701221,13311,645630,765.3
2022-10-17,05-14,7940296,4365009,551,21153,266.4
2022-10-17,15-34,19059537,10331983,2835,140668,738
2022-10-17,35-59,28508100,13359126,5739,284317,997.3
2022-10-17,60-79,18749279,4331637,3094,150605,803.3
2022-10-17,80+,6112952,1292890,940,43286,708.1
2022-10-18,00-04,3988681,992348,1176,5238,131.3
2022-10-18,00+,84358845,34828319,127098,628045,744.5
2022-10-18,05-14,7940296,4369727,4718,20967,264.1
2022-10-18,15-34,19059537,10358341,26358,134836,707.4
2022-10-18,35-59,28508100,13414094,54968,275357,965.9
2022-10-18,60-79,18749279,4362196,30559,148171,790.3
2022-10-18,80+,6112952,1302160,9270,43232,707.2
2022-10-19,00-04,3988681,993443,1095,5256,131.8
2022-10-19,00+,84358845,34957128,128809,613315,727
2022-10-19,05-14,7940296,4374379,4652,20810,262.1
2022-10-19,15-34,19059537,10385116,26775,130507,684.7
2022-10-19,35-59,28508100,13472553,58459,268386,941.4
2022-10-19,60-79,18749279,4391394,29198,144906,772.9
2022-10-19,80+,6112952,1310749,8589,43206,706.8
2022-10-20,00-04,3988681,994367,924,5152,129.2
2022-10-20,00+,84358845,35063859,106731,595626,706.1
2022-10-20,05-14,7940296,4378288,3909,20754,261.4
2022-10-20,15-34,19059537,10407992,22876,126295,662.6
2022-10-20,35-59,28508100,13518818,46265,260122,912.4
2022-10-20,60-79,18749279,4416268,24874,140556,749.7
2022-10-20,80+,6112952,1318596,7847,42507,695.4
2022-10-21,00-04,3988681,995077,710,5013,125.7
2022-10-21,00+,84358845,35148647,84788,574190,680.7
2022-10-21,05-14,7940296,4381402,3114,20606,259.5
2022-10-21,15-34,19059537,10426523,18531,121555,637.8
2022-10-21,35-59,28508100,13555126,36308,250377,878.3
2022-10-21,60-79,18749279,4436020,19752,134948,719.8
2022-10-21,80+,6112952,1324929,6333,41461,678.2
2022-10-22,00-04,3988681,995730,653,4887,122.5
2022-10-22,00+,84358845,35218965,70318,553338,655.9
2022-10-22,05-14,7940296,4383981,2579,20317,255.9
2022-10-22,15-34,19059537,10441333,14810,116759,612.6
2022-10-22,35-59,28508100,13585229,30103,241325,846.5
2022-10-22,60-79,18749279,4452822,16802,129787,692.2
2022-10-22,80+,6112952,1330279,5350,40057,655.3
2022-10-23,00-04,3988681,995935,205,4905,123
2022-10-23,00+,84358845,35235977,17012,548067,649.7
2022-10-23,05-14,7940296,4384710,729,20252,255.1
2022-10-23,15-34,19059537,10444907,3574,115759,607.4
2022-10-23,35-59,28508100,13592507,7278,239120,838.8
2022-10-23,60-79,18749279,4456751,3929,128208,683.8
2022-10-23,80+,6112952,1331569,1290,39619,648.1
2022-10-24,00-04,3988681,996055,120,4883,122.4
2022-10-24,00+,84358845,35246560,10583,545339,646.5
2022-10-24,05-14,7940296,4385274,564,20265,255.2
2022-10-24,15-34,19059537,10447190,2283,115207,604.5
2022-10-24,35-59,28508100,13596959,4452,237833,834.3
2022-10-24,60-79,18749279,4459079,2328,127442,679.7
2022-10-24,80+,6112952,1332400,831,39510,646.3
2022-10-25,00-04,3988681,997059,1004,4711,118.1
2022-10-25,00+,84358845,35339023,92463,510704,605.4
2022-10-25,05-14,7940296,4389116,3842,19389,244.2
2022-10-25,15-34,19059537,10466930,19740,108589,569.7
2022-10-25,35-59,28508100,13636959,40000,222865,781.8
2022-10-25,60-79,18749279,4480070,20991,117874,628.7
2022-10-25,80+,6112952,1339252,6852,37092,606.8
2022-10-26,00-04,3988681,997900,841,4457,111.7
2022-10-26,00+,84358845,35430340,91317,473212,561
2022-10-26,05-14,7940296,4393056,3940,18677,235.2
2022-10-26,15-34,19059537,10486595,19665,101479,532.4
2022-10-26,35-59,28508100,13678257,41298,205704,721.6
2022-10-26,60-79,18749279,4499882,19812,108488,578.6
2022-10-26,80+,6112952,1344993,5741,34244,560.2
2022-10-27,00-04,3988681,998617,717,4250,106.6
2022-10-27,00+,84358845,35500169,69829,436310,517.2
2022-10-27,05-14,7940296,4396117,3061,17829,224.5
2022-10-27,15-34,19059537,10501829,15234,93837,492.3
2022-10-27,35-59,28508100,13708634,30377,189816,665.8
2022-10-27,60-79,18749279,4515280,15398,99012,528.1
2022-10-27,80+,6112952,1350006,5013,31410,513.8
2022-10-28,00-04,3988681,999188,571,4111,103.1
2022-10-28,00+,84358845,35556348,56179,407701,483.3
2022-10-28,05-14,7940296,4398500,2383,17098,215.3
2022-10-28,15-34,19059537,10514283,12454,87760,460.5
2022-10-28,35-59,28508100,13732681,24047,177555,622.8
2022-10-28,60-79,18749279,4527779,12499,91759,489.4
2022-10-28,80+,6112952,1354211,4205,29282,479
2022-10-29,00-04,3988681,999653,465,3923,98.4
2022-10-29,00+,84358845,35602158,45810,383193,454.2
2022-10-29,05-14,7940296,4400488,1988,16507,207.9
2022-10-29,15-34,19059537,10524403,10120,83070,435.8
2022-10-29,35-59,28508100,13752335,19654,167106,586.2
2022-10-29,60-79,18749279,4537900,10121,85078,453.8
2022-10-29,80+,6112952,1357657,3446,27378,447.9
2022-10-30,00-04,3988681,999771,118,3836,96.2
2022-10-30,00+,84358845,35612781,10623,376804,446.7
2022-10-30,05-14,7940296,4401054,566,16344,205.8
2022-10-30,15-34,19059537,10526644,2241,81737,428.9
2022-10-30,35-59,28508100,13756826,4491,164319,576.4
2022-10-30,60-79,18749279,4540307,2407,83556,445.6
2022-10-30,80+,6112952,1358452,795,26883,439.8
2022-10-31,00-04,3988681,999845,74,3790,95
2022-10-31,00+,84358845,35620508,7727,373948,443.3
2022-10-31,05-14,7940296,4401490,436,16216,204.2
2022-10-31,15-34,19059537,10528296,1652,81106,425.5
2022-10-31,35-59,28508100,13760193,3367,163234,572.6
2022-10-31,60-79,18749279,4541922,1615,82843,441.8
2022-10-31,80+,6112952,1359032,580,26632,435.7
2022-11-01,00-04,3988681,1000354,509,3295,82.6
2022-11-01,00+,84358845,35662166,41658,323143,383.1
2022-11-01,05-14,7940296,4403625,2135,14509,182.7
2022-11-01,15-34,19059537,10537150,8854,70220,368.4
2022-11-01,35-59,28508100,13778477,18284,141518,496.4
2022-11-01,60-79,18749279,4550871,8949,70801,377.6
2022-11-01,80+,6112952,1361945,2913,22693,371.2
2022-11-02,00-04,3988681,1000759,405,2859,71.7
2022-11-02,00+,84358845,35700185,38019,269845,319.9
2022-11-02,05-14,7940296,4405393,1768,12337,155.4
2022-11-02,15-34,19059537,10545300,8150,58705,308
2022-11-02,35-59,28508100,13795591,17114,117334,411.6
2022-11-02,60-79,18749279,4558751,7880,58869,314
2022-11-02,80+,6112952,1364637,2692,19644,321.4
2022-11-03,00-04,3988681,1001380,621,2763,69.3
2022-11-03,00+,84358845,35764488,64303,264319,313.3
2022-11-03,05-14,7940296,4408449,3056,12332,155.3
2022-11-03,15-34,19059537,10559157,13857,57328,300.8
2022-11-03,35-59,28508100,13824801,29210,116167,407.5
2022-11-03,60-79,18749279,4572102,13351,56822,303.1
2022-11-03,80+,6112952,1368827,4190,18821,307.9
2022-11-04,00-04,3988681,1001825,445,2637,66.1
2022-11-04,00+,84358845,35813333,48845,256985,304.6
2022-11-04,05-14,7940296,4410790,2341,12290,154.8
2022-11-04,15-34,19059537,10570335,11178,56052,294.1
2022-11-04,35-59,28508100,13846581,21780,113900,399.5
2022-11-04,60-79,18749279,4581943,9841,54164,288.9
2022-11-04,80+,6112952,1372065,3238,17854,292.1
2022-11-05,00-04,3988681,1002184,359,2531,63.5
2022-11-05,00+,84358845,35850965,37632,248807,294.9
2022-11-05,05-14,7940296,4412572,1782,12084,152.2
2022-11-05,15-34,19059537,10579267,8932,54864,287.9
2022-11-05,35-59,28508100,13862897,16316,110562,387.8
2022-11-05,60-79,18749279,4589575,7632,51675,275.6
2022-11-05,80+,6112952,1374662,2597,17005,278.2
2022-11-06,00-04,3988681,1002270,86,2499,62.7
2022-11-06,00+,84358845,35859362,8397,246581,292.3
2022-11-06,05-14,7940296,4413047,475,11993,151
2022-11-06,15-34,19059537,10581384,2117,54740,287.2
2022-11-06,35-59,28508100,13866361,3464,109535,384.2
2022-11-06,60-79,18749279,4591271,1696,50964,271.8
2022-11-06,80+,6112952,1375219,557,16767,274.3
2022-11-07,00-04,3988681,1002326,56,2481,62.2
2022-11-07,00+,84358845,35864098,4736,243590,288.8
2022-11-07,05-14,7940296,4413344,297,11854,149.3
2022-11-07,15-34,19059537,10582511,1127,54215,284.5
2022-11-07,35-59,28508100,13868375,2014,108182,379.5
2022-11-07,60-79,18749279,4592154,883,50232,267.9
2022-11-07,80+,6112952,1375576,357,16544,270.6
2022-11-08,00-04,3988681,1002878,552,2524,63.3
2022-11-08,00+,84358845,35914610,50512,252444,299.3
2022-11-08,05-14,7940296,4416028,2684,12403,156.2
2022-11-08,15-34,19059537,10594668,12157,57518,301.8
2022-11-08,35-59,28508100,13889926,21551,111449,390.9
2022-11-08,60-79,18749279,4602190,10036,51319,273.7
2022-11-08,80+,6112952,1379089,3513,17144,280.5
2022-11-09,00-04,3988681,1003309,431,2550,63.9
2022-11-09,00+,84358845,35960307,45697,260122,308.4
2022-11-09,05-14,7940296,4418535,2507,13142,165.5
2022-11-09,15-34,19059537,10605427,10759,60127,315.5
2022-11-09,35-59,28508100,13910401,20475,114810,402.7
2022-11-09,60-79,18749279,4610762,8572,52011,277.4
2022-11-09,80+,6112952,1382031,2942,17394,284.5
2022-11-10,00-04,3988681,1003685,376,2305,57.8
2022-11-10,00+,84358845,35997222,36915,232734,275.9
2022-11-10,05-14,7940296,4420607,2072,12158,153.1
2022-11-10,15-34,19059537,10614412,8985,55255,289.9
2022-11-10,35-59,28508100,13925993,15592,101192,355
2022-11-10,60-79,18749279,4617908,7146,45806,244.3
2022-11-10,80+,6112952,1384764,2733,15937,260.7
2022-11-11,00-04,3988681,1003965,280,2140,53.7
2022-11-11,00+,84358845,36028267,31045,214934,254.8
2022-11-11,05-14,7940296,4422239,1632,11449,144.2
2022-11-11,15-34,19059537,10621736,7324,51401,269.7
2022-11-11,35-59,28508100,13939564,13571,92983,326.2
2022-11-11,60-79,18749279,4623980,6072,42037,224.2
2022-11-11,80+,6112952,1386907,2143,14842,242.8
2022-11-12,00-04,3988681,1004249,284,2065,51.8
2022-11-12,00+,84358845,36055552,27285,204587,242.5
2022-11-12,05-14,7940296,4423756,1517,11184,140.9
2022-11-12,15-34,19059537,10628070,6334,48803,256.1
2022-11-12,35-59,28508100,13951334,11770,88437,310.2
2022-11-12,60-79,18749279,4629351,5371,39776,212.1
2022-11-12,80+,6112952,1388908,2001,14246,233
2022-11-13,00-04,3988681,1004315,66,2045,51.3
2022-11-13,00+,84358845,36061691,6139,202329,239.8
2022-11-13,05-14,7940296,4424167,411,11120,140
2022-11-13,15-34,19059537,10629444,1374,48060,252.2
2022-11-13,35-59,28508100,13953964,2630,87603,307.3
2022-11-13,60-79,18749279,4630559,1208,39288,209.5
2022-11-13,80+,6112952,1389358,450,14139,231.3
2022-11-14,00-04,3988681,1004366,51,2040,51.1
2022-11-14,00+,84358845,36066108,4417,202010,239.5
2022-11-14,05-14,7940296,4424489,322,11145,140.4
2022-11-14,15-34,19059537,10630403,959,47892,251.3
2022-11-14,35-59,28508100,13955841,1877,87466,306.8
2022-11-14,60-79,18749279,4631384,825,39230,209.2
2022-11-14,80+,6112952,1389738,380,14162,231.7
2022-11-15,00-04,3988681,1004802,436,1924,48.2
2022-11-15,00+,84358845,36105069,38961,190459,225.8
2022-11-15,05-14,7940296,4426919,2430,10891,137.2
2022-11-15,15-34,19059537,10639344,8941,44676,234.4
2022-11-15,35-59,28508100,13972689,16848,82763,290.3
2022-11-15,60-79,18749279,4638863,7479,36673,195.6
2022-11-15,80+,6112952,1392556,2818,13467,220.3
2022-11-16,00-04,3988681,1005189,387,1880,47.1
2022-11-16,00+,84358845,36143038,37969,182731,216.6
2022-11-16,05-14,7940296,4429282,2363,10747,135.3
2022-11-16,15-34,19059537,10648237,8893,42810,224.6
2022-11-16,35-59,28508100,13989775,17086,79374,278.4
2022-11-16,60-79,18749279,4645723,6860,34961,186.5
2022-11-16,80+,6112952,1394921,2365,12890,210.9
2022-11-17,00-04,3988681,1005512,323,1827,45.8
2022-11-17,00+,84358845,36173437,30399,176215,208.9
2022-11-17,05-14,7940296,4431116,1834,10509,132.4
2022-11-17,15-34,19059537,10655393,7156,40981,215
2022-11-17,35-59,28508100,14003047,13272,77054,270.3
2022-11-17,60-79,18749279,4651437,5714,33529,178.8
2022-11-17,80+,6112952,1397004,2083,12240,200.2
2022-11-18,00-04,3988681,1005797,285,1832,45.9
2022-11-18,00+,84358845,36200396,26959,172129,204
2022-11-18,05-14,7940296,4432612,1496,10373,130.6
2022-11-18,15-34,19059537,10661834,6441,40098,210.4
2022-11-18,35-59,28508100,14014763,11716,75199,263.8
2022-11-18,60-79,18749279,4656484,5047,32504,173.4
2022-11-18,80+,6112952,1398971,1967,12064,197.4
2022-11-19,00-04,3988681,1006046,249,1797,45.1
2022-11-19,00+,84358845,36226167,25771,170615,202.2
2022-11-19,05-14,7940296,4434023,1411,10267,129.3
2022-11-19,15-34,19059537,10667996,6162,39926,209.5
2022-11-19,35-59,28508100,14026055,11292,74721,262.1
2022-11-19,60-79,18749279,4661296,4812,31945,170.4
2022-11-19,80+,6112952,1400801,1830,11893,194.6
2022-11-20,00-04,3988681,1006108,62,1793,45
2022-11-20,00+,84358845,36232228,6061,170537,202.2
2022-11-20,05-14,7940296,4434383,360,10216,128.7
2022-11-20,15-34,19059537,10669398,1402,39954,209.6
2022-11-20,35-59,28508100,14028686,2631,74722,262.1
2022-11-20,60-79,18749279,4662469,1173,31910,170.2
2022-11-20,80+,6112952,1401233,432,11875,194.3
2022-11-21,00-04,3988681,1006156,48,1790,44.9
2022-11-21,00+,84358845,36235770,3542,169662,201.1
2022-11-21,05-14,7940296,4434610,227,10121,127.5
2022-11-21,15-34,19059537,10670191,793,39788,208.8
2022-11-21,35-59,28508100,14030248,1562,74407,261
2022-11-21,60-79,18749279,4663110,641,31726,169.2
2022-11-21,80+,6112952,1401504,271,11766,192.5
2022-11-22,00-04,3988681,1006497,341,1695,42.5
2022-11-22,00+,84358845,36272293,36523,167224,198.2
2022-11-22,05-14,7940296,4436766,2156,9847,124
2022-11-22,15-34,19059537,10678518,8327,39174,205.5
2022-11-22,35-59,28508100,14046230,15982,73541,258
2022-11-22,60-79,18749279,4669913,6803,31050,165.6
2022-11-22,80+,6112952,1404407,2903,11851,193.9
2022-11-23,00-04,3988681,1006825,328,1636,41
2022-11-23,00+,84358845,36310247,37954,167209,198.2
2022-11-23,05-14,7940296,4438997,2231,9715,122.4
2022-11-23,15-34,19059537,10687310,8792,39073,205
2022-11-23,35-59,28508100,14063503,17273,73728,258.6
2022-11-23,60-79,18749279,4676689,6776,30966,165.2
2022-11-23,80+,6112952,1406949,2542,12028,196.8
2022-11-24,00-04,3988681,1007119,294,1607,40.3
2022-11-24,00+,84358845,36342070,31823,168633,199.9
2022-11-24,05-14,7940296,4440884,1887,9768,123
2022-11-24,15-34,19059537,10694882,7572,39489,207.2
2022-11-24,35-59,28508100,14077523,14020,74476,261.2
2022-11-24,60-79,18749279,4682455,5766,31018,165.4
2022-11-24,80+,6112952,1409224,2275,12220,199.9
2022-11-25,00-04,3988681,1007352,233,1555,39
2022-11-25,00+,84358845,36370048,27978,169652,201.1
2022-11-25,05-14,7940296,4442391,1507,9779,123.2
2022-11-25,15-34,19059537,10701482,6600,39648,208
2022-11-25,35-59,28508100,14089891,12368,75128,263.5
2022-11-25,60-79,18749279,4687557,5102,31073,165.7
2022-11-25,80+,6112952,1411384,2160,12413,203.1
2022-11-26,00-04,3988681,1007569,217,1523,38.2
2022-11-26,00+,84358845,36396228,26180,170061,201.6
2022-11-26,05-14,7940296,4443648,1257,9625,121.2
2022-11-26,15-34,19059537,10707701,6219,39705,208.3
2022-11-26,35-59,28508100,14101249,11358,75194,263.8
2022-11-26,60-79,18749279,4692544,4987,31248,166.7
2022-11-26,80+,6112952,1413513,2129,12712,208
2022-11-27,00-04,3988681,1007624,55,1516,38
2022-11-27,00+,84358845,36402671,6443,170443,202
2022-11-27,05-14,7940296,4444023,375,9640,121.4
2022-11-27,15-34,19059537,10709209,1508,39811,208.9
2022-11-27,35-59,28508100,14104074,2825,75388,264.4
2022-11-27,60-79,18749279,4693733,1189,31264,166.7
2022-11-27,80+,6112952,1414001,488,12768,208.9
2022-11-28,00-04,3988681,1007656,32,1500,37.6
2022-11-28,00+,84358845,36406354,3683,170584,202.2
2022-11-28,05-14,7940296,4444211,188,9601,120.9
2022-11-28,15-34,19059537,10710046,837,39855,209.1
2022-11-28,35-59,28508100,14105586,1512,75338,264.3
2022-11-28,60-79,18749279,4694515,782,31405,167.5
2022-11-28,80+,6112952,1414332,331,12828,209.8
2022-11-29,00-04,3988681,1008032,376,1535,38.5
2022-11-29,00+,84358845,36445791,39437,173498,205.7
2022-11-29,05-14,7940296,4446103,1892,9337,117.6
2022-11-29,15-34,19059537,10719063,9017,40545,212.7
2022-11-29,35-59,28508100,14122918,17332,76688,269
2022-11-29,60-79,18749279,4701934,7419,32021,170.8
2022-11-29,80+,6112952,1417718,3386,13311,217.8
2022-11-30,00-04,3988681,1008333,301,1508,37.8
2022-11-30,00+,84358845,36488315,42524,178068,211.1
2022-11-30,05-14,7940296,4448165,2062,9168,115.5
2022-11-30,15-34,19059537,10729044,9981,41734,219
2022-11-30,35-59,28508100,14142878,19960,79375,278.4
2022-11-30,60-79,18749279,4709296,7362,32607,173.9
2022-11-30,80+,6112952,1420554,2836,13605,222.6
2022-12-01,00-04,3988681,1008576,243,1457,36.5
2022-12-01,00+,84358845,36523156,34841,181086,214.7
2022-12-01,05-14,7940296,4449713,1548,8829,111.2
2022-12-01,15-34,19059537,10737509,8465,42627,223.7
2022-12-01,35-59,28508100,14158430,15552,80907,283.8
2022-12-01,60-79,18749279,4715780,6484,33325,177.7
2022-12-01,80+,6112952,1423086,2532,13862,226.8
2022-12-02,00-04,3988681,1008817,241,1465,36.7
2022-12-02,00+,84358845,36552920,29764,182872,216.8
2022-12-02,05-14,7940296,4450937,1224,8546,107.6
2022-12-02,15-34,19059537,10744563,7054,43081,226
2022-12-02,35-59,28508100,14171590,13160,81699,286.6
2022-12-02,60-79,18749279,4721410,5630,33853,180.6
2022-12-02,80+,6112952,1425531,2445,14147,231.4
2022-12-03,00-04,3988681,1009013,196,1444,36.2
2022-12-03,00+,84358845,36580620,27700,184392,218.6
2022-12-03,05-14,7940296,4451928,991,8280,104.3
2022-12-03,15-34,19059537,10751083,6520,43382,227.6
2022-12-03,35-59,28508100,14184037,12447,82788,290.4
2022-12-03,60-79,18749279,4726681,5271,34137,182.1
2022-12-03,80+,6112952,1427794,2263,14281,233.6
2022-12-04,00-04,3988681,1009070,57,1446,36.3
2022-12-04,00+,84358845,36587218,6598,184547,218.8
2022-12-04,05-14,7940296,4452170,242,8147,102.6
2022-12-04,15-34,19059537,10752621,1538,43412,227.8
2022-12-04,35-59,28508100,14186971,2934,82897,290.8
2022-12-04,60-79,18749279,4727974,1293,34241,182.6
2022-12-04,80+,6112952,1428327,533,14326,234.4
2022-12-05,00-04,3988681,1009116,46,1460,36.6
2022-12-05,00+,84358845,36591184,3966,184830,219.1
2022-12-05,05-14,7940296,4452306,136,8095,101.9
2022-12-05,15-34,19059537,10753497,876,43451,228
2022-12-05,35-59,28508100,14188634,1663,83048,291.3
2022-12-05,60-79,18749279,4728789,815,34274,182.8
2022-12-05,80+,6112952,1428756,429,14424,236
2022-12-06,00-04,3988681,1009464,348,1432,35.9
2022-12-06,00+,84358845,36630817,39633,185026,219.3
2022-12-06,05-14,7940296,4453719,1413,7616,95.9
2022-12-06,15-34,19059537,10762364,8867,43301,227.2
2022-12-06,35-59,28508100,14206189,17555,83271,292.1
2022-12-06,60-79,18749279,4736692,7903,34758,185.4
2022-12-06,80+,6112952,1432290,3534,14572,238.4
2022-12-07,00-04,3988681,1009770,306,1437,36
2022-12-07,00+,84358845,36676600,45783,188285,223.2
2022-12-07,05-14,7940296,4455232,1513,7067,89
2022-12-07,15-34,19059537,10773134,10770,44090,231.3
2022-12-07,35-59,28508100,14227696,21507,84818,297.5
2022-12-07,60-79,18749279,4745128,8436,35832,191.1
2022-12-07,80+,6112952,1435517,3227,14963,244.8
2022-12-08,00-04,3988681,1009982,212,1406,35.2
2022-12-08,00+,84358845,36714427,37827,191271,226.7
2022-12-08,05-14,7940296,4456328,1096,6615,83.3
2022-12-08,15-34,19059537,10782189,9055,44680,234.4
2022-12-08,35-59,28508100,14244598,16902,86168,302.3
2022-12-08,60-79,18749279,4752457,7329,36677,195.6
2022-12-08,80+,6112952,1438738,3221,15652,256
2022-12-09,00-04,3988681,1010182,200,1365,34.2
2022-12-09,00+,84358845,36747710,33283,194790,230.9
2022-12-09,05-14,7940296,4457285,957,6348,79.9
2022-12-09,15-34,19059537,10790169,7980,45606,239.3
2022-12-09,35-59,28508100,14259417,14819,87827,308.1
2022-12-09,60-79,18749279,4758860,6403,37450,199.7
2022-12-09,80+,6112952,1441639,2901,16108,263.5
2022-12-10,00-04,3988681,1010421,239,1408,35.3
2022-12-10,00+,84358845,36778008,30298,197388,234
2022-12-10,05-14,7940296,4458122,837,6194,78
2022-12-10,15-34,19059537,10797274,7105,46191,242.4
2022-12-10,35-59,28508100,14272832,13415,88795,311.5
2022-12-10,60-79,18749279,4764781,5921,38100,203.2
2022-12-10,80+,6112952,1444411,2772,16617,271.8
2022-12-11,00-04,3988681,1010478,57,1408,35.3
2022-12-11,00+,84358845,36786443,8435,199225,236.2
2022-12-11,05-14,7940296,4458358,236,6188,77.9
2022-12-11,15-34,19059537,10799194,1920,46573,244.4
2022-12-11,35-59,28508100,14276527,3695,89556,314.1
2022-12-11,60-79,18749279,4766534,1753,38560,205.7
2022-12-11,80+,6112952,1445180,769,16853,275.7
2022-12-12,00-04,3988681,1010525,47,1409,35.3
2022-12-12,00+,84358845,36790711,4268,199527,236.5
2022-12-12,05-14,7940296,4458495,137,6189,77.9
2022-12-12,15-34,19059537,10800171,977,46674,244.9
2022-12-12,35-59,28508100,14278272,1745,89638,314.4
2022-12-12,60-79,18749279,4767452,918,38663,206.2
2022-12-12,80+,6112952,1445624,444,16868,275.9
2022-12-13,00-04,3988681,1010878,353,1414,35.5
2022-12-13,00+,84358845,36836790,46079,205973,244.2
2022-12-13,05-14,7940296,4459599,1104,5880,74.1
2022-12-13,15-34,19059537,10810594,10423,48230,253
2022-12-13,35-59,28508100,14298689,20417,92500,324.5
2022-12-13,60-79,18749279,4776827,9375,40135,214.1
2022-12-13,80+,6112952,1450003,4379,17713,289.8
2022-12-14,00-04,3988681,1011153,275,1383,34.7
2022-12-14,00+,84358845,36885573,48783,208973,247.7
2022-12-14,05-14,7940296,4460762,1163,5530,69.6
2022-12-14,15-34,19059537,10822038,11444,48904,256.6
2022-12-14,35-59,28508100,14321597,22908,93901,329.4
2022-12-14,60-79,18749279,4785973,9146,40845,217.8
2022-12-14,80+,6112952,1453828,3825,18311,299.5
2022-12-15,00-04,3988681,1011409,256,1427,35.8
2022-12-15,00+,84358845,36930549,44976,216122,256.2
2022-12-15,05-14,7940296,4461805,1043,5477,69
2022-12-15,15-34,19059537,10833086,11048,50897,267
2022-12-15,35-59,28508100,14341820,20223,97222,341
2022-12-15,60-79,18749279,4794625,8652,42168,224.9
2022-12-15,80+,6112952,1457565,3737,18827,308
2022-12-16,00-04,3988681,1011677,268,1495,37.5
2022-12-16,00+,84358845,36968451,37902,220741,261.7
2022-12-16,05-14,7940296,4462648,843,5363,67.5
2022-12-16,15-34,19059537,10842234,9148,52065,273.2
2022-12-16,35-59,28508100,14358605,16785,99188,347.9
2022-12-16,60-79,18749279,4802154,7529,43294,230.9
2022-12-16,80+,6112952,1460879,3314,19240,314.7
2022-12-17,00-04,3988681,1011880,203,1459,36.6
2022-12-17,00+,84358845,37000728,32277,222720,264
2022-12-17,05-14,7940296,4463323,675,5201,65.5
2022-12-17,15-34,19059537,10849742,7508,52468,275.3
2022-12-17,35-59,28508100,14372782,14177,99950,350.6
2022-12-17,60-79,18749279,4808741,6587,43960,234.5
2022-12-17,80+,6112952,1463990,3111,19579,320.3
2022-12-18,00-04,3988681,1011944,64,1466,36.8
2022-12-18,00+,84358845,37008935,8207,222492,263.7
2022-12-18,05-14,7940296,4463504,181,5146,64.8
2022-12-18,15-34,19059537,10851613,1871,52419,275
2022-12-18,35-59,28508100,14376342,3560,99815,350.1
2022-12-18,60-79,18749279,4810464,1723,43930,234.3
2022-12-18,80+,6112952,1464796,806,19616,320.9
2022-12-19,00-04,3988681,1011976,32,1451,36.4
2022-12-19,00+,84358845,37013689,4754,222978,264.3
2022-12-19,05-14,7940296,4463619,115,5124,64.5
2022-12-19,15-34,19059537,10852658,1045,52487,275.4
2022-12-19,35-59,28508100,14378385,2043,100113,351.2
2022-12-19,60-79,18749279,4811462,998,44010,234.7
2022-12-19,80+,6112952,1465316,520,19692,322.1
2022-12-20,00-04,3988681,1012323,347,1445,36.2
2022-12-20,00+,84358845,37062808,49119,226018,267.9
2022-12-20,05-14,7940296,4464634,1015,5035,63.4
2022-12-20,15-34,19059537,10863612,10954,53018,278.2
2022-12-20,35-59,28508100,14399724,21339,101035,354.4
2022-12-20,60-79,18749279,4821960,10498,45133,240.7
2022-12-20,80+,6112952,1470246,4930,20243,331.1
2022-12-21,00-04,3988681,1012598,275,1445,36.2
2022-12-21,00+,84358845,37113282,50474,227709,269.9
2022-12-21,05-14,7940296,4465540,906,4778,60.2
2022-12-21,15-34,19059537,10875293,11681,53255,279.4
2022-12-21,35-59,28508100,14422912,23188,101315,355.4
2022-12-21,60-79,18749279,4831963,10003,45990,245.3
2022-12-21,80+,6112952,1474625,4379,20797,340.2
2022-12-22,00-04,3988681,1012863,265,1454,36.5
2022-12-22,00+,84358845,37158338,45056,227789,270
2022-12-22,05-14,7940296,4466371,831,4566,57.5
2022-12-22,15-34,19059537,10885477,10184,52391,274.9
2022-12-22,35-59,28508100,14442795,19883,100975,354.2
2022-12-22,60-79,18749279,4841451,9488,46826,249.7
2022-12-22,80+,6112952,1479013,4388,21448,350.9
2022-12-23,00-04,3988681,1013113,250,1436,36
2022-12-23,00+,84358845,37198464,40126,230013,272.7
2022-12-23,05-14,7940296,4467105,734,4457,56.1
2022-12-23,15-34,19059537,10894493,9016,52259,274.2
2022-12-23,35-59,28508100,14460168,17373,101563,356.3
2022-12-23,60-79,18749279,4850166,8715,48012,256.1
2022-12-23,80+,6112952,1483026,4013,22147,362.3
2022-12-24,00-04,3988681,1013350,237,1470,36.9
2022-12-24,00+,84358845,37233093,34629,232365,275.4
2022-12-24,05-14,7940296,4467646,541,4323,54.4
2022-12-24,15-34,19059537,10902356,7863,52614,276.1
2022-12-24,35-59,28508100,14474855,14687,102073,358
2022-12-24,60-79,18749279,4857975,7809,49234,262.6
2022-12-24,80+,6112952,1486498,3472,22508,368.2
2022-12-25,00-04,3988681,1013399,49,1455,36.5
2022-12-25,00+,84358845,37240961,7868,232026,275
2022-12-25,05-14,7940296,4467775,129,4271,53.8
2022-12-25,15-34,19059537,10904195,1839,52582,275.9
2022-12-25,35-59,28508100,14478167,3312,101825,357.2
2022-12-25,60-79,18749279,4859773,1798,49309,263
2022-12-25,80+,6112952,1487224,726,22428,366.9
2022-12-26,00-04,3988681,1013428,29,1452,36.4
2022-12-26,00+,84358845,37245308,4347,231619,274.6
2022-12-26,05-14,7940296,4467860,85,4241,53.4
2022-12-26,15-34,19059537,10905140,945,52482,275.4
2022-12-26,35-59,28508100,14480043,1876,101658,356.6
2022-12-26,60-79,18749279,4860719,946,49257,262.7
2022-12-26,80+,6112952,1487689,465,22373,366
2022-12-27,00-04,3988681,1013468,40,1145,28.7
2022-12-27,00+,84358845,37249990,4682,187182,221.9
2022-12-27,05-14,7940296,4467946,86,3312,41.7
2022-12-27,15-34,19059537,10906123,983,42511,223
2022-12-27,35-59,28508100,14482049,2006,82325,288.8
2022-12-27,60-79,18749279,4861769,1050,39809,212.3
2022-12-27,80+,6112952,1488205,516,17959,293.8
2022-12-28,00-04,3988681,1013864,396,1266,31.7
2022-12-28,00+,84358845,37296746,46756,183464,217.5
2022-12-28,05-14,7940296,4468704,758,3164,39.8
2022-12-28,15-34,19059537,10916223,10100,40930,214.7
2022-12-28,35-59,28508100,14502163,20114,79251,278
2022-12-28,60-79,18749279,4872303,10534,40340,215.2
2022-12-28,80+,6112952,1493037,4832,18412,301.2
2022-12-29,00-04,3988681,1014142,278,1279,32.1
2022-12-29,00+,84358845,37336537,39791,178199,211.2
2022-12-29,05-14,7940296,4469251,547,2880,36.3
2022-12-29,15-34,19059537,10924743,8520,39266,206
2022-12-29,35-59,28508100,14520506,18343,77711,272.6
2022-12-29,60-79,18749279,4880713,8410,39262,209.4
2022-12-29,80+,6112952,1496712,3675,17699,289.5
2022-12-30,00-04,3988681,1014362,220,1249,31.3
2022-12-30,00+,84358845,37366482,29945,168018,199.2
2022-12-30,05-14,7940296,4469662,411,2557,32.2
2022-12-30,15-34,19059537,10931244,6501,36751,192.8
2022-12-30,35-59,28508100,14533818,13312,73650,258.3
2022-12-30,60-79,18749279,4887136,6423,36970,197.2
2022-12-30,80+,6112952,1499782,3070,16756,274.1
2022-12-31,00-04,3988681,1014548,186,1198,30
2022-12-31,00+,84358845,37389450,22968,156357,185.3
2022-12-31,05-14,7940296,4470004,342,2358,29.7
2022-12-31,15-34,19059537,10936403,5159,34047,178.6
2022-12-31,35-59,28508100,14543702,9884,68847,241.5
2022-12-31,60-79,18749279,4892103,4967,34128,182
2022-12-31,80+,6112952,1502204,2422,15706,256.9
2023-01-01,00-04,3988681,1014602,54,1203,30.2
2023-01-01,00+,84358845,37394327,4877,153366,181.8
2023-01-01,05-14,7940296,4470082,78,2307,29.1
2023-01-01,15-34,19059537,10937547,1144,33352,175
2023-01-01,35-59,28508100,14545773,2071,67606,237.1
2023-01-01,60-79,18749279,4893156,1053,33383,178
2023-01-01,80+,6112952,1502681,477,15457,252.9
2023-01-02,00-04,3988681,1014625,23,1197,30
2023-01-02,00+,84358845,37396857,2530,151549,179.6
2023-01-02,05-14,7940296,4470138,56,2278,28.7
2023-01-02,15-34,19059537,10938078,531,32938,172.8
2023-01-02,35-59,28508100,14546784,1011,66741,234.1
2023-01-02,60-79,18749279,4893768,612,33049,176.3
2023-01-02,80+,6112952,1502977,296,15288,250.1
2023-01-03,00-04,3988681,1014954,329,1486,37.3
2023-01-03,00+,84358845,37431831,34974,181841,215.6
2023-01-03,05-14,7940296,4470687,549,2741,34.5
2023-01-03,15-34,19059537,10945894,7816,39771,208.7
2023-01-03,35-59,28508100,14561828,15044,79779,279.8
2023-01-03,60-79,18749279,4901291,7523,39522,210.8
2023-01-03,80+,6112952,1506677,3700,18472,302.2
2023-01-04,00-04,3988681,1015240,286,1376,34.5
2023-01-04,00+,84358845,37465127,33296,168381,199.6
2023-01-04,05-14,7940296,4471171,484,2467,31.1
2023-01-04,15-34,19059537,10953566,7672,37343,195.9
2023-01-04,35-59,28508100,14576972,15144,74809,262.4
2023-01-04,60-79,18749279,4907957,6666,35654,190.2
2023-01-04,80+,6112952,1509707,3030,16670,272.7
2023-01-05,00-04,3988681,1015436,196,1294,32.4
2023-01-05,00+,84358845,37489836,24709,153299,181.7
2023-01-05,05-14,7940296,4471555,384,2304,29
2023-01-05,15-34,19059537,10959227,5661,34484,180.9
2023-01-05,35-59,28508100,14587662,10690,67156,235.6
2023-01-05,60-79,18749279,4913158,5201,32445,173
2023-01-05,80+,6112952,1512277,2570,15565,254.6
2023-01-06,00-04,3988681,1015617,181,1255,31.5
2023-01-06,00+,84358845,37509855,20019,143373,170
2023-01-06,05-14,7940296,4471890,335,2228,28.1
2023-01-06,15-34,19059537,10963960,4733,32716,171.7
2023-01-06,35-59,28508100,14595922,8260,62104,217.8
2023-01-06,60-79,18749279,4917432,4274,30296,161.6
2023-01-06,80+,6112952,1514503,2226,14721,240.8
2023-01-07,00-04,3988681,1015729,112,1181,29.6
2023-01-07,00+,84358845,37522399,12544,132949,157.6
2023-01-07,05-14,7940296,4472133,243,2129,26.8
2023-01-07,15-34,19059537,10966822,2862,30419,159.6
2023-01-07,35-59,28508100,14601124,5202,57422,201.4
2023-01-07,60-79,18749279,4920194,2762,28091,149.8
2023-01-07,80+,6112952,1515855,1352,13651,223.3
2023-01-08,00-04,3988681,1015763,34,1161,29.1
2023-01-08,00+,84358845,37525454,3055,131127,155.4
2023-01-08,05-14,7940296,4472213,80,2131,26.8
2023-01-08,15-34,19059537,10967523,701,29976,157.3
2023-01-08,35-59,28508100,14602364,1240,56591,198.5
2023-01-08,60-79,18749279,4920872,678,27716,147.8
2023-01-08,80+,6112952,1516177,322,13496,220.8
2023-01-09,00-04,3988681,1015787,24,1162,29.1
2023-01-09,00+,84358845,37527158,1704,130301,154.5
2023-01-09,05-14,7940296,4472270,57,2132,26.9
2023-01-09,15-34,19059537,10967898,375,29820,156.5
2023-01-09,35-59,28508100,14603033,669,56249,197.3
2023-01-09,60-79,18749279,4921250,378,27482,146.6
2023-01-09,80+,6112952,1516378,201,13401,219.2
2023-01-10,00-04,3988681,1016120,333,1166,29.2
2023-01-10,00+,84358845,37552871,25713,121040,143.5
2023-01-10,05-14,7940296,4472892,622,2205,27.8
2023-01-10,15-34,19059537,10973590,5692,27696,145.3
2023-01-10,35-59,28508100,14613753,10720,51925,182.1
2023-01-10,60-79,18749279,4926753,5503,25462,135.8
2023-01-10,80+,6112952,1519208,2830,12531,205
2023-01-11,00-04,3988681,1016353,233,1113,27.9
2023-01-11,00+,84358845,37574734,21863,109607,129.9
2023-01-11,05-14,7940296,4473541,649,2370,29.8
2023-01-11,15-34,19059537,10978820,5230,25254,132.5
2023-01-11,35-59,28508100,14623358,9605,46386,162.7
2023-01-11,60-79,18749279,4931028,4275,23071,123.1
2023-01-11,80+,6112952,1521074,1866,11367,185.9
2023-01-12,00-04,3988681,1016546,193,1110,27.8
2023-01-12,00+,84358845,37591095,16361,101259,120
2023-01-12,05-14,7940296,4474009,468,2454,30.9
2023-01-12,15-34,19059537,10982759,3939,23532,123.5
2023-01-12,35-59,28508100,14630121,6763,42459,148.9
2023-01-12,60-79,18749279,4934358,3330,21200,113.1
2023-01-12,80+,6112952,1522729,1655,10452,171
2023-01-13,00-04,3988681,1016711,165,1094,27.4
2023-01-13,00+,84358845,37602917,11822,93062,110.3
2023-01-13,05-14,7940296,4474425,416,2535,31.9
2023-01-13,15-34,19059537,10985592,2833,21632,113.5
2023-01-13,35-59,28508100,14634916,4795,38994,136.8
2023-01-13,60-79,18749279,4936739,2381,19307,103
2023-01-13,80+,6112952,1523954,1225,9451,154.6
2023-01-14,00-04,3988681,1016874,163,1145,28.7
2023-01-14,00+,84358845,37612635,9718,90236,107
2023-01-14,05-14,7940296,4474757,332,2624,33
2023-01-14,15-34,19059537,10987875,2283,21053,110.5
2023-01-14,35-59,28508100,14638830,3914,37706,132.3
2023-01-14,60-79,18749279,4938753,2014,18559,99
2023-01-14,80+,6112952,1524962,1008,9107,149
2023-01-15,00-04,3988681,1016913,39,1150,28.8
2023-01-15,00+,84358845,37614918,2283,89464,106.1
2023-01-15,05-14,7940296,4474884,127,2671,33.6
2023-01-15,15-34,19059537,10988400,525,20877,109.5
2023-01-15,35-59,28508100,14639764,934,37400,131.2
2023-01-15,60-79,18749279,4939165,412,18293,97.6
2023-01-15,80+,6112952,1525208,246,9031,147.7
2023-01-16,00-04,3988681,1016946,33,1159,29.1
2023-01-16,00+,84358845,37616232,1314,89074,105.6
2023-01-16,05-14,7940296,4474963,79,2693,33.9
2023-01-16,15-34,19059537,10988708,308,20810,109.2
2023-01-16,35-59,28508100,14640290,526,37257,130.7
2023-01-16,60-79,18749279,4939411,246,18161,96.9
2023-01-16,80+,6112952,1525330,122,8952,146.4
2023-01-17,00-04,3988681,1017211,265,1091,27.4
2023-01-17,00+,84358845,37631633,15401,78762,93.4
2023-01-17,05-14,7940296,4475709,746,2817,35.5
2023-01-17,15-34,19059537,10992335,3627,18745,98.3
2023-01-17,35-59,28508100,14646451,6161,32698,114.7
2023-01-17,60-79,18749279,4942324,2913,15571,83
2023-01-17,80+,6112952,1527011,1681,7803,127.6
2023-01-18,00-04,3988681,1017449,238,1096,27.5
2023-01-18,00+,84358845,37646042,14409,71308,84.5
2023-01-18,05-14,7940296,4476493,784,2952,37.2
2023-01-18,15-34,19059537,10995771,3436,16951,88.9
2023-01-18,35-59,28508100,14652767,6316,29409,103.2
2023-01-18,60-79,18749279,4944781,2457,13753,73.4
2023-01-18,80+,6112952,1528181,1170,7107,116.3
2023-01-19,00-04,3988681,1017626,177,1080,27.1
2023-01-19,00+,84358845,37657295,11253,66200,78.5
2023-01-19,05-14,7940296,4477083,590,3074,38.7
2023-01-19,15-34,19059537,10998583,2812,15824,83
2023-01-19,35-59,28508100,14657551,4784,27430,96.2
2023-01-19,60-79,18749279,4946606,1825,12248,65.3
2023-01-19,80+,6112952,1529241,1060,6512,106.5
2023-01-20,00-04,3988681,1017792,166,1081,27.1
2023-01-20,00+,84358845,37667053,9758,64136,76
2023-01-20,05-14,7940296,4477689,606,3264,41.1
2023-01-20,15-34,19059537,11000879,2296,15287,80.2
2023-01-20,35-59,28508100,14661732,4181,26816,94.1
2023-01-20,60-79,18749279,4948201,1595,11462,61.1
2023-01-20,80+,6112952,1530147,906,6193,101.3
2023-01-21,00-04,3988681,1017961,169,1087,27.3
2023-01-21,00+,84358845,37675769,8716,63134,74.8
2023-01-21,05-14,7940296,4478174,485,3417,43
2023-01-21,15-34,19059537,11003060,2181,15185,79.7
2023-01-21,35-59,28508100,14665329,3597,26499,93
2023-01-21,60-79,18749279,4949676,1475,10923,58.3
2023-01-21,80+,6112952,1530952,805,5990,98
2023-01-22,00-04,3988681,1017999,38,1086,27.2
2023-01-22,00+,84358845,37677808,2039,62890,74.6
2023-01-22,05-14,7940296,4478322,148,3438,43.3
2023-01-22,15-34,19059537,11003587,527,15187,79.7
2023-01-22,35-59,28508100,14666172,843,26408,92.6
2023-01-22,60-79,18749279,4950005,329,10840,57.8
2023-01-22,80+,6112952,1531106,154,5898,96.5
2023-01-23,00-04,3988681,1018025,26,1079,27.1
2023-01-23,00+,84358845,37679101,1293,62869,74.5
2023-01-23,05-14,7940296,4478438,116,3475,43.8
2023-01-23,15-34,19059537,11003887,300,15179,79.6
2023-01-23,35-59,28508100,14666678,506,26388,92.6
2023-01-23,60-79,18749279,4950207,202,10796,57.6
2023-01-23,80+,6112952,1531249,143,5919,96.8
2023-01-24,00-04,3988681,1018280,255,1069,26.8
2023-01-24,00+,84358845,37694142,15041,62509,74.1
2023-01-24,05-14,7940296,4479401,963,3692,46.5
2023-01-24,15-34,19059537,11007517,3630,15182,79.7
2023-01-24,35-59,28508100,14673031,6353,26580,93.2
2023-01-24,60-79,18749279,4952679,2472,10355,55.2
2023-01-24,80+,6112952,1532613,1364,5602,91.6
2023-01-25,00-04,3988681,1018513,233,1064,26.7
2023-01-25,00+,84358845,37710704,16562,64662,76.7
2023-01-25,05-14,7940296,4480499,1098,4006,50.5
2023-01-25,15-34,19059537,11011612,4095,15841,83.1
2023-01-25,35-59,28508100,14680552,7521,27785,97.5
2023-01-25,60-79,18749279,4955171,2492,10390,55.4
2023-01-25,80+,6112952,1533718,1105,5537,90.6
2023-01-26,00-04,3988681,1018695,182,1069,26.8
2023-01-26,00+,84358845,37724602,13898,67307,79.8
2023-01-26,05-14,7940296,4481466,967,4383,55.2
2023-01-26,15-34,19059537,11015192,3580,16609,87.1
2023-01-26,35-59,28508100,14686613,6061,29062,101.9
2023-01-26,60-79,18749279,4957284,2113,10678,57
2023-01-26,80+,6112952,1534697,979,5456,89.3
2023-01-27,00-04,3988681,1018850,155,1058,26.5
2023-01-27,00+,84358845,37737381,12779,70328,83.4
2023-01-27,05-14,7940296,4482267,801,4578,57.7
2023-01-27,15-34,19059537,11018454,3262,17575,92.2
2023-01-27,35-59,28508100,14692179,5566,30447,106.8
2023-01-27,60-79,18749279,4959274,1990,11073,59.1
2023-01-27,80+,6112952,1535699,1002,5552,90.8
2023-01-28,00-04,3988681,1018989,139,1028,25.8
2023-01-28,00+,84358845,37748497,11116,72728,86.2
2023-01-28,05-14,7940296,4482895,628,4721,59.5
2023-01-28,15-34,19059537,11021227,2773,18167,95.3
2023-01-28,35-59,28508100,14697127,4948,31798,111.5
2023-01-28,60-79,18749279,4960987,1713,11311,60.3
2023-01-28,80+,6112952,1536605,906,5653,92.5
2023-01-29,00-04,3988681,1019017,28,1018,25.5
2023-01-29,00+,84358845,37750782,2285,72974,86.5
2023-01-29,05-14,7940296,4483016,121,4694,59.1
2023-01-29,15-34,19059537,11021834,607,18247,95.7
2023-01-29,35-59,28508100,14698157,1030,31985,112.2
2023-01-29,60-79,18749279,4961306,319,11301,60.3
2023-01-29,80+,6112952,1536784,179,5678,92.9
2023-01-30,00-04,3988681,1019030,13,1005,25.2
2023-01-30,00+,84358845,37752389,1607,73288,86.9
2023-01-30,05-14,7940296,4483111,95,4673,58.9
2023-01-30,15-34,19059537,11022214,380,18327,96.2
2023-01-30,35-59,28508100,14698836,679,32158,112.8
2023-01-30,60-79,18749279,4961568,262,11361,60.6
2023-01-30,80+,6112952,1536962,178,5713,93.5
2023-01-31,00-04,3988681,1019272,242,992,24.9
2023-01-31,00+,84358845,37770649,18260,76507,90.7
2023-01-31,05-14,7940296,4484074,963,4673,58.9
2023-01-31,15-34,19059537,11026709,4495,19192,100.7
2023-01-31,35-59,28508100,14706706,7870,33675,118.1
2023-01-31,60-79,18749279,4964629,3061,11950,63.7
2023-01-31,80+,6112952,1538585,1623,5972,97.7
2023-02-01,00-04,3988681,1019472,200,959,24
2023-02-01,00+,84358845,37791000,20351,80296,95.2
2023-02-01,05-14,7940296,4484949,875,4450,56
2023-02-01,15-34,19059537,11031976,5267,20364,106.8
2023-02-01,35-59,28508100,14716255,9549,35703,125.2
2023-02-01,60-79,18749279,4967772,3143,12601,67.2
2023-02-01,80+,6112952,1539889,1304,6171,100.9
2023-02-02,00-04,3988681,1019644,172,949,23.8
2023-02-02,00+,84358845,37807054,16054,82452,97.7
2023-02-02,05-14,7940296,4485688,739,4222,53.2
2023-02-02,15-34,19059537,11036270,4294,21078,110.6
2023-02-02,35-59,28508100,14723263,7008,36650,128.6
2023-02-02,60-79,18749279,4970335,2563,13051,69.6
2023-02-02,80+,6112952,1541160,1271,6463,105.7
2023-02-03,00-04,3988681,1019777,133,927,23.2
2023-02-03,00+,84358845,37820410,13356,83029,98.4
2023-02-03,05-14,7940296,4486201,513,3934,49.5
2023-02-03,15-34,19059537,11039856,3586,21402,112.3
2023-02-03,35-59,28508100,14729107,5844,36928,129.5
2023-02-03,60-79,18749279,4972578,2243,13304,71
2023-02-03,80+,6112952,1542184,1024,6485,106.1
2023-02-04,00-04,3988681,1019928,151,939,23.5
2023-02-04,00+,84358845,37832778,12368,84281,99.9
2023-02-04,05-14,7940296,4486629,428,3734,47
2023-02-04,15-34,19059537,11043070,3214,21843,114.6
2023-02-04,35-59,28508100,14734405,5298,37278,130.8
2023-02-04,60-79,18749279,4974763,2185,13776,73.5
2023-02-04,80+,6112952,1543264,1080,6659,108.9
2023-02-05,00-04,3988681,1019959,31,942,23.6
2023-02-05,00+,84358845,37835139,2361,84357,100
2023-02-05,05-14,7940296,4486696,67,3680,46.3
2023-02-05,15-34,19059537,11043678,608,21844,114.6
2023-02-05,35-59,28508100,14735378,973,37221,130.6
2023-02-05,60-79,18749279,4975216,453,13910,74.2
2023-02-05,80+,6112952,1543493,229,6709,109.8
2023-02-06,00-04,3988681,1019979,20,949,23.8
2023-02-06,00+,84358845,37836630,1491,84241,99.9
2023-02-06,05-14,7940296,4486762,66,3651,46
2023-02-06,15-34,19059537,11043991,313,21777,114.3
2023-02-06,35-59,28508100,14735953,575,37117,130.2
2023-02-06,60-79,18749279,4975528,312,13960,74.5
2023-02-06,80+,6112952,1543698,205,6736,110.2
2023-02-07,00-04,3988681,1020233,254,961,24.1
2023-02-07,00+,84358845,37855509,18879,84860,100.6
2023-02-07,05-14,7940296,4487343,581,3269,41.2
2023-02-07,15-34,19059537,11048498,4507,21789,114.3
2023-02-07,35-59,28508100,14744137,8184,37431,131.3
2023-02-07,60-79,18749279,4978957,3429,14328,76.4
2023-02-07,80+,6112952,1545613,1915,7028,115
2023-02-08,00-04,3988681,1020400,167,928,23.3
2023-02-08,00+,84358845,37875220,19711,84220,99.8
2023-02-08,05-14,7940296,4487907,564,2958,37.3
2023-02-08,15-34,19059537,11053431,4933,21455,112.6
2023-02-08,35-59,28508100,14753174,9037,36919,129.5
2023-02-08,60-79,18749279,4982264,3307,14492,77.3
2023-02-08,80+,6112952,1547298,1685,7409,121.2
2023-02-09,00-04,3988681,1020546,146,902,22.6
2023-02-09,00+,84358845,37891504,16284,84450,100.1
2023-02-09,05-14,7940296,4488379,472,2691,33.9
2023-02-09,15-34,19059537,11057656,4225,21386,112.2
2023-02-09,35-59,28508100,14760192,7018,36929,129.5
2023-02-09,60-79,18749279,4985228,2964,14893,79.4
2023-02-09,80+,6112952,1548753,1455,7593,124.2
2023-02-10,00-04,3988681,1020657,111,880,22.1
2023-02-10,00+,84358845,37905474,13970,85064,100.8
2023-02-10,05-14,7940296,4488778,399,2577,32.5
2023-02-10,15-34,19059537,11061461,3805,21605,113.4
2023-02-10,35-59,28508100,14766087,5895,36980,129.7
2023-02-10,60-79,18749279,4987714,2486,15136,80.7
2023-02-10,80+,6112952,1550022,1269,7838,128.2
2023-02-11,00-04,3988681,1020792,135,864,21.7
2023-02-11,00+,84358845,37918909,13435,86131,102.1
2023-02-11,05-14,7940296,4489151,373,2522,31.8
2023-02-11,15-34,19059537,11065064,3603,21994,115.4
2023-02-11,35-59,28508100,14771732,5645,37327,130.9
2023-02-11,60-79,18749279,4990146,2432,15383,82
2023-02-11,80+,6112952,1551263,1241,7999,130.9
2023-02-12,00-04,3988681,1020831,39,872,21.9
2023-02-12,00+,84358845,37921508,2599,86369,102.4
2023-02-12,05-14,7940296,4489226,75,2530,31.9
2023-02-12,15-34,19059537,11065685,621,22007,115.5
2023-02-12,35-59,28508100,14772814,1082,37436,131.3
2023-02-12,60-79,18749279,4990676,530,15460,82.5
2023-02-12,80+,6112952,1551515,252,8022,131.2
2023-02-13,00-04,3988681,1020850,19,871,21.8
2023-02-13,00+,84358845,37923228,1720,86598,102.7
2023-02-13,05-14,7940296,4489274,48,2512,31.6
2023-02-13,15-34,19059537,11066065,380,22074,115.8
2023-02-13,35-59,28508100,14773461,647,37508,131.6
2023-02-13,60-79,18749279,4991044,368,15516,82.8
2023-02-13,80+,6112952,1551772,257,8074,132.1
2023-02-14,00-04,3988681,1021065,215,832,20.9
2023-02-14,00+,84358845,37944500,21272,88991,105.5
2023-02-14,05-14,7940296,4489759,485,2416,30.4
2023-02-14,15-34,19059537,11071153,5088,22655,118.9
2023-02-14,35-59,28508100,14782280,8819,38143,133.8
2023-02-14,60-79,18749279,4995310,4266,16353,87.2
2023-02-14,80+,6112952,1554159,2387,8546,139.8
2023-02-15,00-04,3988681,1021246,181,846,21.2
2023-02-15,00+,84358845,37966104,21604,90884,107.7
2023-02-15,05-14,7940296,4490184,425,2277,28.7
2023-02-15,15-34,19059537,11076561,5408,23130,121.4
2023-02-15,35-59,28508100,14791847,9567,38673,135.7
2023-02-15,60-79,18749279,4999372,4062,17108,91.2
2023-02-15,80+,6112952,1556112,1953,8814,144.2
2023-02-16,00-04,3988681,1021400,154,854,21.4
2023-02-16,00+,84358845,37984932,18828,93428,110.8
2023-02-16,05-14,7940296,4490534,350,2155,27.1
2023-02-16,15-34,19059537,11081514,4953,23858,125.2
2023-02-16,35-59,28508100,14799844,7997,39652,139.1
2023-02-16,60-79,18749279,5002890,3518,17662,94.2
2023-02-16,80+,6112952,1557960,1848,9207,150.6
2023-02-17,00-04,3988681,1021571,171,914,22.9
2023-02-17,00+,84358845,38001833,16901,96359,114.2
2023-02-17,05-14,7940296,4490853,319,2075,26.1
2023-02-17,15-34,19059537,11085882,4368,24421,128.1
2023-02-17,35-59,28508100,14806968,7124,40881,143.4
2023-02-17,60-79,18749279,5006145,3255,18431,98.3
2023-02-17,80+,6112952,1559616,1656,9594,156.9
2023-02-18,00-04,3988681,1021713,142,921,23.1
2023-02-18,00+,84358845,38016162,14329,97253,115.3
2023-02-18,05-14,7940296,4491074,221,1923,24.2
2023-02-18,15-34,19059537,11089493,3611,24429,128.2
2023-02-18,35-59,28508100,14812973,6005,41241,144.7
2023-02-18,60-79,18749279,5008969,2824,18823,100.4
2023-02-18,80+,6112952,1561132,1516,9869,161.4
2023-02-19,00-04,3988681,1021746,33,915,22.9
2023-02-19,00+,84358845,38019122,2960,97614,115.7
2023-02-19,05-14,7940296,4491135,61,1909,24
2023-02-19,15-34,19059537,11090210,717,24525,128.7
2023-02-19,35-59,28508100,14814200,1227,41386,145.2
2023-02-19,60-79,18749279,5009575,606,18899,100.8
2023-02-19,80+,6112952,1561446,314,9931,162.5
2023-02-20,00-04,3988681,1021773,27,923,23.1
2023-02-20,00+,84358845,38021079,1957,97851,116
2023-02-20,05-14,7940296,4491164,29,1890,23.8
2023-02-20,15-34,19059537,11090598,388,24533,128.7
2023-02-20,35-59,28508100,14814936,736,41475,145.5
2023-02-20,60-79,18749279,5010032,457,18988,101.3
2023-02-20,80+,6112952,1561765,319,9993,163.5
2023-02-21,00-04,3988681,1022006,233,941,23.6
2023-02-21,00+,84358845,38039962,18883,95462,113.2
2023-02-21,05-14,7940296,4491512,348,1753,22.1
2023-02-21,15-34,19059537,11095039,4441,23886,125.3
2023-02-21,35-59,28508100,14822458,7522,40178,140.9
2023-02-21,60-79,18749279,5014003,3971,18693,99.7
2023-02-21,80+,6112952,1564129,2364,9970,163.1
2023-02-22,00-04,3988681,1022189,183,943,23.6
2023-02-22,00+,84358845,38063208,23246,97104,115.1
2023-02-22,05-14,7940296,4491888,376,1704,21.5
2023-02-22,15-34,19059537,11100904,5865,24343,127.7
2023-02-22,35-59,28508100,14832554,10096,40707,142.8
2023-02-22,60-79,18749279,5018413,4410,19041,101.6
2023-02-22,80+,6112952,1566441,2312,10329,169
2023-02-23,00-04,3988681,1022358,169,958,24
2023-02-23,00+,84358845,38086345,23137,101413,120.2
2023-02-23,05-14,7940296,4492236,348,1702,21.4
2023-02-23,15-34,19059537,11107234,6330,25720,134.9
2023-02-23,35-59,28508100,14842572,10018,42728,149.9
2023-02-23,60-79,18749279,5022598,4185,19708,105.1
2023-02-23,80+,6112952,1568511,2070,10551,172.6
2023-02-24,00-04,3988681,1022552,194,981,24.6
2023-02-24,00+,84358845,38108707,22362,106874,126.7
2023-02-24,05-14,7940296,4492565,329,1712,21.6
2023-02-24,15-34,19059537,11113984,6750,28102,147.4
2023-02-24,35-59,28508100,14852198,9626,45230,158.7
2023-02-24,60-79,18749279,5026328,3730,20183,107.6
2023-02-24,80+,6112952,1570236,1725,10620,173.7
2023-02-25,00-04,3988681,1022706,154,993,24.9
2023-02-25,00+,84358845,38128088,19381,111926,132.7
2023-02-25,05-14,7940296,4492840,275,1766,22.2
2023-02-25,15-34,19059537,11119972,5988,30479,159.9
2023-02-25,35-59,28508100,14860420,8222,47447,166.4
2023-02-25,60-79,18749279,5029556,3228,20587,109.8
2023-02-25,80+,6112952,1571743,1507,10611,173.6
2023-02-26,00-04,3988681,1022738,32,992,24.9
2023-02-26,00+,84358845,38132405,4317,113283,134.3
2023-02-26,05-14,7940296,4492902,62,1767,22.3
2023-02-26,15-34,19059537,11121223,1251,31013,162.7
2023-02-26,35-59,28508100,14862278,1858,48078,168.6
2023-02-26,60-79,18749279,5030306,750,20731,110.6
2023-02-26,80+,6112952,1572105,362,10659,174.4
2023-02-27,00-04,3988681,1022772,34,999,25
2023-02-27,00+,84358845,38134517,2112,113438,134.5
2023-02-27,05-14,7940296,4492937,35,1773,22.3
2023-02-27,15-34,19059537,11121733,510,31135,163.4
2023-02-27,35-59,28508100,14863097,819,48161,168.9
2023-02-27,60-79,18749279,5030743,437,20711,110.5
2023-02-27,80+,6112952,1572382,277,10617,173.7
2023-02-28,00-04,3988681,1023064,292,1058,26.5
2023-02-28,00+,84358845,38161182,26665,121220,143.7
2023-02-28,05-14,7940296,4493426,489,1914,24.1
2023-02-28,15-34,19059537,11129032,7299,33993,178.4
2023-02-28,35-59,28508100,14874097,11000,51639,181.1
2023-02-28,60-79,18749279,5035615,4872,21612,115.3
2023-02-28,80+,6112952,1575072,2690,10943,179
2023-03-01,00-04,3988681,1023296,232,1107,27.8
2023-03-01,00+,84358845,38185446,24264,122238,144.9
2023-03-01,05-14,7940296,4493863,437,1975,24.9
2023-03-01,15-34,19059537,11135672,6640,34768,182.4
2023-03-01,35-59,28508100,14884790,10693,52236,183.2
2023-03-01,60-79,18749279,5039811,4196,21398,114.1
2023-03-01,80+,6112952,1577115,2043,10674,174.6
2023-03-02,00-04,3988681,1023479,183,1121,28.1
2023-03-02,00+,84358845,38202484,17038,116139,137.7
2023-03-02,05-14,7940296,4494147,284,1911,24.1
2023-03-02,15-34,19059537,11140332,4660,33098,173.7
2023-03-02,35-59,28508100,14891774,6984,49202,172.6
2023-03-02,60-79,18749279,5043021,3210,20423,108.9
2023-03-02,80+,6112952,1578813,1698,10302,168.5
2023-03-03,00-04,3988681,1023595,116,1043,26.1
2023-03-03,00+,84358845,38211666,9182,102959,122
2023-03-03,05-14,7940296,4494288,141,1723,21.7
2023-03-03,15-34,19059537,11142582,2250,28598,150
2023-03-03,35-59,28508100,14895185,3411,42987,150.8
2023-03-03,60-79,18749279,5044975,1954,18647,99.5
2023-03-03,80+,6112952,1580109,1296,9873,161.5
2023-03-04,00-04,3988681,1023710,115,1004,25.2
2023-03-04,00+,84358845,38219047,7381,90959,107.8
2023-03-04,05-14,7940296,4494402,114,1562,19.7
2023-03-04,15-34,19059537,11144172,1590,24200,127
2023-03-04,35-59,28508100,14897863,2678,37443,131.3
2023-03-04,60-79,18749279,5046670,1695,17114,91.3
2023-03-04,80+,6112952,1581287,1178,9544,156.1
2023-03-05,00-04,3988681,1023731,21,993,24.9
2023-03-05,00+,84358845,38220173,1126,87768,104
2023-03-05,05-14,7940296,4494422,20,1520,19.1
2023-03-05,15-34,19059537,11144382,210,23159,121.5
2023-03-05,35-59,28508100,14898212,349,35934,126
2023-03-05,60-79,18749279,5046974,304,16668,88.9
2023-03-05,80+,6112952,1581507,220,9402,153.8
2023-03-06,00-04,3988681,1023749,18,977,24.5
2023-03-06,00+,84358845,38220855,682,86338,102.3
2023-03-06,05-14,7940296,4494429,7,1492,18.8
2023-03-06,15-34,19059537,11144459,77,22726,119.2
2023-03-06,35-59,28508100,14898369,157,35272,123.7
2023-03-06,60-79,18749279,5047182,208,16439,87.7
2023-03-06,80+,6112952,1581722,215,9340,152.8
2023-03-07,00-04,3988681,1023952,203,888,22.3
2023-03-07,00+,84358845,38230664,9809,69482,82.4
2023-03-07,05-14,7940296,4494564,135,1138,14.3
2023-03-07,15-34,19059537,11146253,1794,17221,90.4
2023-03-07,35-59,28508100,14901307,2938,27210,95.4
2023-03-07,60-79,18749279,5049750,2568,14135,75.4
2023-03-07,80+,6112952,1583878,2156,8806,144.1
2023-03-08,00-04,3988681,1024083,131,787,19.7
2023-03-08,00+,84358845,38240637,9973,55191,65.4
2023-03-08,05-14,7940296,4494691,127,828,10.4
2023-03-08,15-34,19059537,11148313,2060,12641,66.3
2023-03-08,35-59,28508100,14905089,3782,20299,71.2
2023-03-08,60-79,18749279,5052061,2311,12250,65.3
2023-03-08,80+,6112952,1585434,1556,8319,136.1
2023-03-09,00-04,3988681,1024222,139,743,18.6
2023-03-09,00+,84358845,38248906,8269,46422,55
2023-03-09,05-14,7940296,4494829,138,682,8.6
2023-03-09,15-34,19059537,11150000,1687,9668,50.7
2023-03-09,35-59,28508100,14908075,2986,16301,57.2
2023-03-09,60-79,18749279,5054037,1976,11016,58.8
2023-03-09,80+,6112952,1586773,1339,7960,130.2
2023-03-10,00-04,3988681,1024318,96,723,18.1
2023-03-10,00+,84358845,38256288,7382,44622,52.9
2023-03-10,05-14,7940296,4494915,86,627,7.9
2023-03-10,15-34,19059537,11151488,1488,8906,46.7
2023-03-10,35-59,28508100,14910581,2506,15396,54
2023-03-10,60-79,18749279,5055819,1782,10844,57.8
2023-03-10,80+,6112952,1588190,1417,8081,132.2
2023-03-11,00-04,3988681,1024433,115,723,18.1
2023-03-11,00+,84358845,38262790,6502,43743,51.9
2023-03-11,05-14,7940296,4495003,88,601,7.6
2023-03-11,15-34,19059537,11152790,1302,8618,45.2
2023-03-11,35-59,28508100,14912771,2190,14908,52.3
2023-03-11,60-79,18749279,5057378,1559,10708,57.1
2023-03-11,80+,6112952,1589433,1243,8146,133.3
2023-03-12,00-04,3988681,1024462,29,731,18.3
2023-03-12,00+,84358845,38263969,1179,43796,51.9
2023-03-12,05-14,7940296,4495017,14,595,7.5
2023-03-12,15-34,19059537,11152980,190,8598,45.1
2023-03-12,35-59,28508100,14913145,374,14933,52.4
2023-03-12,60-79,18749279,5057685,307,10711,57.1
2023-03-12,80+,6112952,1589698,265,8191,134
2023-03-13,00-04,3988681,1024480,18,731,18.3
2023-03-13,00+,84358845,38264615,646,43760,51.9
2023-03-13,05-14,7940296,4495024,7,595,7.5
2023-03-13,15-34,19059537,11153046,66,8587,45.1
2023-03-13,35-59,28508100,14913257,112,14888,52.2
2023-03-13,60-79,18749279,5057900,215,10718,57.2
2023-03-13,80+,6112952,1589925,227,8203,134.2
2023-03-14,00-04,3988681,1024675,195,723,18.1
2023-03-14,00+,84358845,38274419,9804,43755,51.9
2023-03-14,05-14,7940296,4495143,119,579,7.3
2023-03-14,15-34,19059537,11154574,1528,8321,43.7
2023-03-14,35-59,28508100,14915987,2730,14680,51.5
2023-03-14,60-79,18749279,5060664,2764,10914,58.2
2023-03-14,80+,6112952,1592384,2459,8506,139.1
2023-03-15,00-04,3988681,1024824,149,741,18.6
2023-03-15,00+,84358845,38283614,9195,42977,50.9
2023-03-15,05-14,7940296,4495299,156,608,7.7
2023-03-15,15-34,19059537,11156257,1683,7944,41.7
2023-03-15,35-59,28508100,14919338,3351,14249,50
2023-03-15,60-79,18749279,5062837,2173,10776,57.5
2023-03-15,80+,6112952,1594058,1674,8624,141.1
2023-03-16,00-04,3988681,1024946,122,724,18.2
2023-03-16,00+,84358845,38291220,7606,42314,50.2
2023-03-16,05-14,7940296,4495404,105,575,7.2
2023-03-16,15-34,19059537,11157720,1463,7720,40.5
2023-03-16,35-59,28508100,14921889,2551,13814,48.5
2023-03-16,60-79,18749279,5064727,1890,10690,57
2023-03-16,80+,6112952,1595526,1468,8753,143.2
2023-03-17,00-04,3988681,1025050,104,732,18.4
2023-03-17,00+,84358845,38297711,6491,41423,49.1
2023-03-17,05-14,7940296,4495511,107,596,7.5
2023-03-17,15-34,19059537,11158909,1189,7421,38.9
2023-03-17,35-59,28508100,14923906,2017,13325,46.7
2023-03-17,60-79,18749279,5066433,1706,10614,56.6
2023-03-17,80+,6112952,1596889,1363,8699,142.3
2023-03-18,00-04,3988681,1025144,94,711,17.8
2023-03-18,00+,84358845,38303146,5435,40356,47.8
2023-03-18,05-14,7940296,4495579,68,576,7.3
2023-03-18,15-34,19059537,11159816,907,7026,36.9
2023-03-18,35-59,28508100,14925678,1772,12907,45.3
2023-03-18,60-79,18749279,5067853,1420,10475,55.9
2023-03-18,80+,6112952,1598060,1171,8627,141.1
2023-03-19,00-04,3988681,1025169,25,707,17.7
2023-03-19,00+,84358845,38304267,1121,40298,47.8
2023-03-19,05-14,7940296,4495593,14,576,7.3
2023-03-19,15-34,19059537,11159981,165,7001,36.7
2023-03-19,35-59,28508100,14925995,317,12850,45.1
2023-03-19,60-79,18749279,5068158,305,10473,55.9
2023-03-19,80+,6112952,1598355,295,8657,141.6
2023-03-20,00-04,3988681,1025179,10,699,17.5
2023-03-20,00+,84358845,38304918,651,40303,47.8
2023-03-20,05-14,7940296,4495600,7,576,7.3
2023-03-20,15-34,19059537,11160035,54,6989,36.7
2023-03-20,35-59,28508100,14926105,110,12848,45.1
2023-03-20,60-79,18749279,5068384,226,10484,55.9
2023-03-20,80+,6112952,1598599,244,8674,141.9
2023-03-21,00-04,3988681,1025349,170,674,16.9
2023-03-21,00+,84358845,38313586,8668,39167,46.4
2023-03-21,05-14,7940296,4495716,116,573,7.2
2023-03-21,15-34,19059537,11161318,1283,6744,35.4
2023-03-21,35-59,28508100,14928436,2331,12449,43.7
2023-03-21,60-79,18749279,5070843,2459,10179,54.3
2023-03-21,80+,6112952,1600896,2297,8512,139.2
2023-03-22,00-04,3988681,1025443,94,619,15.5
2023-03-22,00+,84358845,38320795,7209,37181,44.1
2023-03-22,05-14,7940296,4495818,102,519,6.5
2023-03-22,15-34,19059537,11162556,1238,6299,33
2023-03-22,35-59,28508100,14930948,2512,11610,40.7
2023-03-22,60-79,18749279,5072631,1788,9794,52.2
2023-03-22,80+,6112952,1602362,1466,8304,135.8
2023-03-23,00-04,3988681,1025531,88,585,14.7
2023-03-23,00+,84358845,38326978,6183,35758,42.4
2023-03-23,05-14,7940296,4495921,103,517,6.5
2023-03-23,15-34,19059537,11163620,1064,5900,31
2023-03-23,35-59,28508100,14932946,1998,11057,38.8
2023-03-23,60-79,18749279,5074305,1674,9578,51.1
2023-03-23,80+,6112952,1603614,1252,8088,132.3
2023-03-24,00-04,3988681,1025630,99,580,14.5
2023-03-24,00+,84358845,38332121,5143,34410,40.8
2023-03-24,05-14,7940296,4495998,77,487,6.1
2023-03-24,15-34,19059537,11164511,891,5602,29.4
2023-03-24,35-59,28508100,14934473,1527,10567,37.1
2023-03-24,60-79,18749279,5075744,1439,9311,49.7
2023-03-24,80+,6112952,1604717,1103,7828,128.1
2023-03-25,00-04,3988681,1025698,68,554,13.9
2023-03-25,00+,84358845,38336391,4270,33245,39.4
2023-03-25,05-14,7940296,4496053,55,474,6
2023-03-25,15-34,19059537,11165204,693,5388,28.3
2023-03-25,35-59,28508100,14935725,1252,10047,35.2
2023-03-25,60-79,18749279,5076964,1220,9111,48.6
2023-03-25,80+,6112952,1605695,978,7635,124.9
2023-03-26,00-04,3988681,1025708,10,539,13.5
2023-03-26,00+,84358845,38337030,639,32763,38.8
2023-03-26,05-14,7940296,4496056,3,463,5.8
2023-03-26,15-34,19059537,11165306,102,5325,27.9
2023-03-26,35-59,28508100,14935893,168,9898,34.7
2023-03-26,60-79,18749279,5077161,197,9003,48
2023-03-26,80+,6112952,1605852,157,7497,122.6
2023-03-27,00-04,3988681,1025715,7,536,13.4
2023-03-27,00+,84358845,38337543,513,32625,38.7
2023-03-27,05-14,7940296,4496064,8,464,5.8
2023-03-27,15-34,19059537,11165348,42,5313,27.9
2023-03-27,35-59,28508100,14936000,107,9895,34.7
2023-03-27,60-79,18749279,5077318,157,8934,47.6
2023-03-27,80+,6112952,1606044,192,7445,121.8
2023-03-28,00-04,3988681,1025854,139,505,12.7
2023-03-28,00+,84358845,38343925,6382,30339,36
2023-03-28,05-14,7940296,4496125,61,409,5.2
2023-03-28,15-34,19059537,11166155,807,4837,25.4
2023-03-28,35-59,28508100,14937652,1652,9216,32.3
2023-03-28,60-79,18749279,5079217,1899,8374,44.7
2023-03-28,80+,6112952,1607858,1814,6962,113.9
2023-03-29,00-04,3988681,1025931,77,488,12.2
2023-03-29,00+,84358845,38348813,4888,28018,33.2
2023-03-29,05-14,7940296,4496180,55,362,4.6
2023-03-29,15-34,19059537,11166956,801,4400,23.1
2023-03-29,35-59,28508100,14939255,1603,8307,29.1
2023-03-29,60-79,18749279,5080551,1334,7920,42.2
2023-03-29,80+,6112952,1608870,1012,6508,106.5
2023-03-30,00-04,3988681,1025995,64,464,11.6
2023-03-30,00+,84358845,38352897,4084,25919,30.7
2023-03-30,05-14,7940296,4496235,55,314,4
2023-03-30,15-34,19059537,11167651,695,4031,21.1
2023-03-30,35-59,28508100,14940501,1246,7555,26.5
2023-03-30,60-79,18749279,5081644,1093,7339,39.1
2023-03-30,80+,6112952,1609794,924,6180,101.1
2023-03-31,00-04,3988681,1026065,70,435,10.9
2023-03-31,00+,84358845,38356428,3531,24307,28.8
2023-03-31,05-14,7940296,4496283,48,285,3.6
2023-03-31,15-34,19059537,11168214,563,3703,19.4
2023-03-31,35-59,28508100,14941562,1061,7089,24.9
2023-03-31,60-79,18749279,5082655,1011,6911,36.9
2023-03-31,80+,6112952,1610568,774,5851,95.7
2023-04-01,00-04,3988681,1026114,49,416,10.4
2023-04-01,00+,84358845,38359323,2895,22932,27.2
2023-04-01,05-14,7940296,4496322,39,269,3.4
2023-04-01,15-34,19059537,11168658,444,3454,18.1
2023-04-01,35-59,28508100,14942366,804,6641,23.3
2023-04-01,60-79,18749279,5083477,822,6513,34.7
2023-04-01,80+,6112952,1611301,733,5606,91.7
2023-04-02,00-04,3988681,1026124,10,416,10.4
2023-04-02,00+,84358845,38359853,530,22823,27.1
2023-04-02,05-14,7940296,4496329,7,273,3.4
2023-04-02,15-34,19059537,11168709,51,3403,17.9
2023-04-02,35-59,28508100,14942495,129,6602,23.2
2023-04-02,60-79,18749279,5083642,165,6481,34.6
2023-04-02,80+,6112952,1611469,168,5617,91.9
2023-04-03,00-04,3988681,1026132,8,417,10.5
2023-04-03,00+,84358845,38360198,345,22655,26.9
2023-04-03,05-14,7940296,4496332,3,268,3.4
2023-04-03,15-34,19059537,11168730,21,3382,17.7
2023-04-03,35-59,28508100,14942545,50,6545,23
2023-04-03,60-79,18749279,5083758,116,6440,34.3
2023-04-03,80+,6112952,1611616,147,5572,91.2
2023-04-04,00-04,3988681,1026230,98,376,9.4
2023-04-04,00+,84358845,38364792,4594,20867,24.7
2023-04-04,05-14,7940296,4496377,45,252,3.2
2023-04-04,15-34,19059537,11169317,587,3162,16.6
2023-04-04,35-59,28508100,14943622,1077,5970,20.9
2023-04-04,60-79,18749279,5085173,1415,5956,31.8
2023-04-04,80+,6112952,1612984,1368,5126,83.9
2023-04-05,00-04,3988681,1026292,62,361,9.1
2023-04-05,00+,84358845,38368558,3766,19745,23.4
2023-04-05,05-14,7940296,4496404,27,224,2.8
2023-04-05,15-34,19059537,11169896,579,2940,15.4
2023-04-05,35-59,28508100,14944783,1161,5528,19.4
2023-04-05,60-79,18749279,5086238,1065,5687,30.3
2023-04-05,80+,6112952,1613855,871,4985,81.5
2023-04-06,00-04,3988681,1026352,60,357,9
2023-04-06,00+,84358845,38371546,2988,18649,22.1
2023-04-06,05-14,7940296,4496426,22,191,2.4
2023-04-06,15-34,19059537,11170380,484,2729,14.3
2023-04-06,35-59,28508100,14945679,896,5178,18.2
2023-04-06,60-79,18749279,5087074,836,5430,29
2023-04-06,80+,6112952,1614541,686,4747,77.7
2023-04-07,00-04,3988681,1026389,37,324,8.1
2023-04-07,00+,84358845,38373969,2423,17541,20.8
2023-04-07,05-14,7940296,4496455,29,172,2.2
2023-04-07,15-34,19059537,11170744,364,2530,13.3
2023-04-07,35-59,28508100,14946343,664,4781,16.8
2023-04-07,60-79,18749279,5087776,702,5121,27.3
2023-04-07,80+,6112952,1615165,624,4597,75.2
2023-04-08,00-04,3988681,1026398,9,284,7.1
2023-04-08,00+,84358845,38374255,286,14932,17.7
2023-04-08,05-14,7940296,4496457,2,135,1.7
2023-04-08,15-34,19059537,11170780,36,2122,11.1
2023-04-08,35-59,28508100,14946397,54,4031,14.1
2023-04-08,60-79,18749279,5087871,95,4394,23.4
2023-04-08,80+,6112952,1615254,89,3953,64.7
2023-04-09,00-04,3988681,1026400,2,276,6.9
2023-04-09,00+,84358845,38374589,334,14736,17.5
2023-04-09,05-14,7940296,4496460,3,131,1.6
2023-04-09,15-34,19059537,11170813,33,2104,11
2023-04-09,35-59,28508100,14946454,57,3959,13.9
2023-04-09,60-79,18749279,5087980,109,4338,23.1
2023-04-09,80+,6112952,1615384,130,3915,64
2023-04-10,00-04,3988681,1026409,9,277,6.9
2023-04-10,00+,84358845,38374863,274,14665,17.4
2023-04-10,05-14,7940296,4496461,1,129,1.6
2023-04-10,15-34,19059537,11170838,25,2108,11.1
2023-04-10,35-59,28508100,14946497,43,3952,13.9
2023-04-10,60-79,18749279,5088060,80,4302,22.9
2023-04-10,80+,6112952,1615500,116,3884,63.5
2023-04-11,00-04,3988681,1026413,4,183,4.6
2023-04-11,00+,84358845,38375136,273,10344,12.3
2023-04-11,05-14,7940296,4496461,0,84,1.1
2023-04-11,15-34,19059537,11170852,14,1535,8.1
2023-04-11,35-59,28508100,14946530,33,2908,10.2
2023-04-11,60-79,18749279,5088161,101,2988,15.9
2023-04-11,80+,6112952,1615621,121,2637,43.1
2023-04-12,00-04,3988681,1026514,101,222,5.6
2023-04-12,00+,84358845,38379886,4750,11328,13.4
2023-04-12,05-14,7940296,4496499,38,95,1.2
2023-04-12,15-34,19059537,11171336,484,1440,7.6
2023-04-12,35-59,28508100,14947527,997,2744,9.6
2023-04-12,60-79,18749279,5089659,1498,3421,18.2
2023-04-12,80+,6112952,1617248,1627,3393,55.5
2023-04-13,00-04,3988681,1026556,42,204,5.1
2023-04-13,00+,84358845,38382728,2842,11182,13.3
2023-04-13,05-14,7940296,4496516,17,90,1.1
2023-04-13,15-34,19059537,11171735,399,1355,7.1
2023-04-13,35-59,28508100,14948345,818,2666,9.4
2023-04-13,60-79,18749279,5090483,824,3409,18.2
2023-04-13,80+,6112952,1617986,738,3445,56.4
2023-04-14,00-04,3988681,1026599,43,210,5.3
2023-04-14,00+,84358845,38385364,2636,11395,13.5
2023-04-14,05-14,7940296,4496535,19,80,1
2023-04-14,15-34,19059537,11172119,384,1375,7.2
2023-04-14,35-59,28508100,14949087,742,2744,9.6
2023-04-14,60-79,18749279,5091201,718,3425,18.3
2023-04-14,80+,6112952,1618713,727,3548,58
2023-04-15,00-04,3988681,1026636,37,238,6
2023-04-15,00+,84358845,38387367,2003,13112,15.5
2023-04-15,05-14,7940296,4496548,13,91,1.1
2023-04-15,15-34,19059537,11172382,263,1602,8.4
2023-04-15,35-59,28508100,14949657,570,3260,11.4
2023-04-15,60-79,18749279,5091755,554,3884,20.7
2023-04-15,80+,6112952,1619272,559,4018,65.7
2023-04-16,00-04,3988681,1026644,8,244,6.1
2023-04-16,00+,84358845,38387687,320,13098,15.5
2023-04-16,05-14,7940296,4496549,1,89,1.1
2023-04-16,15-34,19059537,11172424,42,1611,8.5
2023-04-16,35-59,28508100,14949733,76,3279,11.5
2023-04-16,60-79,18749279,5091862,107,3882,20.7
2023-04-16,80+,6112952,1619358,86,3974,65
2023-04-17,00-04,3988681,1026651,7,242,6.1
2023-04-17,00+,84358845,38387900,213,13037,15.5
2023-04-17,05-14,7940296,4496549,0,88,1.1
2023-04-17,15-34,19059537,11172444,20,1606,8.4
2023-04-17,35-59,28508100,14949761,28,3264,11.4
2023-04-17,60-79,18749279,5091938,76,3878,20.7
2023-04-17,80+,6112952,1619440,82,3940,64.5
2023-04-18,00-04,3988681,1026726,75,313,7.8
2023-04-18,00+,84358845,38391014,3114,15878,18.8
2023-04-18,05-14,7940296,4496564,15,103,1.3
2023-04-18,15-34,19059537,11172807,363,1955,10.3
2023-04-18,35-59,28508100,14950476,715,3946,13.8
2023-04-18,60-79,18749279,5092903,965,4742,25.3
2023-04-18,80+,6112952,1620418,978,4797,78.5
2023-04-19,00-04,3988681,1026766,40,252,6.3
2023-04-19,00+,84358845,38393603,2589,13717,16.3
2023-04-19,05-14,7940296,4496584,20,85,1.1
2023-04-19,15-34,19059537,11173159,352,1823,9.6
2023-04-19,35-59,28508100,14951212,736,3685,12.9
2023-04-19,60-79,18749279,5093672,769,4013,21.4
2023-04-19,80+,6112952,1621090,672,3842,62.9
2023-04-20,00-04,3988681,1026797,31,241,6
2023-04-20,00+,84358845,38395682,2079,12954,15.4
2023-04-20,05-14,7940296,4496605,21,89,1.1
2023-04-20,15-34,19059537,11173428,269,1693,8.9
2023-04-20,35-59,28508100,14951802,590,3457,12.1
2023-04-20,60-79,18749279,5094313,641,3830,20.4
2023-04-20,80+,6112952,1621616,526,3630,59.4
2023-04-21,00-04,3988681,1026834,37,235,5.9
2023-04-21,00+,84358845,38397485,1803,12121,14.4
2023-04-21,05-14,7940296,4496622,17,87,1.1
2023-04-21,15-34,19059537,11173673,245,1554,8.2
2023-04-21,35-59,28508100,14952270,468,3183,11.2
2023-04-21,60-79,18749279,5094865,552,3664,19.5
2023-04-21,80+,6112952,1622099,483,3386,55.4
2023-04-22,00-04,3988681,1026863,29,227,5.7
2023-04-22,00+,84358845,38398939,1454,11572,13.7
2023-04-22,05-14,7940296,4496636,14,88,1.1
2023-04-22,15-34,19059537,11173867,194,1485,7.8
2023-04-22,35-59,28508100,14952675,405,3018,10.6
2023-04-22,60-79,18749279,5095307,442,3552,18.9
2023-04-22,80+,6112952,1622467,368,3195,52.3
2023-04-23,00-04,3988681,1026872,9,228,5.7
2023-04-23,00+,84358845,38399187,248,11500,13.6
2023-04-23,05-14,7940296,4496638,2,89,1.1
2023-04-23,15-34,19059537,11173897,30,1473,7.7
2023-04-23,35-59,28508100,14952748,73,3015,10.6
2023-04-23,60-79,18749279,5095388,81,3526,18.8
2023-04-23,80+,6112952,1622520,53,3162,51.7
2023-04-24,00-04,3988681,1026878,6,227,5.7
2023-04-24,00+,84358845,38399371,184,11471,13.6
2023-04-24,05-14,7940296,4496639,1,90,1.1
2023-04-24,15-34,19059537,11173909,12,1465,7.7
2023-04-24,35-59,28508100,14952774,26,3013,10.6
2023-04-24,60-79,18749279,5095440,52,3502,18.7
2023-04-24,80+,6112952,1622607,87,3167,51.8
2023-04-25,00-04,3988681,1026936,58,210,5.3
2023-04-25,00+,84358845,38401900,2529,10886,12.9
2023-04-25,05-14,7940296,4496666,27,102,1.3
2023-04-25,15-34,19059537,11174190,281,1383,7.3
2023-04-25,35-59,28508100,14953304,530,2828,9.9
2023-04-25,60-79,18749279,5096280,840,3377,18
2023-04-25,80+,6112952,1623399,792,2981,48.8
2023-04-26,00-04,3988681,1026988,52,222,5.6
2023-04-26,00+,84358845,38403959,2059,10356,12.3
2023-04-26,05-14,7940296,4496691,25,107,1.3
2023-04-26,15-34,19059537,11174452,262,1293,6.8
2023-04-26,35-59,28508100,14953888,584,2676,9.4
2023-04-26,60-79,18749279,5096884,604,3212,17.1
2023-04-26,80+,6112952,1623931,532,2841,46.5
2023-04-27,00-04,3988681,1027031,43,234,5.9
2023-04-27,00+,84358845,38405646,1687,9964,11.8
2023-04-27,05-14,7940296,4496708,17,103,1.3
2023-04-27,15-34,19059537,11174677,225,1249,6.6
2023-04-27,35-59,28508100,14954387,499,2585,9.1
2023-04-27,60-79,18749279,5097377,493,3064,16.3
2023-04-27,80+,6112952,1624339,408,2723,44.5
2023-04-28,00-04,3988681,1027065,34,231,5.8
2023-04-28,00+,84358845,38407039,1393,9554,11.3
2023-04-28,05-14,7940296,4496733,25,111,1.4
2023-04-28,15-34,19059537,11174868,191,1195,6.3
2023-04-28,35-59,28508100,14954767,380,2497,8.8
2023-04-28,60-79,18749279,5097793,416,2928,15.6
2023-04-28,80+,6112952,1624686,347,2587,42.3
2023-04-29,00-04,3988681,1027090,25,227,5.7
2023-04-29,00+,84358845,38408222,1183,9283,11
2023-04-29,05-14,7940296,4496741,8,105,1.3
2023-04-29,15-34,19059537,11175021,153,1154,6.1
2023-04-29,35-59,28508100,14955057,290,2382,8.4
2023-04-29,60-79,18749279,5098150,357,2843,15.2
2023-04-29,80+,6112952,1625007,321,2540,41.6
2023-04-30,00-04,3988681,1027093,3,221,5.5
2023-04-30,00+,84358845,38408424,202,9237,10.9
2023-04-30,05-14,7940296,4496744,3,106,1.3
2023-04-30,15-34,19059537,11175050,29,1153,6
2023-04-30,35-59,28508100,14955093,36,2345,8.2
2023-04-30,60-79,18749279,5098217,67,2829,15.1
2023-04-30,80+,6112952,1625071,64,2551,41.7
2023-05-01,00-04,3988681,1027099,6,221,5.5
2023-05-01,00+,84358845,38408572,148,9201,10.9
2023-05-01,05-14,7940296,4496746,2,107,1.3
2023-05-01,15-34,19059537,11175057,7,1148,6
2023-05-01,35-59,28508100,14955117,24,2343,8.2
2023-05-01,60-79,18749279,5098271,54,2831,15.1
2023-05-01,80+,6112952,1625126,55,2519,41.2
2023-05-02,00-04,3988681,1027102,3,166,4.2
2023-05-02,00+,84358845,38408758,186,6858,8.1
2023-05-02,05-14,7940296,4496749,3,83,1
2023-05-02,15-34,19059537,11175065,8,875,4.6
2023-05-02,35-59,28508100,14955152,35,1848,6.5
2023-05-02,60-79,18749279,5098342,71,2062,11
2023-05-02,80+,6112952,1625192,66,1793,29.3
2023-05-03,00-04,3988681,1027162,60,174,4.4
2023-05-03,00+,84358845,38411259,2501,7300,8.7
2023-05-03,05-14,7940296,4496775,26,84,1.1
2023-05-03,15-34,19059537,11175288,223,836,4.4
2023-05-03,35-59,28508100,14955702,550,1814,6.4
2023-05-03,60-79,18749279,5099155,813,2271,12.1
2023-05-03,80+,6112952,1626008,816,2077,34
2023-05-04,00-04,3988681,1027193,31,162,4.1
2023-05-04,00+,84358845,38412957,1698,7311,8.7
2023-05-04,05-14,7940296,4496798,23,90,1.1
2023-05-04,15-34,19059537,11175505,217,828,4.3
2023-05-04,35-59,28508100,14956157,455,1770,6.2
2023-05-04,60-79,18749279,5099641,486,2264,12.1
2023-05-04,80+,6112952,1626471,463,2132,34.9
2023-05-05,00-04,3988681,1027213,20,148,3.7
2023-05-05,00+,84358845,38414450,1493,7411,8.8
2023-05-05,05-14,7940296,4496815,17,82,1
2023-05-05,15-34,19059537,11175709,204,841,4.4
2023-05-05,35-59,28508100,14956586,429,1819,6.4
2023-05-05,60-79,18749279,5100077,436,2284,12.2
2023-05-05,80+,6112952,1626848,377,2162,35.4
2023-05-06,00-04,3988681,1027243,30,153,3.8
2023-05-06,00+,84358845,38415658,1208,7436,8.8
2023-05-06,05-14,7940296,4496831,16,90,1.1
2023-05-06,15-34,19059537,11175870,161,849,4.5
2023-05-06,35-59,28508100,14956880,294,1823,6.4
2023-05-06,60-79,18749279,5100450,373,2300,12.3
2023-05-06,80+,6112952,1627181,333,2174,35.6
2023-05-07,00-04,3988681,1027245,2,152,3.8
2023-05-07,00+,84358845,38415818,160,7394,8.8
2023-05-07,05-14,7940296,4496832,1,88,1.1
2023-05-07,15-34,19059537,11175898,28,848,4.4
2023-05-07,35-59,28508100,14956908,28,1815,6.4
2023-05-07,60-79,18749279,5100505,55,2288,12.2
2023-05-07,80+,6112952,1627227,46,2156,35.3
2023-05-08,00-04,3988681,1027248,3,149,3.7
2023-05-08,00+,84358845,38415934,116,7362,8.7
2023-05-08,05-14,7940296,4496835,3,89,1.1
2023-05-08,15-34,19059537,11175914,16,857,4.5
2023-05-08,35-59,28508100,14956915,7,1798,6.3
2023-05-08,60-79,18749279,5100543,38,2272,12.1
2023-05-08,80+,6112952,1627276,49,2150,35.2
2023-05-09,00-04,3988681,1027300,52,198,5
2023-05-09,00+,84358845,38417808,1874,9050,10.7
2023-05-09,05-14,7940296,4496848,13,99,1.2
2023-05-09,15-34,19059537,11176121,207,1056,5.5
2023-05-09,35-59,28508100,14957356,441,2204,7.7
2023-05-09,60-79,18749279,5101135,592,2793,14.9
2023-05-09,80+,6112952,1627841,565,2649,43.3
2023-05-10,00-04,3988681,1027323,23,161,4
2023-05-10,00+,84358845,38419322,1514,8063,9.6
2023-05-10,05-14,7940296,4496856,8,81,1
2023-05-10,15-34,19059537,11176320,199,1032,5.4
2023-05-10,35-59,28508100,14957778,422,2076,7.3
2023-05-10,60-79,18749279,5101626,491,2471,13.2
2023-05-10,80+,6112952,1628210,369,2202,36
2023-05-11,00-04,3988681,1027344,21,151,3.8
2023-05-11,00+,84358845,38420497,1175,7540,8.9
2023-05-11,05-14,7940296,4496873,17,75,0.9
2023-05-11,15-34,19059537,11176480,160,975,5.1
2023-05-11,35-59,28508100,14958122,344,1965,6.9
2023-05-11,60-79,18749279,5101968,342,2327,12.4
2023-05-11,80+,6112952,1628501,291,2030,33.2
2023-05-12,00-04,3988681,1027365,21,152,3.8
2023-05-12,00+,84358845,38421561,1064,7111,8.4
2023-05-12,05-14,7940296,4496888,15,73,0.9
2023-05-12,15-34,19059537,11176625,145,916,4.8
2023-05-12,35-59,28508100,14958394,272,1808,6.3
2023-05-12,60-79,18749279,5102290,322,2213,11.8
2023-05-12,80+,6112952,1628786,285,1938,31.7
2023-05-13,00-04,3988681,1027379,14,136,3.4
2023-05-13,00+,84358845,38422406,845,6748,8
2023-05-13,05-14,7940296,4496894,6,63,0.8
2023-05-13,15-34,19059537,11176720,95,850,4.5
2023-05-13,35-59,28508100,14958594,200,1714,6
2023-05-13,60-79,18749279,5102547,257,2097,11.2
2023-05-13,80+,6112952,1629046,260,1865,30.5
2023-05-14,00-04,3988681,1027389,10,144,3.6
2023-05-14,00+,84358845,38422551,145,6733,8
2023-05-14,05-14,7940296,4496894,0,62,0.8
2023-05-14,15-34,19059537,11176734,14,836,4.4
2023-05-14,35-59,28508100,14958627,33,1719,6
2023-05-14,60-79,18749279,5102591,44,2086,11.1
2023-05-14,80+,6112952,1629090,44,1863,30.5
2023-05-15,00-04,3988681,1027392,3,144,3.6
2023-05-15,00+,84358845,38422645,94,6711,8
2023-05-15,05-14,7940296,4496894,0,59,0.7
2023-05-15,15-34,19059537,11176739,5,825,4.3
2023-05-15,35-59,28508100,14958644,17,1729,6.1
2023-05-15,60-79,18749279,5102627,36,2084,11.1
2023-05-15,80+,6112952,1629123,33,1847,30.2
2023-05-16,00-04,3988681,1027437,45,137,3.4
2023-05-16,00+,84358845,38424059,1414,6251,7.4
2023-05-16,05-14,7940296,4496904,10,56,0.7
2023-05-16,15-34,19059537,11176868,129,747,3.9
2023-05-16,35-59,28508100,14958940,296,1584,5.6
2023-05-16,60-79,18749279,5103101,474,1966,10.5
2023-05-16,80+,6112952,1629583,460,1742,28.5
2023-05-17,00-04,3988681,1027456,19,133,3.3
2023-05-17,00+,84358845,38425102,1043,5780,6.9
2023-05-17,05-14,7940296,4496915,11,59,0.7
2023-05-17,15-34,19059537,11176990,122,670,3.5
2023-05-17,35-59,28508100,14959219,279,1441,5.1
2023-05-17,60-79,18749279,5103433,332,1807,9.6
2023-05-17,80+,6112952,1629861,278,1651,27
2023-05-18,00-04,3988681,1027479,23,135,3.4
2023-05-18,00+,84358845,38426043,941,5546,6.6
2023-05-18,05-14,7940296,4496927,12,54,0.7
2023-05-18,15-34,19059537,11177098,108,618,3.2
2023-05-18,35-59,28508100,14959464,245,1342,4.7
2023-05-18,60-79,18749279,5103741,308,1773,9.5
2023-05-18,80+,6112952,1630104,243,1603,26.2
2023-05-19,00-04,3988681,1027479,0,114,2.9
2023-05-19,00+,84358845,38426130,87,4569,5.4
2023-05-19,05-14,7940296,4496927,0,39,0.5
2023-05-19,15-34,19059537,11177109,11,484,2.5
2023-05-19,35-59,28508100,14959481,17,1087,3.8
2023-05-19,60-79,18749279,5103771,30,1481,7.9
2023-05-19,80+,6112952,1630133,29,1347,22
2023-05-20,00-04,3988681,1027511,32,132,3.3
2023-05-20,00+,84358845,38426810,680,4404,5.2
2023-05-20,05-14,7940296,4496933,6,39,0.5
2023-05-20,15-34,19059537,11177180,71,460,2.4
2023-05-20,35-59,28508100,14959622,141,1028,3.6
2023-05-20,60-79,18749279,5104005,234,1458,7.8
2023-05-20,80+,6112952,1630329,196,1283,21
2023-05-21,00-04,3988681,1027511,0,122,3.1
2023-05-21,00+,84358845,38426930,120,4379,5.2
2023-05-21,05-14,7940296,4496934,1,40,0.5
2023-05-21,15-34,19059537,11177187,7,453,2.4
2023-05-21,35-59,28508100,14959645,23,1018,3.6
2023-05-21,60-79,18749279,5104047,42,1456,7.8
2023-05-21,80+,6112952,1630376,47,1286,21
2023-05-22,00-04,3988681,1027512,1,120,3
2023-05-22,00+,84358845,38427006,76,4361,5.2
2023-05-22,05-14,7940296,4496934,0,40,0.5
2023-05-22,15-34,19059537,11177190,3,451,2.4
2023-05-22,35-59,28508100,14959656,11,1012,3.5
2023-05-22,60-79,18749279,5104072,25,1445,7.7
2023-05-22,80+,6112952,1630412,36,1289,21.1
2023-05-23,00-04,3988681,1027541,29,104,2.6
2023-05-23,00+,84358845,38428320,1314,4261,5.1
2023-05-23,05-14,7940296,4496946,12,42,0.5
2023-05-23,15-34,19059537,11177309,119,441,2.3
2023-05-23,35-59,28508100,14959905,249,965,3.4
2023-05-23,60-79,18749279,5104531,459,1430,7.6
2023-05-23,80+,6112952,1630857,445,1274,20.8
2023-05-24,00-04,3988681,1027562,21,106,2.7
2023-05-24,00+,84358845,38429264,944,4162,4.9
2023-05-24,05-14,7940296,4496960,14,45,0.6
2023-05-24,15-34,19059537,11177438,129,448,2.4
2023-05-24,35-59,28508100,14960141,236,922,3.2
2023-05-24,60-79,18749279,5104824,293,1391,7.4
2023-05-24,80+,6112952,1631108,251,1247,20.4
2023-05-25,00-04,3988681,1027577,15,98,2.5
2023-05-25,00+,84358845,38430047,783,4004,4.7
2023-05-25,05-14,7940296,4496967,7,40,0.5
2023-05-25,15-34,19059537,11177537,99,439,2.3
2023-05-25,35-59,28508100,14960338,197,874,3.1
2023-05-25,60-79,18749279,5105062,238,1321,7
2023-05-25,80+,6112952,1631335,227,1231,20.1
2023-05-26,00-04,3988681,1027590,13,111,2.8
2023-05-26,00+,84358845,38430654,607,4524,5.4
2023-05-26,05-14,7940296,4496971,4,44,0.6
2023-05-26,15-34,19059537,11177616,79,507,2.7
2023-05-26,35-59,28508100,14960485,147,1004,3.5
2023-05-26,60-79,18749279,5105254,192,1483,7.9
2023-05-26,80+,6112952,1631506,171,1373,22.5
2023-05-27,00-04,3988681,1027596,6,85,2.1
2023-05-27,00+,84358845,38431170,516,4360,5.2
2023-05-27,05-14,7940296,4496975,4,42,0.5
2023-05-27,15-34,19059537,11177683,67,503,2.6
2023-05-27,35-59,28508100,14960632,147,1010,3.5
2023-05-27,60-79,18749279,5105420,166,1415,7.5
2023-05-27,80+,6112952,1631632,126,1303,21.3
2023-05-28,00-04,3988681,1027597,1,86,2.2
2023-05-28,00+,84358845,38431231,61,4301,5.1
2023-05-28,05-14,7940296,4496976,1,42,0.5
2023-05-28,15-34,19059537,11177689,6,502,2.6
2023-05-28,35-59,28508100,14960646,14,1001,3.5
2023-05-28,60-79,18749279,5105435,15,1388,7.4
2023-05-28,80+,6112952,1631656,24,1280,20.9
2023-05-29,00-04,3988681,1027600,3,88,2.2
2023-05-29,00+,84358845,38431273,42,4267,5.1
2023-05-29,05-14,7940296,4496976,0,42,0.5
2023-05-29,15-34,19059537,11177692,3,502,2.6
2023-05-29,35-59,28508100,14960652,6,996,3.5
2023-05-29,60-79,18749279,5105452,17,1380,7.4
2023-05-29,80+,6112952,1631669,13,1257,20.6
2023-05-30,00-04,3988681,1027601,1,60,1.5
2023-05-30,00+,84358845,38431333,60,3013,3.6
2023-05-30,05-14,7940296,4496977,1,31,0.4
2023-05-30,15-34,19059537,11177695,3,386,2
2023-05-30,35-59,28508100,14960661,9,756,2.7
2023-05-30,60-79,18749279,5105475,23,944,5
2023-05-30,80+,6112952,1631692,23,835,13.7
2023-05-31,00-04,3988681,1027630,29,68,1.7
2023-05-31,00+,84358845,38432305,972,3041,3.6
2023-05-31,05-14,7940296,4496985,8,25,0.3
2023-05-31,15-34,19059537,11177782,87,344,1.8
2023-05-31,35-59,28508100,14960844,183,703,2.5
2023-05-31,60-79,18749279,5105823,348,999,5.3
2023-05-31,80+,6112952,1632005,313,897,14.7
2023-06-01,00-04,3988681,1027643,13,66,1.7
2023-06-01,00+,84358845,38432969,664,2922,3.5
2023-06-01,05-14,7940296,4496991,6,24,0.3
2023-06-01,15-34,19059537,11177874,92,337,1.8
2023-06-01,35-59,28508100,14961012,168,674,2.4
2023-06-01,60-79,18749279,5106042,219,980,5.2
2023-06-01,80+,6112952,1632170,165,835,13.7
2023-06-02,00-04,3988681,1027651,8,61,1.5
2023-06-02,00+,84358845,38433551,582,2897,3.4
2023-06-02,05-14,7940296,4496994,3,23,0.3
2023-06-02,15-34,19059537,11177948,74,332,1.7
2023-06-02,35-59,28508100,14961170,158,685,2.4
2023-06-02,60-79,18749279,5106234,192,980,5.2
2023-06-02,80+,6112952,1632315,145,809,13.2
2023-06-03,00-04,3988681,1027658,7,62,1.6
2023-06-03,00+,84358845,38433969,418,2799,3.3
2023-06-03,05-14,7940296,4497003,9,28,0.4
2023-06-03,15-34,19059537,11178001,53,318,1.7
2023-06-03,35-59,28508100,14961280,110,648,2.3
2023-06-03,60-79,18749279,5106352,118,932,5
2023-06-03,80+,6112952,1632436,121,804,13.2
2023-06-04,00-04,3988681,1027661,3,64,1.6
2023-06-04,00+,84358845,38434018,49,2787,3.3
2023-06-04,05-14,7940296,4497003,0,27,0.3
2023-06-04,15-34,19059537,11178008,7,319,1.7
2023-06-04,35-59,28508100,14961289,9,643,2.3
2023-06-04,60-79,18749279,5106373,21,938,5
2023-06-04,80+,6112952,1632445,9,789,12.9
2023-06-05,00-04,3988681,1027663,2,63,1.6
2023-06-05,00+,84358845,38434050,32,2777,3.3
2023-06-05,05-14,7940296,4497003,0,27,0.3
2023-06-05,15-34,19059537,11178009,1,317,1.7
2023-06-05,35-59,28508100,14961294,5,642,2.3
2023-06-05,60-79,18749279,5106385,12,933,5
2023-06-05,80+,6112952,1632457,12,788,12.9
2023-06-06,00-04,3988681,1027685,22,84,2.1
2023-06-06,00+,84358845,38434800,750,3467,4.1
2023-06-06,05-14,7940296,4497007,4,30,0.4
2023-06-06,15-34,19059537,11178078,69,383,2
2023-06-06,35-59,28508100,14961431,137,770,2.7
2023-06-06,60-79,18749279,5106663,278,1188,6.3
2023-06-06,80+,6112952,1632695,238,1003,16.4
2023-06-07,00-04,3988681,1027700,15,70,1.8
2023-06-07,00+,84358845,38435296,496,2991,3.5
2023-06-07,05-14,7940296,4497014,7,29,0.4
2023-06-07,15-34,19059537,11178132,54,350,1.8
2023-06-07,35-59,28508100,14961547,116,703,2.5
2023-06-07,60-79,18749279,5106829,166,1006,5.4
2023-06-07,80+,6112952,1632832,137,827,13.5
2023-06-08,00-04,3988681,1027706,6,63,1.6
2023-06-08,00+,84358845,38435753,457,2784,3.3
2023-06-08,05-14,7940296,4497019,5,28,0.4
2023-06-08,15-34,19059537,11178191,59,317,1.7
2023-06-08,35-59,28508100,14961667,120,655,2.3
2023-06-08,60-79,18749279,5106987,158,945,5
2023-06-08,80+,6112952,1632941,109,771,12.6
2023-06-09,00-04,3988681,1027713,7,62,1.6
2023-06-09,00+,84358845,38435941,188,2390,2.8
2023-06-09,05-14,7940296,4497022,3,28,0.4
2023-06-09,15-34,19059537,11178208,17,260,1.4
2023-06-09,35-59,28508100,14961702,35,532,1.9
2023-06-09,60-79,18749279,5107053,66,819,4.4
2023-06-09,80+,6112952,1633001,60,686,11.2
2023-06-10,00-04,3988681,1027725,12,67,1.7
2023-06-10,00+,84358845,38436351,410,2382,2.8
2023-06-10,05-14,7940296,4497022,0,19,0.2
2023-06-10,15-34,19059537,11178255,47,254,1.3
2023-06-10,35-59,28508100,14961809,107,529,1.9
2023-06-10,60-79,18749279,5107191,138,839,4.5
2023-06-10,80+,6112952,1633106,105,670,11
2023-06-11,00-04,3988681,1027725,0,64,1.6
2023-06-11,00+,84358845,38436390,39,2372,2.8
2023-06-11,05-14,7940296,4497022,0,19,0.2
2023-06-11,15-34,19059537,11178258,3,250,1.3
2023-06-11,35-59,28508100,14961814,5,525,1.8
2023-06-11,60-79,18749279,5107205,14,832,4.4
2023-06-11,80+,6112952,1633123,17,678,11.1
2023-06-12,00-04,3988681,1027727,2,64,1.6
2023-06-12,00+,84358845,38436439,49,2389,2.8
2023-06-12,05-14,7940296,4497022,0,19,0.2
2023-06-12,15-34,19059537,11178264,6,255,1.3
2023-06-12,35-59,28508100,14961821,7,527,1.8
2023-06-12,60-79,18749279,5107222,17,837,4.5
2023-06-12,80+,6112952,1633140,17,683,11.2
2023-06-13,00-04,3988681,1027739,12,54,1.4
2023-06-13,00+,84358845,38437051,612,2251,2.7
2023-06-13,05-14,7940296,4497029,7,22,0.3
2023-06-13,15-34,19059537,11178324,60,246,1.3
2023-06-13,35-59,28508100,14961940,119,509,1.8
2023-06-13,60-79,18749279,5107433,211,770,4.1
2023-06-13,80+,6112952,1633343,203,648,10.6
2023-06-14,00-04,3988681,1027745,6,45,1.1
2023-06-14,00+,84358845,38437501,450,2205,2.6
2023-06-14,05-14,7940296,4497034,5,20,0.3
2023-06-14,15-34,19059537,11178376,52,244,1.3
2023-06-14,35-59,28508100,14962079,139,532,1.9
2023-06-14,60-79,18749279,5107564,131,735,3.9
2023-06-14,80+,6112952,1633460,117,628,10.3
2023-06-15,00-04,3988681,1027750,5,44,1.1
2023-06-15,00+,84358845,38437858,357,2105,2.5
2023-06-15,05-14,7940296,4497035,1,16,0.2
2023-06-15,15-34,19059537,11178416,40,225,1.2
2023-06-15,35-59,28508100,14962192,113,525,1.8
2023-06-15,60-79,18749279,5107671,107,684,3.6
2023-06-15,80+,6112952,1633550,90,609,10
2023-06-16,00-04,3988681,1027754,4,41,1
2023-06-16,00+,84358845,38438177,319,2236,2.7
2023-06-16,05-14,7940296,4497040,5,18,0.2
2023-06-16,15-34,19059537,11178464,48,256,1.3
2023-06-16,35-59,28508100,14962262,70,560,2
2023-06-16,60-79,18749279,5107785,114,732,3.9
2023-06-16,80+,6112952,1633628,78,627,10.3
2023-06-17,00-04,3988681,1027758,4,33,0.8
2023-06-17,00+,84358845,38438420,243,2069,2.5
2023-06-17,05-14,7940296,4497041,1,19,0.2
2023-06-17,15-34,19059537,11178492,28,237,1.2
2023-06-17,35-59,28508100,14962322,60,513,1.8
2023-06-17,60-79,18749279,5107866,81,675,3.6
2023-06-17,80+,6112952,1633696,68,590,9.7
2023-06-18,00-04,3988681,1027758,0,33,0.8
2023-06-18,00+,84358845,38438445,25,2055,2.4
2023-06-18,05-14,7940296,4497041,0,19,0.2
2023-06-18,15-34,19059537,11178495,3,237,1.2
2023-06-18,35-59,28508100,14962326,4,512,1.8
2023-06-18,60-79,18749279,5107872,6,667,3.6
2023-06-18,80+,6112952,1633708,12,585,9.6
2023-06-19,00-04,3988681,1027758,0,31,0.8
2023-06-19,00+,84358845,38438461,16,2022,2.4
2023-06-19,05-14,7940296,4497041,0,19,0.2
2023-06-19,15-34,19059537,11178496,1,232,1.2
2023-06-19,35-59,28508100,14962328,2,507,1.8
2023-06-19,60-79,18749279,5107877,5,655,3.5
2023-06-19,80+,6112952,1633716,8,576,9.4
2023-06-20,00-04,3988681,1027766,8,27,0.7
2023-06-20,00+,84358845,38438944,483,1893,2.2
2023-06-20,05-14,7940296,4497048,7,19,0.2
2023-06-20,15-34,19059537,11178560,64,236,1.2
2023-06-20,35-59,28508100,14962434,106,494,1.7
2023-06-20,60-79,18749279,5108041,164,608,3.2
2023-06-20,80+,6112952,1633848,132,505,8.3
2023-06-21,00-04,3988681,1027774,8,29,0.7
2023-06-21,00+,84358845,38439271,327,1770,2.1
2023-06-21,05-14,7940296,4497054,6,20,0.3
2023-06-21,15-34,19059537,11178622,62,246,1.3
2023-06-21,35-59,28508100,14962521,87,442,1.6
2023-06-21,60-79,18749279,5108146,105,582,3.1
2023-06-21,80+,6112952,1633907,59,447,7.3
2023-06-22,00-04,3988681,1027782,8,32,0.8
2023-06-22,00+,84358845,38439531,260,1673,2
2023-06-22,05-14,7940296,4497057,3,22,0.3
2023-06-22,15-34,19059537,11178655,33,239,1.3
2023-06-22,35-59,28508100,14962589,68,397,1.4
2023-06-22,60-79,18749279,5108230,84,559,3
2023-06-22,80+,6112952,1633971,64,421,6.9
2023-06-23,00-04,3988681,1027788,6,34,0.9
2023-06-23,00+,84358845,38439788,257,1611,1.9
2023-06-23,05-14,7940296,4497061,4,21,0.3
2023-06-23,15-34,19059537,11178701,46,237,1.2
2023-06-23,35-59,28508100,14962658,69,396,1.4
2023-06-23,60-79,18749279,5108304,74,519,2.8
2023-06-23,80+,6112952,1634029,58,401,6.6
2023-06-24,00-04,3988681,1027794,6,36,0.9
2023-06-24,00+,84358845,38439956,168,1536,1.8
2023-06-24,05-14,7940296,4497063,2,22,0.3
2023-06-24,15-34,19059537,11178730,29,238,1.2
2023-06-24,35-59,28508100,14962702,44,380,1.3
2023-06-24,60-79,18749279,5108359,55,493,2.6
2023-06-24,80+,6112952,1634061,32,365,6
2023-06-25,00-04,3988681,1027798,4,40,1
2023-06-25,00+,84358845,38439978,22,1533,1.8
2023-06-25,05-14,7940296,4497064,1,23,0.3
2023-06-25,15-34,19059537,11178732,2,237,1.2
2023-06-25,35-59,28508100,14962704,2,378,1.3
2023-06-25,60-79,18749279,5108366,7,494,2.6
2023-06-25,80+,6112952,1634067,6,359,5.9
2023-06-26,00-04,3988681,1027798,0,40,1
2023-06-26,00+,84358845,38439997,19,1536,1.8
2023-06-26,05-14,7940296,4497064,0,23,0.3
2023-06-26,15-34,19059537,11178734,2,238,1.2
2023-06-26,35-59,28508100,14962706,2,378,1.3
2023-06-26,60-79,18749279,5108370,4,493,2.6
2023-06-26,80+,6112952,1634078,11,362,5.9
2023-06-27,00-04,3988681,1027810,12,44,1.1
2023-06-27,00+,84358845,38440282,285,1338,1.6
2023-06-27,05-14,7940296,4497065,1,17,0.2
2023-06-27,15-34,19059537,11178769,35,209,1.1
2023-06-27,35-59,28508100,14962775,69,341,1.2
2023-06-27,60-79,18749279,5108462,92,421,2.2
2023-06-27,80+,6112952,1634153,75,305,5
2023-06-28,00-04,3988681,1027816,6,42,1.1
2023-06-28,00+,84358845,38440508,226,1237,1.5
2023-06-28,05-14,7940296,4497069,4,15,0.2
2023-06-28,15-34,19059537,11178813,44,191,1
2023-06-28,35-59,28508100,14962833,58,312,1.1
2023-06-28,60-79,18749279,5108522,60,376,2
2023-06-28,80+,6112952,1634207,54,300,4.9
2023-06-29,00-04,3988681,1027822,6,40,1
2023-06-29,00+,84358845,38440731,223,1200,1.4
2023-06-29,05-14,7940296,4497070,1,13,0.2
2023-06-29,15-34,19059537,11178844,31,189,1
2023-06-29,35-59,28508100,14962903,70,314,1.1
2023-06-29,60-79,18749279,5108586,64,356,1.9
2023-06-29,80+,6112952,1634258,51,287,4.7
2023-06-30,00-04,3988681,1027826,4,38,1
2023-06-30,00+,84358845,38440910,179,1122,1.3
2023-06-30,05-14,7940296,4497071,1,10,0.1
2023-06-30,15-34,19059537,11178874,30,173,0.9
2023-06-30,35-59,28508100,14962950,47,292,1
2023-06-30,60-79,18749279,5108639,53,335,1.8
2023-06-30,80+,6112952,1634302,44,273,4.5
2023-07-01,00-04,3988681,1027830,4,36,0.9
2023-07-01,00+,84358845,38441089,179,1133,1.3
2023-07-01,05-14,7940296,4497072,1,9,0.1
2023-07-01,15-34,19059537,11178898,24,168,0.9
2023-07-01,35-59,28508100,14963000,50,298,1
2023-07-01,60-79,18749279,5108699,60,340,1.8
2023-07-01,80+,6112952,1634342,40,281,4.6
2023-07-02,00-04,3988681,1027830,0,32,0.8
2023-07-02,00+,84358845,38441111,22,1133,1.3
2023-07-02,05-14,7940296,4497072,0,8,0.1
2023-07-02,15-34,19059537,11178907,9,175,0.9
2023-07-02,35-59,28508100,14963005,5,301,1.1
2023-07-02,60-79,18749279,5108705,6,339,1.8
2023-07-02,80+,6112952,1634344,2,277,4.5
2023-07-03,00-04,3988681,1027832,2,34,0.9
2023-07-03,00+,84358845,38441120,9,1123,1.3
2023-07-03,05-14,7940296,4497072,0,8,0.1
2023-07-03,15-34,19059537,11178907,0,173,0.9
2023-07-03,35-59,28508100,14963006,1,300,1.1
2023-07-03,60-79,18749279,5108709,4,339,1.8
2023-07-03,80+,6112952,1634346,2,268,4.4
2023-07-04,00-04,3988681,1027843,11,33,0.8
2023-07-04,00+,84358845,38441409,289,1127,1.3
2023-07-04,05-14,7940296,4497078,6,13,0.2
2023-07-04,15-34,19059537,11178971,64,202,1.1
2023-07-04,35-59,28508100,14963064,58,289,1
2023-07-04,60-79,18749279,5108800,91,338,1.8
2023-07-04,80+,6112952,1634405,59,252,4.1
2023-07-05,00-04,3988681,1027847,4,31,0.8
2023-07-05,00+,84358845,38441622,213,1114,1.3
2023-07-05,05-14,7940296,4497081,3,12,0.2
2023-07-05,15-34,19059537,11179015,44,202,1.1
2023-07-05,35-59,28508100,14963125,61,292,1
2023-07-05,60-79,18749279,5108860,60,338,1.8
2023-07-05,80+,6112952,1634446,41,239,3.9
2023-07-06,00-04,3988681,1027849,2,27,0.7
2023-07-06,00+,84358845,38441815,193,1084,1.3
2023-07-06,05-14,7940296,4497082,1,12,0.2
2023-07-06,15-34,19059537,11179056,41,212,1.1
2023-07-06,35-59,28508100,14963167,42,264,0.9
2023-07-06,60-79,18749279,5108920,60,334,1.8
2023-07-06,80+,6112952,1634493,47,235,3.8
2023-07-07,00-04,3988681,1027855,6,29,0.7
2023-07-07,00+,84358845,38441982,167,1072,1.3
2023-07-07,05-14,7940296,4497084,2,13,0.2
2023-07-07,15-34,19059537,11179080,24,206,1.1
2023-07-07,35-59,28508100,14963219,52,269,0.9
2023-07-07,60-79,18749279,5108970,50,331,1.8
2023-07-07,80+,6112952,1634526,33,224,3.7
2023-07-08,00-04,3988681,1027861,6,31,0.8
2023-07-08,00+,84358845,38442129,147,1040,1.2
2023-07-08,05-14,7940296,4497085,1,13,0.2
2023-07-08,15-34,19059537,11179104,24,206,1.1
2023-07-08,35-59,28508100,14963265,46,265,0.9
2023-07-08,60-79,18749279,5109012,42,313,1.7
2023-07-08,80+,6112952,1634554,28,212,3.5
2023-07-09,00-04,3988681,1027862,1,32,0.8
2023-07-09,00+,84358845,38442148,19,1037,1.2
2023-07-09,05-14,7940296,4497085,0,13,0.2
2023-07-09,15-34,19059537,11179109,5,202,1.1
2023-07-09,35-59,28508100,14963266,1,261,0.9
2023-07-09,60-79,18749279,5109017,5,312,1.7
2023-07-09,80+,6112952,1634561,7,217,3.5
2023-07-10,00-04,3988681,1027863,1,31,0.8
2023-07-10,00+,84358845,38442155,7,1035,1.2
2023-07-10,05-14,7940296,4497085,0,13,0.2
2023-07-10,15-34,19059537,11179109,0,202,1.1
2023-07-10,35-59,28508100,14963267,1,261,0.9
2023-07-10,60-79,18749279,5109019,2,310,1.7
2023-07-10,80+,6112952,1634564,3,218,3.6
2023-07-11,00-04,3988681,1027876,13,33,0.8
2023-07-11,00+,84358845,38442453,298,1044,1.2
2023-07-11,05-14,7940296,4497090,5,12,0.2
2023-07-11,15-34,19059537,11179153,44,182,1
2023-07-11,35-59,28508100,14963339,72,275,1
2023-07-11,60-79,18749279,5109111,92,311,1.7
2023-07-11,80+,6112952,1634636,72,231,3.8
2023-07-12,00-04,3988681,1027889,13,42,1.1
2023-07-12,00+,84358845,38442708,255,1086,1.3
2023-07-12,05-14,7940296,4497090,0,9,0.1
2023-07-12,15-34,19059537,11179203,50,188,1
2023-07-12,35-59,28508100,14963415,76,290,1
2023-07-12,60-79,18749279,5109173,62,313,1.7
2023-07-12,80+,6112952,1634690,54,244,4
2023-07-13,00-04,3988681,1027895,6,46,1.2
2023-07-13,00+,84358845,38442934,226,1119,1.3
2023-07-13,05-14,7940296,4497096,6,14,0.2
2023-07-13,15-34,19059537,11179249,46,193,1
2023-07-13,35-59,28508100,14963474,59,307,1.1
2023-07-13,60-79,18749279,5109228,55,308,1.6
2023-07-13,80+,6112952,1634744,54,251,4.1
2023-07-14,00-04,3988681,1027904,9,49,1.2
2023-07-14,00+,84358845,38443167,233,1185,1.4
2023-07-14,05-14,7940296,4497097,1,13,0.2
2023-07-14,15-34,19059537,11179300,51,220,1.2
2023-07-14,35-59,28508100,14963545,71,326,1.1
2023-07-14,60-79,18749279,5109288,60,318,1.7
2023-07-14,80+,6112952,1634785,41,259,4.2
2023-07-15,00-04,3988681,1027910,6,49,1.2
2023-07-15,00+,84358845,38443369,202,1240,1.5
2023-07-15,05-14,7940296,4497099,2,14,0.2
2023-07-15,15-34,19059537,11179342,42,238,1.2
2023-07-15,35-59,28508100,14963594,49,329,1.2
2023-07-15,60-79,18749279,5109356,68,344,1.8
2023-07-15,80+,6112952,1634820,35,266,4.4
2023-07-16,00-04,3988681,1027910,0,48,1.2
2023-07-16,00+,84358845,38443396,27,1248,1.5
2023-07-16,05-14,7940296,4497099,0,14,0.2
2023-07-16,15-34,19059537,11179347,5,238,1.2
2023-07-16,35-59,28508100,14963600,6,334,1.2
2023-07-16,60-79,18749279,5109366,10,349,1.9
2023-07-16,80+,6112952,1634826,6,265,4.3
2023-07-17,00-04,3988681,1027910,0,47,1.2
2023-07-17,00+,84358845,38443406,10,1251,1.5
2023-07-17,05-14,7940296,4497099,0,14,0.2
2023-07-17,15-34,19059537,11179348,1,239,1.3
2023-07-17,35-59,28508100,14963601,1,334,1.2
2023-07-17,60-79,18749279,5109371,5,352,1.9
2023-07-17,80+,6112952,1634829,3,265,4.3
2023-07-18,00-04,3988681,1027929,19,53,1.3
2023-07-18,00+,84358845,38443723,317,1270,1.5
2023-07-18,05-14,7940296,4497103,4,13,0.2
2023-07-18,15-34,19059537,11179382,34,229,1.2
2023-07-18,35-59,28508100,14963677,76,338,1.2
2023-07-18,60-79,18749279,5109472,101,361,1.9
2023-07-18,80+,6112952,1634912,83,276,4.5
2023-07-19,00-04,3988681,1027933,4,44,1.1
2023-07-19,00+,84358845,38443942,219,1234,1.5
2023-07-19,05-14,7940296,4497107,4,17,0.2
2023-07-19,15-34,19059537,11179424,42,221,1.2
2023-07-19,35-59,28508100,14963742,65,327,1.1
2023-07-19,60-79,18749279,5109533,61,360,1.9
2023-07-19,80+,6112952,1634955,43,265,4.3
2023-07-20,00-04,3988681,1027941,8,46,1.2
2023-07-20,00+,84358845,38444192,250,1258,1.5
2023-07-20,05-14,7940296,4497108,1,12,0.2
2023-07-20,15-34,19059537,11179468,44,219,1.1
2023-07-20,35-59,28508100,14963818,76,344,1.2
2023-07-20,60-79,18749279,5109606,73,378,2
2023-07-20,80+,6112952,1635003,48,259,4.2
2023-07-21,00-04,3988681,1027947,6,43,1.1
2023-07-21,00+,84358845,38444426,234,1259,1.5
2023-07-21,05-14,7940296,4497111,3,14,0.2
2023-07-21,15-34,19059537,11179516,48,216,1.1
2023-07-21,35-59,28508100,14963874,56,329,1.2
2023-07-21,60-79,18749279,5109672,66,384,2
2023-07-21,80+,6112952,1635058,55,273,4.5
2023-07-22,00-04,3988681,1027958,11,48,1.2
2023-07-22,00+,84358845,38444631,205,1262,1.5
2023-07-22,05-14,7940296,4497114,3,15,0.2
2023-07-22,15-34,19059537,11179551,35,209,1.1
2023-07-22,35-59,28508100,14963924,50,330,1.2
2023-07-22,60-79,18749279,5109738,66,382,2
2023-07-22,80+,6112952,1635097,39,277,4.5
2023-07-23,00-04,3988681,1027959,1,49,1.2
2023-07-23,00+,84358845,38444659,28,1263,1.5
2023-07-23,05-14,7940296,4497114,0,15,0.2
2023-07-23,15-34,19059537,11179554,3,207,1.1
2023-07-23,35-59,28508100,14963928,4,328,1.2
2023-07-23,60-79,18749279,5109747,9,381,2
2023-07-23,80+,6112952,1635108,11,282,4.6
2023-07-24,00-04,3988681,1027960,1,50,1.3
2023-07-24,00+,84358845,38444677,18,1271,1.5
2023-07-24,05-14,7940296,4497114,0,15,0.2
2023-07-24,15-34,19059537,11179558,4,210,1.1
2023-07-24,35-59,28508100,14963934,6,333,1.2
2023-07-24,60-79,18749279,5109752,5,381,2
2023-07-24,80+,6112952,1635110,2,281,4.6
2023-07-25,00-04,3988681,1027980,20,51,1.3
2023-07-25,00+,84358845,38445064,387,1341,1.6
2023-07-25,05-14,7940296,4497115,1,12,0.2
2023-07-25,15-34,19059537,11179614,56,232,1.2
2023-07-25,35-59,28508100,14964021,87,344,1.2
2023-07-25,60-79,18749279,5109867,115,395,2.1
2023-07-25,80+,6112952,1635218,108,306,5
2023-07-26,00-04,3988681,1027985,5,52,1.3
2023-07-26,00+,84358845,38445394,330,1452,1.7
2023-07-26,05-14,7940296,4497115,0,8,0.1
2023-07-26,15-34,19059537,11179673,59,249,1.3
2023-07-26,35-59,28508100,14964112,91,370,1.3
2023-07-26,60-79,18749279,5109955,88,422,2.3
2023-07-26,80+,6112952,1635305,87,350,5.7
2023-07-27,00-04,3988681,1028003,18,62,1.6
2023-07-27,00+,84358845,38445762,368,1570,1.9
2023-07-27,05-14,7940296,4497116,1,8,0.1
2023-07-27,15-34,19059537,11179720,47,252,1.3
2023-07-27,35-59,28508100,14964211,99,393,1.4
2023-07-27,60-79,18749279,5110068,113,462,2.5
2023-07-27,80+,6112952,1635394,89,391,6.4
2023-07-28,00-04,3988681,1028009,6,62,1.6
2023-07-28,00+,84358845,38446182,420,1756,2.1
2023-07-28,05-14,7940296,4497120,4,9,0.1
2023-07-28,15-34,19059537,11179794,74,278,1.5
2023-07-28,35-59,28508100,14964336,125,462,1.6
2023-07-28,60-79,18749279,5110176,108,504,2.7
2023-07-28,80+,6112952,1635497,103,439,7.2
2023-07-29,00-04,3988681,1028013,4,55,1.4
2023-07-29,00+,84358845,38446446,264,1815,2.2
2023-07-29,05-14,7940296,4497122,2,8,0.1
2023-07-29,15-34,19059537,11179843,49,292,1.5
2023-07-29,35-59,28508100,14964410,74,486,1.7
2023-07-29,60-79,18749279,5110259,83,521,2.8
2023-07-29,80+,6112952,1635549,52,452,7.4
2023-07-30,00-04,3988681,1028014,1,55,1.4
2023-07-30,00+,84358845,38446484,38,1825,2.2
2023-07-30,05-14,7940296,4497122,0,8,0.1
2023-07-30,15-34,19059537,11179848,5,294,1.5
2023-07-30,35-59,28508100,14964422,12,494,1.7
2023-07-30,60-79,18749279,5110269,10,522,2.8
2023-07-30,80+,6112952,1635559,10,451,7.4
2023-07-31,00-04,3988681,1028016,2,56,1.4
2023-07-31,00+,84358845,38446518,34,1841,2.2
2023-07-31,05-14,7940296,4497122,0,8,0.1
2023-07-31,15-34,19059537,11179853,5,295,1.5
2023-07-31,35-59,28508100,14964430,8,496,1.7
2023-07-31,60-79,18749279,5110277,8,525,2.8
2023-07-31,80+,6112952,1635570,11,460,7.5
2023-08-01,00-04,3988681,1028042,26,62,1.6
2023-08-01,00+,84358845,38447029,511,1965,2.3
2023-08-01,05-14,7940296,4497126,4,11,0.1
2023-08-01,15-34,19059537,11179926,73,312,1.6
2023-08-01,35-59,28508100,14964545,115,524,1.8
2023-08-01,60-79,18749279,5110439,162,572,3.1
2023-08-01,80+,6112952,1635700,130,482,7.9
2023-08-02,00-04,3988681,1028053,11,68,1.7
2023-08-02,00+,84358845,38447466,437,2072,2.5
2023-08-02,05-14,7940296,4497127,1,12,0.2
2023-08-02,15-34,19059537,11180004,78,331,1.7
2023-08-02,35-59,28508100,14964669,124,557,2
2023-08-02,60-79,18749279,5110566,127,611,3.3
2023-08-02,80+,6112952,1635796,96,491,8
2023-08-03,00-04,3988681,1028059,6,56,1.4
2023-08-03,00+,84358845,38447858,392,2096,2.5
2023-08-03,05-14,7940296,4497133,6,17,0.2
2023-08-03,15-34,19059537,11180081,77,361,1.9
2023-08-03,35-59,28508100,14964782,113,571,2
2023-08-03,60-79,18749279,5110676,110,608,3.2
2023-08-03,80+,6112952,1635876,80,482,7.9
2023-08-04,00-04,3988681,1028063,4,54,1.4
2023-08-04,00+,84358845,38448180,322,1998,2.4
2023-08-04,05-14,7940296,4497134,1,14,0.2
2023-08-04,15-34,19059537,11180136,55,342,1.8
2023-08-04,35-59,28508100,14964889,107,553,1.9
2023-08-04,60-79,18749279,5110770,94,594,3.2
2023-08-04,80+,6112952,1635937,61,440,7.2
2023-08-05,00-04,3988681,1028074,11,61,1.5
2023-08-05,00+,84358845,38448499,319,2053,2.4
2023-08-05,05-14,7940296,4497137,3,15,0.2
2023-08-05,15-34,19059537,11180191,55,348,1.8
2023-08-05,35-59,28508100,14964972,83,562,2
2023-08-05,60-79,18749279,5110872,102,613,3.3
2023-08-05,80+,6112952,1636002,65,453,7.4
2023-08-06,00-04,3988681,1028074,0,60,1.5
2023-08-06,00+,84358845,38448545,46,2061,2.4
2023-08-06,05-14,7940296,4497137,0,15,0.2
2023-08-06,15-34,19059537,11180200,9,352,1.8
2023-08-06,35-59,28508100,14964987,15,565,2
2023-08-06,60-79,18749279,5110884,12,615,3.3
2023-08-06,80+,6112952,1636012,10,453,7.4
2023-08-07,00-04,3988681,1028075,1,59,1.5
2023-08-07,00+,84358845,38448585,40,2067,2.5
2023-08-07,05-14,7940296,4497138,1,16,0.2
2023-08-07,15-34,19059537,11180207,7,354,1.9
2023-08-07,35-59,28508100,14964997,10,567,2
2023-08-07,60-79,18749279,5110893,9,616,3.3
2023-08-07,80+,6112952,1636024,12,454,7.4
2023-08-08,00-04,3988681,1028097,22,55,1.4
2023-08-08,00+,84358845,38449167,582,2138,2.5
2023-08-08,05-14,7940296,4497144,6,18,0.2
2023-08-08,15-34,19059537,11180284,77,358,1.9
2023-08-08,35-59,28508100,14965132,135,587,2.1
2023-08-08,60-79,18749279,5111073,180,634,3.4
2023-08-08,80+,6112952,1636186,162,486,8
2023-08-09,00-04,3988681,1028112,15,59,1.5
2023-08-09,00+,84358845,38449691,524,2225,2.6
2023-08-09,05-14,7940296,4497146,2,19,0.2
2023-08-09,15-34,19059537,11180384,100,380,2
2023-08-09,35-59,28508100,14965266,134,597,2.1
2023-08-09,60-79,18749279,5111214,141,648,3.5
2023-08-09,80+,6112952,1636317,131,521,8.5
2023-08-10,00-04,3988681,1028124,12,65,1.6
2023-08-10,00+,84358845,38450131,440,2273,2.7
2023-08-10,05-14,7940296,4497149,3,16,0.2
2023-08-10,15-34,19059537,11180451,67,370,1.9
2023-08-10,35-59,28508100,14965394,128,612,2.1
2023-08-10,60-79,18749279,5111338,124,662,3.5
2023-08-10,80+,6112952,1636422,105,546,8.9
2023-08-11,00-04,3988681,1028146,22,83,2.1
2023-08-11,00+,84358845,38450638,507,2458,2.9
2023-08-11,05-14,7940296,4497155,6,21,0.3
2023-08-11,15-34,19059537,11180538,87,402,2.1
2023-08-11,35-59,28508100,14965540,146,651,2.3
2023-08-11,60-79,18749279,5111471,133,701,3.7
2023-08-11,80+,6112952,1636535,113,598,9.8
2023-08-12,00-04,3988681,1028162,16,88,2.2
2023-08-12,00+,84358845,38451065,427,2566,3
2023-08-12,05-14,7940296,4497158,3,21,0.3
2023-08-12,15-34,19059537,11180600,62,409,2.1
2023-08-12,35-59,28508100,14965658,118,686,2.4
2023-08-12,60-79,18749279,5111586,115,714,3.8
2023-08-12,80+,6112952,1636648,113,646,10.6
2023-08-13,00-04,3988681,1028166,4,92,2.3
2023-08-13,00+,84358845,38451143,78,2598,3.1
2023-08-13,05-14,7940296,4497159,1,22,0.3
2023-08-13,15-34,19059537,11180611,11,411,2.2
2023-08-13,35-59,28508100,14965682,24,695,2.4
2023-08-13,60-79,18749279,5111606,20,722,3.9
2023-08-13,80+,6112952,1636666,18,654,10.7
2023-08-14,00-04,3988681,1028170,4,95,2.4
2023-08-14,00+,84358845,38451187,44,2602,3.1
2023-08-14,05-14,7940296,4497160,1,22,0.3
2023-08-14,15-34,19059537,11180616,5,409,2.1
2023-08-14,35-59,28508100,14965689,7,692,2.4
2023-08-14,60-79,18749279,5111616,10,723,3.9
2023-08-14,80+,6112952,1636683,17,659,10.8
2023-08-15,00-04,3988681,1028213,43,116,2.9
2023-08-15,00+,84358845,38452156,969,2989,3.5
2023-08-15,05-14,7940296,4497168,8,24,0.3
2023-08-15,15-34,19059537,11180739,123,455,2.4
2023-08-15,35-59,28508100,14965921,232,789,2.8
2023-08-15,60-79,18749279,5111891,275,818,4.4
2023-08-15,80+,6112952,1636971,288,785,12.8
2023-08-16,00-04,3988681,1028240,27,128,3.2
2023-08-16,00+,84358845,38452920,764,3229,3.8
2023-08-16,05-14,7940296,4497175,7,29,0.4
2023-08-16,15-34,19059537,11180852,113,468,2.5
2023-08-16,35-59,28508100,14966148,227,882,3.1
2023-08-16,60-79,18749279,5112113,222,899,4.8
2023-08-16,80+,6112952,1637139,168,822,13.4
2023-08-17,00-04,3988681,1028262,22,138,3.5
2023-08-17,00+,84358845,38453754,834,3623,4.3
2023-08-17,05-14,7940296,4497194,19,45,0.6
2023-08-17,15-34,19059537,11180979,127,528,2.8
2023-08-17,35-59,28508100,14966373,225,979,3.4
2023-08-17,60-79,18749279,5112361,248,1023,5.5
2023-08-17,80+,6112952,1637332,193,910,14.9
2023-08-18,00-04,3988681,1028292,30,146,3.7
2023-08-18,00+,84358845,38454598,844,3960,4.7
2023-08-18,05-14,7940296,4497206,12,51,0.6
2023-08-18,15-34,19059537,11181114,135,576,3
2023-08-18,35-59,28508100,14966606,233,1066,3.7
2023-08-18,60-79,18749279,5112595,234,1124,6
2023-08-18,80+,6112952,1637531,199,996,16.3
2023-08-19,00-04,3988681,1028308,16,146,3.7
2023-08-19,00+,84358845,38455325,727,4260,5
2023-08-19,05-14,7940296,4497214,8,56,0.7
2023-08-19,15-34,19059537,11181250,136,650,3.4
2023-08-19,35-59,28508100,14966808,202,1150,4
2023-08-19,60-79,18749279,5112790,195,1204,6.4
2023-08-19,80+,6112952,1637701,170,1053,17.2
2023-08-20,00-04,3988681,1028316,8,150,3.8
2023-08-20,00+,84358845,38455429,104,4286,5.1
2023-08-20,05-14,7940296,4497214,0,55,0.7
2023-08-20,15-34,19059537,11181266,16,655,3.4
2023-08-20,35-59,28508100,14966832,24,1150,4
2023-08-20,60-79,18749279,5112818,28,1212,6.5
2023-08-20,80+,6112952,1637729,28,1063,17.4
2023-08-21,00-04,3988681,1028319,3,149,3.7
2023-08-21,00+,84358845,38455487,58,4300,5.1
2023-08-21,05-14,7940296,4497215,1,55,0.7
2023-08-21,15-34,19059537,11181272,6,656,3.4
2023-08-21,35-59,28508100,14966844,12,1155,4.1
2023-08-21,60-79,18749279,5112835,17,1219,6.5
2023-08-21,80+,6112952,1637748,19,1065,17.4
2023-08-22,00-04,3988681,1028371,52,158,4
2023-08-22,00+,84358845,38456705,1218,4549,5.4
2023-08-22,05-14,7940296,4497231,16,63,0.8
2023-08-22,15-34,19059537,11181455,183,716,3.8
2023-08-22,35-59,28508100,14967137,293,1216,4.3
2023-08-22,60-79,18749279,5113180,345,1289,6.9
2023-08-22,80+,6112952,1638077,329,1106,18.1
2023-08-23,00-04,3988681,1028409,38,169,4.2
2023-08-23,00+,84358845,38457815,1110,4895,5.8
2023-08-23,05-14,7940296,4497242,11,67,0.8
2023-08-23,15-34,19059537,11181630,175,778,4.1
2023-08-23,35-59,28508100,14967449,312,1301,4.6
2023-08-23,60-79,18749279,5113488,308,1375,7.3
2023-08-23,80+,6112952,1638341,264,1202,19.7
2023-08-24,00-04,3988681,1028439,30,177,4.4
2023-08-24,00+,84358845,38458712,897,4958,5.9
2023-08-24,05-14,7940296,4497255,13,61,0.8
2023-08-24,15-34,19059537,11181793,163,814,4.3
2023-08-24,35-59,28508100,14967700,251,1327,4.7
2023-08-24,60-79,18749279,5113734,246,1373,7.3
2023-08-24,80+,6112952,1638535,194,1203,19.7
2023-08-25,00-04,3988681,1028469,30,177,4.4
2023-08-25,00+,84358845,38459599,887,5001,5.9
2023-08-25,05-14,7940296,4497271,16,65,0.8
2023-08-25,15-34,19059537,11181946,153,832,4.4
2023-08-25,35-59,28508100,14967962,262,1356,4.8
2023-08-25,60-79,18749279,5113956,222,1361,7.3
2023-08-25,80+,6112952,1638739,204,1208,19.8
2023-08-26,00-04,3988681,1028502,33,194,4.9
2023-08-26,00+,84358845,38460365,766,5040,6
2023-08-26,05-14,7940296,4497285,14,71,0.9
2023-08-26,15-34,19059537,11182067,121,817,4.3
2023-08-26,35-59,28508100,14968167,205,1359,4.8
2023-08-26,60-79,18749279,5114171,215,1381,7.4
2023-08-26,80+,6112952,1638916,177,1215,19.9
2023-08-27,00-04,3988681,1028507,5,191,4.8
2023-08-27,00+,84358845,38460506,141,5077,6
2023-08-27,05-14,7940296,4497287,2,73,0.9
2023-08-27,15-34,19059537,11182097,30,831,4.4
2023-08-27,35-59,28508100,14968207,40,1375,4.8
2023-08-27,60-79,18749279,5114209,38,1391,7.4
2023-08-27,80+,6112952,1638942,26,1213,19.8
2023-08-28,00-04,3988681,1028509,2,190,4.8
2023-08-28,00+,84358845,38460551,45,5064,6
2023-08-28,05-14,7940296,4497288,1,73,0.9
2023-08-28,15-34,19059537,11182102,5,830,4.4
2023-08-28,35-59,28508100,14968213,6,1369,4.8
2023-08-28,60-79,18749279,5114218,9,1383,7.4
2023-08-28,80+,6112952,1638964,22,1216,19.9
2023-08-29,00-04,3988681,1028564,55,193,4.8
2023-08-29,00+,84358845,38461860,1309,5155,6.1
2023-08-29,05-14,7940296,4497305,17,74,0.9
2023-08-29,15-34,19059537,11182290,188,835,4.4
2023-08-29,35-59,28508100,14968534,321,1397,4.9
2023-08-29,60-79,18749279,5114570,352,1390,7.4
2023-08-29,80+,6112952,1639339,375,1262,20.6
2023-08-30,00-04,3988681,1028594,30,185,4.6
2023-08-30,00+,84358845,38462931,1071,5116,6.1
2023-08-30,05-14,7940296,4497320,15,78,1
2023-08-30,15-34,19059537,11182475,185,845,4.4
2023-08-30,35-59,28508100,14968836,302,1387,4.9
2023-08-30,60-79,18749279,5114883,313,1395,7.4
2023-08-30,80+,6112952,1639564,225,1223,20
2023-08-31,00-04,3988681,1028628,34,189,4.7
2023-08-31,00+,84358845,38464001,1070,5289,6.3
2023-08-31,05-14,7940296,4497334,14,79,1
2023-08-31,15-34,19059537,11182710,235,917,4.8
2023-08-31,35-59,28508100,14969135,299,1435,5
2023-08-31,60-79,18749279,5115164,281,1430,7.6
2023-08-31,80+,6112952,1639771,207,1236,20.2
2023-09-01,00-04,3988681,1028647,19,178,4.5
2023-09-01,00+,84358845,38464985,984,5386,6.4
2023-09-01,05-14,7940296,4497355,21,84,1.1
2023-09-01,15-34,19059537,11182891,181,945,5
2023-09-01,35-59,28508100,14969430,295,1468,5.1
2023-09-01,60-79,18749279,5115411,247,1455,7.8
2023-09-01,80+,6112952,1639991,220,1252,20.5
2023-09-02,00-04,3988681,1028670,23,168,4.2
2023-09-02,00+,84358845,38465788,803,5423,6.4
2023-09-02,05-14,7940296,4497361,6,76,1
2023-09-02,15-34,19059537,11183022,131,955,5
2023-09-02,35-59,28508100,14969625,195,1458,5.1
2023-09-02,60-79,18749279,5115675,264,1504,8
2023-09-02,80+,6112952,1640174,183,1258,20.6
2023-09-03,00-04,3988681,1028673,3,166,4.2
2023-09-03,00+,84358845,38465899,111,5393,6.4
2023-09-03,05-14,7940296,4497366,5,79,1
2023-09-03,15-34,19059537,11183043,21,946,5
2023-09-03,35-59,28508100,14969649,24,1442,5.1
2023-09-03,60-79,18749279,5115698,23,1489,7.9
2023-09-03,80+,6112952,1640209,35,1267,20.7
2023-09-04,00-04,3988681,1028678,5,169,4.2
2023-09-04,00+,84358845,38465978,79,5427,6.4
2023-09-04,05-14,7940296,4497366,0,78,1
2023-09-04,15-34,19059537,11183046,3,944,5
2023-09-04,35-59,28508100,14969664,15,1451,5.1
2023-09-04,60-79,18749279,5115722,24,1504,8
2023-09-04,80+,6112952,1640241,32,1277,20.9
2023-09-05,00-04,3988681,1028736,58,172,4.3
2023-09-05,00+,84358845,38467441,1463,5581,6.6
2023-09-05,05-14,7940296,4497385,19,80,1
2023-09-05,15-34,19059537,11183273,227,983,5.2
2023-09-05,35-59,28508100,14970023,359,1489,5.2
2023-09-05,60-79,18749279,5116127,405,1557,8.3
2023-09-05,80+,6112952,1640635,394,1296,21.2
2023-09-06,00-04,3988681,1028786,50,192,4.8
2023-09-06,00+,84358845,38469011,1570,6080,7.2
2023-09-06,05-14,7940296,4497413,28,93,1.2
2023-09-06,15-34,19059537,11183513,240,1038,5.4
2023-09-06,35-59,28508100,14970487,464,1651,5.8
2023-09-06,60-79,18749279,5116583,456,1700,9.1
2023-09-06,80+,6112952,1640953,318,1389,22.7
2023-09-07,00-04,3988681,1028829,43,201,5
2023-09-07,00+,84358845,38470380,1369,6379,7.6
2023-09-07,05-14,7940296,4497431,18,97,1.2
2023-09-07,15-34,19059537,11183756,243,1046,5.5
2023-09-07,35-59,28508100,14970909,422,1774,6.2
2023-09-07,60-79,18749279,5116939,356,1775,9.5
2023-09-07,80+,6112952,1641239,286,1468,24
2023-09-08,00-04,3988681,1028873,44,226,5.7
2023-09-08,00+,84358845,38471804,1424,6819,8.1
2023-09-08,05-14,7940296,4497455,24,100,1.3
2023-09-08,15-34,19059537,11184012,256,1121,5.9
2023-09-08,35-59,28508100,14971302,393,1872,6.6
2023-09-08,60-79,18749279,5117324,385,1913,10.2
2023-09-08,80+,6112952,1641561,322,1570,25.7
2023-09-09,00-04,3988681,1028910,37,240,6
2023-09-09,00+,84358845,38472989,1185,7201,8.5
2023-09-09,05-14,7940296,4497480,25,119,1.5
2023-09-09,15-34,19059537,11184207,195,1185,6.2
2023-09-09,35-59,28508100,14971619,317,1994,7
2023-09-09,60-79,18749279,5117634,310,1959,10.4
2023-09-09,80+,6112952,1641861,300,1687,27.6
2023-09-10,00-04,3988681,1028914,4,241,6
2023-09-10,00+,84358845,38473148,159,7249,8.6
2023-09-10,05-14,7940296,4497480,0,114,1.4
2023-09-10,15-34,19059537,11184224,17,1181,6.2
2023-09-10,35-59,28508100,14971675,56,2026,7.1
2023-09-10,60-79,18749279,5117685,51,1987,10.6
2023-09-10,80+,6112952,1641892,31,1683,27.5
2023-09-11,00-04,3988681,1028918,4,240,6
2023-09-11,00+,84358845,38473234,86,7256,8.6
2023-09-11,05-14,7940296,4497481,1,115,1.4
2023-09-11,15-34,19059537,11184232,8,1186,6.2
2023-09-11,35-59,28508100,14971689,14,2025,7.1
2023-09-11,60-79,18749279,5117712,27,1990,10.6
2023-09-11,80+,6112952,1641924,32,1683,27.5
2023-09-12,00-04,3988681,1029022,104,286,7.2
2023-09-12,00+,84358845,38475346,2112,7905,9.4
2023-09-12,05-14,7940296,4497503,22,118,1.5
2023-09-12,15-34,19059537,11184526,294,1253,6.6
2023-09-12,35-59,28508100,14972196,507,2173,7.6
2023-09-12,60-79,18749279,5118304,592,2177,11.6
2023-09-12,80+,6112952,1642516,592,1881,30.8
2023-09-13,00-04,3988681,1029077,55,291,7.3
2023-09-13,00+,84358845,38477091,1745,8080,9.6
2023-09-13,05-14,7940296,4497521,18,108,1.4
2023-09-13,15-34,19059537,11184805,279,1292,6.8
2023-09-13,35-59,28508100,14972708,512,2221,7.8
2023-09-13,60-79,18749279,5118766,462,2183,11.6
2023-09-13,80+,6112952,1642931,415,1978,32.4
2023-09-14,00-04,3988681,1029121,44,292,7.3
2023-09-14,00+,84358845,38478703,1612,8323,9.9
2023-09-14,05-14,7940296,4497554,33,123,1.5
2023-09-14,15-34,19059537,11185110,305,1354,7.1
2023-09-14,35-59,28508100,14973215,507,2306,8.1
2023-09-14,60-79,18749279,5119154,388,2215,11.8
2023-09-14,80+,6112952,1643265,334,2026,33.1
2023-09-15,00-04,3988681,1029172,51,299,7.5
2023-09-15,00+,84358845,38480084,1381,8280,9.8
2023-09-15,05-14,7940296,4497574,20,119,1.5
2023-09-15,15-34,19059537,11185355,245,1343,7
2023-09-15,35-59,28508100,14973634,419,2332,8.2
2023-09-15,60-79,18749279,5119529,375,2205,11.8
2023-09-15,80+,6112952,1643534,269,1973,32.3
2023-09-16,00-04,3988681,1029201,29,291,7.3
2023-09-16,00+,84358845,38481199,1115,8210,9.7
2023-09-16,05-14,7940296,4497589,15,109,1.4
2023-09-16,15-34,19059537,11185526,171,1319,6.9
2023-09-16,35-59,28508100,14973949,315,2330,8.2
2023-09-16,60-79,18749279,5119848,319,2214,11.8
2023-09-16,80+,6112952,1643799,265,1938,31.7
2023-09-17,00-04,3988681,1029210,9,296,7.4
2023-09-17,00+,84358845,38481397,198,8249,9.8
2023-09-17,05-14,7940296,4497593,4,113,1.4
2023-09-17,15-34,19059537,11185546,20,1322,6.9
2023-09-17,35-59,28508100,14974003,54,2328,8.2
2023-09-17,60-79,18749279,5119913,65,2228,11.9
2023-09-17,80+,6112952,1643845,46,1953,31.9
2023-09-18,00-04,3988681,1029212,2,294,7.4
2023-09-18,00+,84358845,38481480,83,8246,9.8
2023-09-18,05-14,7940296,4497594,1,113,1.4
2023-09-18,15-34,19059537,11185553,7,1321,6.9
2023-09-18,35-59,28508100,14974017,14,2328,8.2
2023-09-18,60-79,18749279,5119942,29,2230,11.9
2023-09-18,80+,6112952,1643875,30,1951,31.9
2023-09-19,00-04,3988681,1029288,76,266,6.7
2023-09-19,00+,84358845,38483620,2140,8274,9.8
2023-09-19,05-14,7940296,4497617,23,114,1.4
2023-09-19,15-34,19059537,11185833,280,1307,6.9
2023-09-19,35-59,28508100,14974556,539,2360,8.3
2023-09-19,60-79,18749279,5120597,655,2293,12.2
2023-09-19,80+,6112952,1644440,565,1924,31.5
2023-09-20,00-04,3988681,1029334,46,257,6.4
2023-09-20,00+,84358845,38485300,1680,8209,9.7
2023-09-20,05-14,7940296,4497637,20,116,1.5
2023-09-20,15-34,19059537,11186061,228,1256,6.6
2023-09-20,35-59,28508100,14975050,494,2342,8.2
2023-09-20,60-79,18749279,5121091,494,2325,12.4
2023-09-20,80+,6112952,1644835,395,1904,31.1
2023-09-21,00-04,3988681,1029365,31,244,6.1
2023-09-21,00+,84358845,38486894,1594,8191,9.7
2023-09-21,05-14,7940296,4497672,35,118,1.5
2023-09-21,15-34,19059537,11186327,266,1217,6.4
2023-09-21,35-59,28508100,14975555,505,2340,8.2
2023-09-21,60-79,18749279,5121514,423,2360,12.6
2023-09-21,80+,6112952,1645168,333,1903,31.1
2023-09-22,00-04,3988681,1029418,53,246,6.2
2023-09-22,00+,84358845,38488422,1528,8338,9.9
2023-09-22,05-14,7940296,4497706,34,132,1.7
2023-09-22,15-34,19059537,11186558,231,1203,6.3
2023-09-22,35-59,28508100,14976031,476,2397,8.4
2023-09-22,60-79,18749279,5121921,407,2392,12.8
2023-09-22,80+,6112952,1645495,327,1961,32.1
2023-09-23,00-04,3988681,1029440,22,239,6
2023-09-23,00+,84358845,38489564,1142,8365,9.9
2023-09-23,05-14,7940296,4497720,14,131,1.6
2023-09-23,15-34,19059537,11186735,177,1209,6.3
2023-09-23,35-59,28508100,14976340,309,2391,8.4
2023-09-23,60-79,18749279,5122261,340,2413,12.9
2023-09-23,80+,6112952,1645775,280,1976,32.3
2023-09-24,00-04,3988681,1029446,6,236,5.9
2023-09-24,00+,84358845,38489715,151,8318,9.9
2023-09-24,05-14,7940296,4497722,2,129,1.6
2023-09-24,15-34,19059537,11186755,20,1209,6.3
2023-09-24,35-59,28508100,14976382,42,2379,8.3
2023-09-24,60-79,18749279,5122304,43,2391,12.8
2023-09-24,80+,6112952,1645813,38,1968,32.2
2023-09-25,00-04,3988681,1029453,7,241,6
2023-09-25,00+,84358845,38489783,68,8303,9.8
2023-09-25,05-14,7940296,4497723,1,129,1.6
2023-09-25,15-34,19059537,11186760,5,1207,6.3
2023-09-25,35-59,28508100,14976389,7,2372,8.3
2023-09-25,60-79,18749279,5122325,21,2383,12.7
2023-09-25,80+,6112952,1645840,27,1965,32.1
2023-09-26,00-04,3988681,1029516,63,228,5.7
2023-09-26,00+,84358845,38491879,2096,8259,9.8
2023-09-26,05-14,7940296,4497754,31,137,1.7
2023-09-26,15-34,19059537,11187025,265,1192,6.3
2023-09-26,35-59,28508100,14976876,487,2320,8.1
2023-09-26,60-79,18749279,5122976,651,2379,12.7
2023-09-26,80+,6112952,1646435,595,1995,32.6
2023-09-27,00-04,3988681,1029560,44,226,5.7
2023-09-27,00+,84358845,38493671,1792,8371,9.9
2023-09-27,05-14,7940296,4497773,19,136,1.7
2023-09-27,15-34,19059537,11187300,275,1239,6.5
2023-09-27,35-59,28508100,14977412,536,2362,8.3
2023-09-27,60-79,18749279,5123504,528,2413,12.9
2023-09-27,80+,6112952,1646824,389,1989,32.5
2023-09-28,00-04,3988681,1029601,41,236,5.9
2023-09-28,00+,84358845,38495277,1606,8383,9.9
2023-09-28,05-14,7940296,4497792,19,120,1.5
2023-09-28,15-34,19059537,11187594,294,1267,6.6
2023-09-28,35-59,28508100,14977921,509,2366,8.3
2023-09-28,60-79,18749279,5123899,395,2385,12.7
2023-09-28,80+,6112952,1647171,347,2003,32.8
2023-09-29,00-04,3988681,1029635,34,217,5.4
2023-09-29,00+,84358845,38496935,1658,8513,10.1
2023-09-29,05-14,7940296,4497812,20,106,1.3
2023-09-29,15-34,19059537,11187850,256,1292,6.8
2023-09-29,35-59,28508100,14978427,506,2396,8.4
2023-09-29,60-79,18749279,5124353,454,2432,13
2023-09-29,80+,6112952,1647550,379,2055,33.6
2023-09-30,00-04,3988681,1029691,56,251,6.3
2023-09-30,00+,84358845,38498418,1483,8854,10.5
2023-09-30,05-14,7940296,4497836,24,116,1.5
2023-09-30,15-34,19059537,11188074,224,1339,7
2023-09-30,35-59,28508100,14978842,415,2502,8.8
2023-09-30,60-79,18749279,5124746,393,2485,13.3
2023-09-30,80+,6112952,1647921,371,2146,35.1
2023-10-01,00-04,3988681,1029700,9,254,6.4
2023-10-01,00+,84358845,38498656,238,8941,10.6
2023-10-01,05-14,7940296,4497837,1,115,1.4
2023-10-01,15-34,19059537,11188111,37,1356,7.1
2023-10-01,35-59,28508100,14978911,69,2529,8.9
2023-10-01,60-79,18749279,5124818,72,2514,13.4
2023-10-01,80+,6112952,1647971,50,2158,35.3
2023-10-02,00-04,3988681,1029704,4,251,6.3
2023-10-02,00+,84358845,38498765,109,8982,10.6
2023-10-02,05-14,7940296,4497837,0,114,1.4
2023-10-02,15-34,19059537,11188118,7,1358,7.1
2023-10-02,35-59,28508100,14978928,17,2539,8.9
2023-10-02,60-79,18749279,5124855,37,2530,13.5
2023-10-02,80+,6112952,1648015,44,2175,35.6
2023-10-03,00-04,3988681,1029778,74,262,6.6
2023-10-03,00+,84358845,38501083,2318,9204,10.9
2023-10-03,05-14,7940296,4497855,18,101,1.3
2023-10-03,15-34,19059537,11188383,265,1358,7.1
2023-10-03,35-59,28508100,14979410,482,2534,8.9
2023-10-03,60-79,18749279,5125627,772,2651,14.1
2023-10-03,80+,6112952,1648720,705,2285,37.4
2023-10-04,00-04,3988681,1029785,7,225,5.6
2023-10-04,00+,84358845,38501307,224,7636,9.1
2023-10-04,05-14,7940296,4497856,1,83,1
2023-10-04,15-34,19059537,11188403,20,1103,5.8
2023-10-04,35-59,28508100,14979461,51,2049,7.2
2023-10-04,60-79,18749279,5125708,81,2204,11.8
2023-10-04,80+,6112952,1648784,64,1960,32.1
2023-10-05,00-04,3988681,1029871,86,270,6.8
2023-10-05,00+,84358845,38503931,2624,8654,10.3
2023-10-05,05-14,7940296,4497881,25,89,1.1
2023-10-05,15-34,19059537,11188689,286,1095,5.7
2023-10-05,35-59,28508100,14980061,600,2140,7.5
2023-10-05,60-79,18749279,5126557,849,2658,14.2
2023-10-05,80+,6112952,1649562,778,2391,39.1
2023-10-06,00-04,3988681,1029923,52,288,7.2
2023-10-06,00+,84358845,38506352,2421,9417,11.2
2023-10-06,05-14,7940296,4497901,20,89,1.1
2023-10-06,15-34,19059537,11189090,401,1240,6.5
2023-10-06,35-59,28508100,14980795,734,2368,8.3
2023-10-06,60-79,18749279,5127205,648,2852,15.2
2023-10-06,80+,6112952,1650126,564,2576,42.1
2023-10-07,00-04,3988681,1029973,50,282,7.1
2023-10-07,00+,84358845,38508393,2041,9975,11.8
2023-10-07,05-14,7940296,4497914,13,78,1
2023-10-07,15-34,19059537,11189395,305,1321,6.9
2023-10-07,35-59,28508100,14981435,640,2593,9.1
2023-10-07,60-79,18749279,5127793,588,3047,16.3
2023-10-07,80+,6112952,1650569,443,2648,43.3
2023-10-08,00-04,3988681,1029982,9,282,7.1
2023-10-08,00+,84358845,38508627,234,9971,11.8
2023-10-08,05-14,7940296,4497914,0,77,1
2023-10-08,15-34,19059537,11189424,29,1313,6.9
2023-10-08,35-59,28508100,14981496,61,2585,9.1
2023-10-08,60-79,18749279,5127865,72,3047,16.3
2023-10-08,80+,6112952,1650632,63,2661,43.5
2023-10-09,00-04,3988681,1029991,9,287,7.2
2023-10-09,00+,84358845,38508783,156,10018,11.9
2023-10-09,05-14,7940296,4497914,0,77,1
2023-10-09,15-34,19059537,11189436,12,1318,6.9
2023-10-09,35-59,28508100,14981522,26,2594,9.1
2023-10-09,60-79,18749279,5127918,53,3063,16.3
2023-10-09,80+,6112952,1650688,56,2673,43.7
2023-10-10,00-04,3988681,1030107,116,329,8.2
2023-10-10,00+,84358845,38511963,3180,10880,12.9
2023-10-10,05-14,7940296,4497931,17,76,1
2023-10-10,15-34,19059537,11189814,378,1431,7.5
2023-10-10,35-59,28508100,14982229,707,2819,9.9
2023-10-10,60-79,18749279,5128896,978,3269,17.4
2023-10-10,80+,6112952,1651670,982,2950,48.3
2023-10-11,00-04,3988681,1030171,64,386,9.7
2023-10-11,00+,84358845,38514645,2682,13338,15.8
2023-10-11,05-14,7940296,4497952,21,96,1.2
2023-10-11,15-34,19059537,11190209,395,1806,9.5
2023-10-11,35-59,28508100,14983017,788,3556,12.5
2023-10-11,60-79,18749279,5129648,752,3940,21
2023-10-11,80+,6112952,1652332,662,3548,58
2023-10-12,00-04,3988681,1030235,64,364,9.1
2023-10-12,00+,84358845,38517025,2380,13094,15.5
2023-10-12,05-14,7940296,4497974,22,93,1.2
2023-10-12,15-34,19059537,11190537,328,1848,9.7
2023-10-12,35-59,28508100,14983715,698,3654,12.8
2023-10-12,60-79,18749279,5130316,668,3759,20
2023-10-12,80+,6112952,1652932,600,3370,55.1
2023-10-13,00-04,3988681,1030291,56,368,9.2
2023-10-13,00+,84358845,38519310,2285,12958,15.4
2023-10-13,05-14,7940296,4497991,17,90,1.1
2023-10-13,15-34,19059537,11190883,346,1793,9.4
2023-10-13,35-59,28508100,14984299,584,3504,12.3
2023-10-13,60-79,18749279,5131003,687,3798,20.3
2023-10-13,80+,6112952,1653526,594,3400,55.6
2023-10-14,00-04,3988681,1030338,47,365,9.2
2023-10-14,00+,84358845,38521303,1993,12910,15.3
2023-10-14,05-14,7940296,4498008,17,94,1.2
2023-10-14,15-34,19059537,11191173,290,1778,9.3
2023-10-14,35-59,28508100,14984784,485,3349,11.7
2023-10-14,60-79,18749279,5131583,580,3790,20.2
2023-10-14,80+,6112952,1654098,572,3529,57.7
2023-10-15,00-04,3988681,1030351,13,369,9.3
2023-10-15,00+,84358845,38521597,294,12970,15.4
2023-10-15,05-14,7940296,4498010,2,96,1.2
2023-10-15,15-34,19059537,11191219,46,1795,9.4
2023-10-15,35-59,28508100,14984852,68,3356,11.8
2023-10-15,60-79,18749279,5131676,93,3811,20.3
2023-10-15,80+,6112952,1654170,72,3538,57.9
2023-10-16,00-04,3988681,1030354,3,363,9.1
2023-10-16,00+,84358845,38521775,178,12992,15.4
2023-10-16,05-14,7940296,4498010,0,96,1.2
2023-10-16,15-34,19059537,11191233,14,1797,9.4
2023-10-16,35-59,28508100,14984876,24,3354,11.8
2023-10-16,60-79,18749279,5131745,69,3827,20.4
2023-10-16,80+,6112952,1654238,68,3550,58.1
2023-10-17,00-04,3988681,1030457,103,350,8.8
2023-10-17,00+,84358845,38525360,3585,13397,15.9
2023-10-17,05-14,7940296,4498033,23,102,1.3
2023-10-17,15-34,19059537,11191584,351,1770,9.3
2023-10-17,35-59,28508100,14985624,748,3395,11.9
2023-10-17,60-79,18749279,5132903,1158,4007,21.4
2023-10-17,80+,6112952,1655438,1200,3768,61.6
2023-10-18,00-04,3988681,1030516,59,345,8.6
2023-10-18,00+,84358845,38528001,2641,13356,15.8
2023-10-18,05-14,7940296,4498040,7,88,1.1
2023-10-18,15-34,19059537,11191933,349,1724,9
2023-10-18,35-59,28508100,14986373,749,3356,11.8
2023-10-18,60-79,18749279,5133686,783,4038,21.5
2023-10-18,80+,6112952,1656132,694,3800,62.2
2023-10-19,00-04,3988681,1030582,66,347,8.7
2023-10-19,00+,84358845,38530456,2455,13431,15.9
2023-10-19,05-14,7940296,4498057,17,83,1
2023-10-19,15-34,19059537,11192294,361,1757,9.2
2023-10-19,35-59,28508100,14987058,685,3343,11.7
2023-10-19,60-79,18749279,5134392,706,4076,21.7
2023-10-19,80+,6112952,1656752,620,3820,62.5
2023-10-20,00-04,3988681,1030666,84,375,9.4
2023-10-20,00+,84358845,38532868,2412,13558,16.1
2023-10-20,05-14,7940296,4498074,17,83,1
2023-10-20,15-34,19059537,11192606,312,1723,9
2023-10-20,35-59,28508100,14987675,617,3376,11.8
2023-10-20,60-79,18749279,5135067,675,4064,21.7
2023-10-20,80+,6112952,1657458,706,3932,64.3
2023-10-21,00-04,3988681,1030711,45,373,9.4
2023-10-21,00+,84358845,38534924,2056,13621,16.1
2023-10-21,05-14,7940296,4498094,20,86,1.1
2023-10-21,15-34,19059537,11192866,260,1693,8.9
2023-10-21,35-59,28508100,14988156,481,3372,11.8
2023-10-21,60-79,18749279,5135690,623,4107,21.9
2023-10-21,80+,6112952,1658083,625,3985,65.2
2023-10-22,00-04,3988681,1030718,7,367,9.2
2023-10-22,00+,84358845,38535237,313,13640,16.2
2023-10-22,05-14,7940296,4498096,2,86,1.1
2023-10-22,15-34,19059537,11192900,34,1681,8.8
2023-10-22,35-59,28508100,14988228,72,3376,11.8
2023-10-22,60-79,18749279,5135792,102,4116,22
2023-10-22,80+,6112952,1658178,95,4008,65.6
2023-10-23,00-04,3988681,1030728,10,374,9.4
2023-10-23,00+,84358845,38535496,259,13721,16.3
2023-10-23,05-14,7940296,4498100,4,90,1.1
2023-10-23,15-34,19059537,11192917,17,1684,8.8
2023-10-23,35-59,28508100,14988259,31,3383,11.9
2023-10-23,60-79,18749279,5135873,81,4128,22
2023-10-23,80+,6112952,1658294,116,4056,66.4
2023-10-24,00-04,3988681,1030838,110,381,9.6
2023-10-24,00+,84358845,38540003,4507,14643,17.4
2023-10-24,05-14,7940296,4498130,30,97,1.2
2023-10-24,15-34,19059537,11193329,412,1745,9.2
2023-10-24,35-59,28508100,14989071,812,3447,12.1
2023-10-24,60-79,18749279,5137358,1485,4455,23.8
2023-10-24,80+,6112952,1659944,1650,4506,73.7
2023-10-25,00-04,3988681,1030917,79,401,10.1
2023-10-25,00+,84358845,38543582,3579,15581,18.5
2023-10-25,05-14,7940296,4498158,28,118,1.5
2023-10-25,15-34,19059537,11193715,386,1782,9.3
2023-10-25,35-59,28508100,14990012,941,3639,12.8
2023-10-25,60-79,18749279,5138439,1081,4753,25.4
2023-10-25,80+,6112952,1661001,1057,4869,79.7
2023-10-26,00-04,3988681,1030985,68,403,10.1
2023-10-26,00+,84358845,38547076,3494,16620,19.7
2023-10-26,05-14,7940296,4498202,44,145,1.8
2023-10-26,15-34,19059537,11194088,373,1794,9.4
2023-10-26,35-59,28508100,14990909,897,3851,13.5
2023-10-26,60-79,18749279,5139506,1067,5114,27.3
2023-10-26,80+,6112952,1662043,1042,5291,86.6
2023-10-27,00-04,3988681,1031061,76,395,9.9
2023-10-27,00+,84358845,38550379,3303,17511,20.8
2023-10-27,05-14,7940296,4498243,41,169,2.1
2023-10-27,15-34,19059537,11194450,362,1844,9.7
2023-10-27,35-59,28508100,14991728,819,4053,14.2
2023-10-27,60-79,18749279,5140551,1045,5484,29.2
2023-10-27,80+,6112952,1662999,956,5541,90.6
2023-10-28,00-04,3988681,1031132,71,421,10.6
2023-10-28,00+,84358845,38553080,2701,18156,21.5
2023-10-28,05-14,7940296,4498277,34,183,2.3
2023-10-28,15-34,19059537,11194747,297,1881,9.9
2023-10-28,35-59,28508100,14992378,650,4222,14.8
2023-10-28,60-79,18749279,5141390,839,5700,30.4
2023-10-28,80+,6112952,1663805,806,5722,93.6
2023-10-29,00-04,3988681,1031142,10,424,10.6
2023-10-29,00+,84358845,38553461,381,18224,21.6
2023-10-29,05-14,7940296,4498281,4,185,2.3
2023-10-29,15-34,19059537,11194785,38,1885,9.9
2023-10-29,35-59,28508100,14992470,92,4242,14.9
2023-10-29,60-79,18749279,5141506,116,5714,30.5
2023-10-29,80+,6112952,1663926,121,5748,94
2023-10-30,00-04,3988681,1031148,6,420,10.5
2023-10-30,00+,84358845,38553742,281,18246,21.6
2023-10-30,05-14,7940296,4498284,3,184,2.3
2023-10-30,15-34,19059537,11194803,18,1886,9.9
2023-10-30,35-59,28508100,14992504,34,4245,14.9
2023-10-30,60-79,18749279,5141616,110,5743,30.6
2023-10-30,80+,6112952,1664036,110,5742,93.9
2023-10-31,00-04,3988681,1031288,140,450,11.3
2023-10-31,00+,84358845,38558672,4930,18669,22.1
2023-10-31,05-14,7940296,4498311,27,181,2.3
2023-10-31,15-34,19059537,11195183,380,1854,9.7
2023-10-31,35-59,28508100,14993414,910,4343,15.2
2023-10-31,60-79,18749279,5143194,1578,5836,31.1
2023-10-31,80+,6112952,1665931,1895,5987,97.9
2023-11-01,00-04,3988681,1031345,57,428,10.7
2023-11-01,00+,84358845,38561447,2775,17865,21.2
2023-11-01,05-14,7940296,4498334,23,176,2.2
2023-11-01,15-34,19059537,11195468,285,1753,9.2
2023-11-01,35-59,28508100,14994081,667,4069,14.3
2023-11-01,60-79,18749279,5144024,830,5585,29.8
2023-11-01,80+,6112952,1666839,908,5838,95.5
2023-11-02,00-04,3988681,1031412,67,427,10.7
2023-11-02,00+,84358845,38564198,2751,17122,20.3
2023-11-02,05-14,7940296,4498359,25,157,2
2023-11-02,15-34,19059537,11195728,260,1640,8.6
2023-11-02,35-59,28508100,14994742,661,3833,13.4
2023-11-02,60-79,18749279,5144831,807,5325,28.4
2023-11-02,80+,6112952,1667766,927,5723,93.6
2023-11-03,00-04,3988681,1031528,116,467,11.7
2023-11-03,00+,84358845,38568865,4667,18486,21.9
2023-11-03,05-14,7940296,4498407,48,164,2.1
2023-11-03,15-34,19059537,11196191,463,1741,9.1
2023-11-03,35-59,28508100,14995899,1157,4171,14.6
2023-11-03,60-79,18749279,5146300,1469,5749,30.7
2023-11-03,80+,6112952,1669177,1411,6178,101.1
2023-11-04,00-04,3988681,1031615,87,483,12.1
2023-11-04,00+,84358845,38572055,3190,18975,22.5
2023-11-04,05-14,7940296,4498440,33,163,2.1
2023-11-04,15-34,19059537,11196567,376,1820,9.5
2023-11-04,35-59,28508100,14996743,844,4365,15.3
2023-11-04,60-79,18749279,5147241,941,5851,31.2
2023-11-04,80+,6112952,1670085,908,6280,102.7
2023-11-05,00-04,3988681,1031632,17,490,12.3
2023-11-05,00+,84358845,38572480,425,19019,22.5
2023-11-05,05-14,7940296,4498448,8,167,2.1
2023-11-05,15-34,19059537,11196613,46,1828,9.6
2023-11-05,35-59,28508100,14996839,96,4369,15.3
2023-11-05,60-79,18749279,5147361,120,5855,31.2
2023-11-05,80+,6112952,1670223,138,6297,103
2023-11-06,00-04,3988681,1031646,14,498,12.5
2023-11-06,00+,84358845,38572780,300,19038,22.6
2023-11-06,05-14,7940296,4498451,3,167,2.1
2023-11-06,15-34,19059537,11196635,22,1832,9.6
2023-11-06,35-59,28508100,14996890,51,4386,15.4
2023-11-06,60-79,18749279,5147455,94,5839,31.1
2023-11-06,80+,6112952,1670339,116,6303,103.1
2023-11-07,00-04,3988681,1031838,192,550,13.8
2023-11-07,00+,84358845,38578824,6044,20152,23.9
2023-11-07,05-14,7940296,4498512,61,201,2.5
2023-11-07,15-34,19059537,11197184,549,2001,10.5
2023-11-07,35-59,28508100,14998148,1258,4734,16.6
2023-11-07,60-79,18749279,5149441,1986,6247,33.3
2023-11-07,80+,6112952,1672328,1989,6397,104.6
2023-11-08,00-04,3988681,1031931,93,586,14.7
2023-11-08,00+,84358845,38582276,3452,20829,24.7
2023-11-08,05-14,7940296,4498550,38,216,2.7
2023-11-08,15-34,19059537,11197592,408,2124,11.1
2023-11-08,35-59,28508100,14999046,898,4965,17.4
2023-11-08,60-79,18749279,5150461,1020,6437,34.3
2023-11-08,80+,6112952,1673308,980,6469,105.8
2023-11-09,00-04,3988681,1032060,129,648,16.2
2023-11-09,00+,84358845,38587486,5210,23288,27.6
2023-11-09,05-14,7940296,4498625,75,266,3.4
2023-11-09,15-34,19059537,11198253,661,2525,13.2
2023-11-09,35-59,28508100,15000538,1492,5796,20.3
2023-11-09,60-79,18749279,5151927,1466,7096,37.8
2023-11-09,80+,6112952,1674690,1382,6924,113.3
2023-11-10,00-04,3988681,1032196,136,668,16.7
2023-11-10,00+,84358845,38591567,4081,22702,26.9
2023-11-10,05-14,7940296,4498680,55,273,3.4
2023-11-10,15-34,19059537,11198810,557,2619,13.7
2023-11-10,35-59,28508100,15001552,1014,5653,19.8
2023-11-10,60-79,18749279,5153081,1154,6781,36.2
2023-11-10,80+,6112952,1675849,1159,6672,109.1
2023-11-11,00-04,3988681,1032286,90,671,16.8
2023-11-11,00+,84358845,38594663,3096,22608,26.8
2023-11-11,05-14,7940296,4498720,40,280,3.5
2023-11-11,15-34,19059537,11199196,386,2629,13.8
2023-11-11,35-59,28508100,15002312,760,5569,19.5
2023-11-11,60-79,18749279,5154038,957,6797,36.3
2023-11-11,80+,6112952,1676708,859,6623,108.3
2023-11-12,00-04,3988681,1032297,11,665,16.7
2023-11-12,00+,84358845,38595119,456,22639,26.8
2023-11-12,05-14,7940296,4498725,5,277,3.5
2023-11-12,15-34,19059537,11199230,34,2617,13.7
2023-11-12,35-59,28508100,15002404,92,5565,19.5
2023-11-12,60-79,18749279,5154183,145,6822,36.4
2023-11-12,80+,6112952,1676877,169,6654,108.9
2023-11-13,00-04,3988681,1032308,11,662,16.6
2023-11-13,00+,84358845,38595394,275,22614,26.8
2023-11-13,05-14,7940296,4498728,3,277,3.5
2023-11-13,15-34,19059537,11199248,18,2613,13.7
2023-11-13,35-59,28508100,15002431,27,5541,19.4
2023-11-13,60-79,18749279,5154275,92,6820,36.4
2023-11-13,80+,6112952,1677001,124,6662,109
2023-11-14,00-04,3988681,1032497,189,659,16.5
2023-11-14,00+,84358845,38601382,5988,22558,26.7
2023-11-14,05-14,7940296,4498793,65,281,3.5
2023-11-14,15-34,19059537,11199806,558,2622,13.8
2023-11-14,35-59,28508100,15003641,1210,5493,19.3
2023-11-14,60-79,18749279,5156201,1926,6760,36.1
2023-11-14,80+,6112952,1679027,2026,6699,109.6
2023-11-15,00-04,3988681,1032597,100,666,16.7
2023-11-15,00+,84358845,38605813,4431,23537,27.9
2023-11-15,05-14,7940296,4498850,57,300,3.8
2023-11-15,15-34,19059537,11200319,513,2727,14.3
2023-11-15,35-59,28508100,15004856,1215,5810,20.4
2023-11-15,60-79,18749279,5157515,1314,7054,37.6
2023-11-15,80+,6112952,1680253,1226,6945,113.6
2023-11-16,00-04,3988681,1032724,127,664,16.6
2023-11-16,00+,84358845,38610203,4390,22717,26.9
2023-11-16,05-14,7940296,4498917,67,292,3.7
2023-11-16,15-34,19059537,11200900,581,2647,13.9
2023-11-16,35-59,28508100,15006161,1305,5623,19.7
2023-11-16,60-79,18749279,5158735,1220,6808,36.3
2023-11-16,80+,6112952,1681334,1081,6644,108.7
2023-11-17,00-04,3988681,1032856,132,660,16.5
2023-11-17,00+,84358845,38614252,4049,22685,26.9
2023-11-17,05-14,7940296,4499006,89,326,4.1
2023-11-17,15-34,19059537,11201416,516,2606,13.7
2023-11-17,35-59,28508100,15007200,1039,5648,19.8
2023-11-17,60-79,18749279,5159910,1175,6829,36.4
2023-11-17,80+,6112952,1682432,1098,6583,107.7
2023-11-18,00-04,3988681,1032965,109,679,17
2023-11-18,00+,84358845,38617713,3461,23050,27.3
2023-11-18,05-14,7940296,4499058,52,338,4.3
2023-11-18,15-34,19059537,11201834,418,2638,13.8
2023-11-18,35-59,28508100,15008154,954,5842,20.5
2023-11-18,60-79,18749279,5160921,1011,6883,36.7
2023-11-18,80+,6112952,1683348,916,6640,108.6
2023-11-19,00-04,3988681,1032980,15,683,17.1
2023-11-19,00+,84358845,38618161,448,23042,27.3
2023-11-19,05-14,7940296,4499061,3,336,4.2
2023-11-19,15-34,19059537,11201886,52,2656,13.9
2023-11-19,35-59,28508100,15008260,106,5856,20.5
2023-11-19,60-79,18749279,5161065,144,6882,36.7
2023-11-19,80+,6112952,1683476,128,6599,108
2023-11-20,00-04,3988681,1032988,8,680,17
2023-11-20,00+,84358845,38618479,318,23085,27.4
2023-11-20,05-14,7940296,4499062,1,334,4.2
2023-11-20,15-34,19059537,11201908,22,2660,14
2023-11-20,35-59,28508100,15008312,52,5881,20.6
2023-11-20,60-79,18749279,5161172,107,6897,36.8
2023-11-20,80+,6112952,1683604,128,6603,108
2023-11-21,00-04,3988681,1033187,199,690,17.3
2023-11-21,00+,84358845,38624916,6437,23534,27.9
2023-11-21,05-14,7940296,4499156,94,363,4.6
2023-11-21,15-34,19059537,11202503,595,2697,14.2
2023-11-21,35-59,28508100,15009694,1382,6053,21.2
2023-11-21,60-79,18749279,5163213,2041,7012,37.4
2023-11-21,80+,6112952,1685724,2120,6697,109.6
2023-11-22,00-04,3988681,1033343,156,746,18.7
2023-11-22,00+,84358845,38630237,5321,24424,29
2023-11-22,05-14,7940296,4499237,81,387,4.9
2023-11-22,15-34,19059537,11203175,672,2856,15
2023-11-22,35-59,28508100,15011161,1467,6305,22.1
2023-11-22,60-79,18749279,5164731,1518,7216,38.5
2023-11-22,80+,6112952,1687140,1416,6887,112.7
2023-11-23,00-04,3988681,1033472,129,748,18.8
2023-11-23,00+,84358845,38634411,4174,24208,28.7
2023-11-23,05-14,7940296,4499308,71,391,4.9
2023-11-23,15-34,19059537,11203727,552,2827,14.8
2023-11-23,35-59,28508100,15012374,1213,6213,21.8
2023-11-23,60-79,18749279,5165886,1155,7151,38.1
2023-11-23,80+,6112952,1688188,1048,6854,112.1
2023-11-24,00-04,3988681,1033611,139,755,18.9
2023-11-24,00+,84358845,38638625,4214,24373,28.9
2023-11-24,05-14,7940296,4499397,89,391,4.9
2023-11-24,15-34,19059537,11204265,538,2849,14.9
2023-11-24,35-59,28508100,15013562,1188,6362,22.3
2023-11-24,60-79,18749279,5167053,1167,7143,38.1
2023-11-24,80+,6112952,1689277,1089,6845,112
2023-11-25,00-04,3988681,1033720,109,755,18.9
2023-11-25,00+,84358845,38642188,3563,24475,29
2023-11-25,05-14,7940296,4499452,55,394,5
2023-11-25,15-34,19059537,11204741,476,2907,15.3
2023-11-25,35-59,28508100,15014495,933,6341,22.2
2023-11-25,60-79,18749279,5168099,1046,7178,38.3
2023-11-25,80+,6112952,1690220,943,6872,112.4
2023-11-26,00-04,3988681,1033747,27,767,19.2
2023-11-26,00+,84358845,38642697,509,24536,29.1
2023-11-26,05-14,7940296,4499459,7,398,5
2023-11-26,15-34,19059537,11204809,68,2923,15.3
2023-11-26,35-59,28508100,15014618,123,6358,22.3
2023-11-26,60-79,18749279,5168243,144,7178,38.3
2023-11-26,80+,6112952,1690360,140,6884,112.6
2023-11-27,00-04,3988681,1033764,17,776,19.5
2023-11-27,00+,84358845,38643068,371,24589,29.1
2023-11-27,05-14,7940296,4499462,3,400,5
2023-11-27,15-34,19059537,11204828,19,2920,15.3
2023-11-27,35-59,28508100,15014673,55,6361,22.3
2023-11-27,60-79,18749279,5168360,117,7188,38.3
2023-11-27,80+,6112952,1690520,160,6916,113.1
2023-11-28,00-04,3988681,1034031,267,844,21.2
2023-11-28,00+,84358845,38649625,6557,24709,29.3
2023-11-28,05-14,7940296,4499560,98,404,5.1
2023-11-28,15-34,19059537,11205480,652,2977,15.6
2023-11-28,35-59,28508100,15016103,1430,6409,22.5
2023-11-28,60-79,18749279,5170460,2100,7247,38.7
2023-11-28,80+,6112952,1692527,2007,6803,111.3
2023-11-29,00-04,3988681,1034190,159,847,21.2
2023-11-29,00+,84358845,38654912,5287,24675,29.3
2023-11-29,05-14,7940296,4499631,71,394,5
2023-11-29,15-34,19059537,11206136,656,2961,15.5
2023-11-29,35-59,28508100,15017588,1485,6427,22.5
2023-11-29,60-79,18749279,5171965,1505,7234,38.6
2023-11-29,80+,6112952,1693934,1407,6794,111.1
2023-11-30,00-04,3988681,1034326,136,854,21.4
2023-11-30,00+,84358845,38659743,4831,25332,30
2023-11-30,05-14,7940296,4499729,98,421,5.3
2023-11-30,15-34,19059537,11206768,632,3041,16
2023-11-30,35-59,28508100,15019016,1428,6642,23.3
2023-11-30,60-79,18749279,5173299,1334,7413,39.5
2023-11-30,80+,6112952,1695132,1198,6944,113.6
2023-12-01,00-04,3988681,1034475,149,864,21.7
2023-12-01,00+,84358845,38664190,4447,25565,30.3
2023-12-01,05-14,7940296,4499814,85,417,5.3
2023-12-01,15-34,19059537,11207386,618,3121,16.4
2023-12-01,35-59,28508100,15020215,1199,6653,23.3
2023-12-01,60-79,18749279,5174571,1272,7518,40.1
2023-12-01,80+,6112952,1696254,1122,6977,114.1
2023-12-02,00-04,3988681,1034606,131,886,22.2
2023-12-02,00+,84358845,38667694,3504,25506,30.2
2023-12-02,05-14,7940296,4499872,58,420,5.3
2023-12-02,15-34,19059537,11207843,457,3102,16.3
2023-12-02,35-59,28508100,15021134,919,6639,23.3
2023-12-02,60-79,18749279,5175517,946,7418,39.6
2023-12-02,80+,6112952,1697241,987,7021,114.9
2023-12-03,00-04,3988681,1034628,22,881,22.1
2023-12-03,00+,84358845,38668203,509,25506,30.2
2023-12-03,05-14,7940296,4499879,7,420,5.3
2023-12-03,15-34,19059537,11207902,59,3093,16.2
2023-12-03,35-59,28508100,15021266,132,6648,23.3
2023-12-03,60-79,18749279,5175680,163,7437,39.7
2023-12-03,80+,6112952,1697367,126,7007,114.6
2023-12-04,00-04,3988681,1034638,10,874,21.9
2023-12-04,00+,84358845,38668476,273,25408,30.1
2023-12-04,05-14,7940296,4499883,4,421,5.3
2023-12-04,15-34,19059537,11207922,20,3094,16.2
2023-12-04,35-59,28508100,15021304,38,6631,23.3
2023-12-04,60-79,18749279,5175779,99,7419,39.6
2023-12-04,80+,6112952,1697469,102,6949,113.7
2023-12-05,00-04,3988681,1034822,184,791,19.8
2023-12-05,00+,84358845,38674467,5991,24842,29.4
2023-12-05,05-14,7940296,4499948,65,388,4.9
2023-12-05,15-34,19059537,11208584,662,3104,16.3
2023-12-05,35-59,28508100,15022622,1318,6519,22.9
2023-12-05,60-79,18749279,5177673,1894,7213,38.5
2023-12-05,80+,6112952,1699334,1865,6807,111.4
2023-12-06,00-04,3988681,1034990,168,800,20.1
2023-12-06,00+,84358845,38680011,5544,25099,29.8
2023-12-06,05-14,7940296,4500032,84,401,5.1
2023-12-06,15-34,19059537,11209261,677,3125,16.4
2023-12-06,35-59,28508100,15024144,1522,6556,23
2023-12-06,60-79,18749279,5179244,1571,7279,38.8
2023-12-06,80+,6112952,1700827,1493,6893,112.8
2023-12-07,00-04,3988681,1035159,169,833,20.9
2023-12-07,00+,84358845,38685667,5656,25924,30.7
2023-12-07,05-14,7940296,4500110,78,381,4.8
2023-12-07,15-34,19059537,11210057,796,3289,17.3
2023-12-07,35-59,28508100,15025803,1659,6787,23.8
2023-12-07,60-79,18749279,5180814,1570,7515,40.1
2023-12-07,80+,6112952,1702204,1377,7072,115.7
2023-12-08,00-04,3988681,1035360,201,885,22.2
2023-12-08,00+,84358845,38691190,5523,27000,32
2023-12-08,05-14,7940296,4500201,91,387,4.9
2023-12-08,15-34,19059537,11210832,775,3446,18.1
2023-12-08,35-59,28508100,15027416,1613,7201,25.3
2023-12-08,60-79,18749279,5182294,1480,7723,41.2
2023-12-08,80+,6112952,1703557,1353,7303,119.5
2023-12-09,00-04,3988681,1035530,170,924,23.2
2023-12-09,00+,84358845,38695874,4684,28180,33.4
2023-12-09,05-14,7940296,4500277,76,405,5.1
2023-12-09,15-34,19059537,11211447,615,3604,18.9
2023-12-09,35-59,28508100,15028682,1266,7548,26.5
2023-12-09,60-79,18749279,5183632,1338,8115,43.3
2023-12-09,80+,6112952,1704771,1214,7530,123.2
2023-12-10,00-04,3988681,1035552,22,924,23.2
2023-12-10,00+,84358845,38696517,643,28314,33.6
2023-12-10,05-14,7940296,4500282,5,403,5.1
2023-12-10,15-34,19059537,11211507,60,3605,18.9
2023-12-10,35-59,28508100,15028833,151,7567,26.5
2023-12-10,60-79,18749279,5183833,201,8153,43.5
2023-12-10,80+,6112952,1704975,204,7608,124.5
2023-12-11,00-04,3988681,1035567,15,929,23.3
2023-12-11,00+,84358845,38696984,467,28508,33.8
2023-12-11,05-14,7940296,4500286,4,403,5.1
2023-12-11,15-34,19059537,11211545,38,3623,19
2023-12-11,35-59,28508100,15028909,76,7605,26.7
2023-12-11,60-79,18749279,5183996,163,8217,43.8
2023-12-11,80+,6112952,1705146,171,7677,125.6
2023-12-12,00-04,3988681,1035885,318,1063,26.7
2023-12-12,00+,84358845,38705388,8404,30921,36.7
2023-12-12,05-14,7940296,4500392,106,444,5.6
2023-12-12,15-34,19059537,11212355,810,3771,19.8
2023-12-12,35-59,28508100,15030754,1845,8132,28.5
2023-12-12,60-79,18749279,5186643,2647,8970,47.8
2023-12-12,80+,6112952,1707816,2670,8482,138.8
2023-12-13,00-04,3988681,1036076,191,1086,27.2
2023-12-13,00+,84358845,38711878,6490,31867,37.8
2023-12-13,05-14,7940296,4500495,103,463,5.8
2023-12-13,15-34,19059537,11213168,813,3907,20.5
2023-12-13,35-59,28508100,15032484,1730,8340,29.3
2023-12-13,60-79,18749279,5188494,1851,9250,49.3
2023-12-13,80+,6112952,1709615,1799,8788,143.8
2023-12-14,00-04,3988681,1036300,224,1141,28.6
2023-12-14,00+,84358845,38718390,6512,32723,38.8
2023-12-14,05-14,7940296,4500631,136,521,6.6
2023-12-14,15-34,19059537,11214022,854,3965,20.8
2023-12-14,35-59,28508100,15034313,1829,8510,29.9
2023-12-14,60-79,18749279,5190357,1863,9543,50.9
2023-12-14,80+,6112952,1711217,1602,9013,147.4
2023-12-15,00-04,3988681,1036526,226,1166,29.2
2023-12-15,00+,84358845,38724254,5864,33064,39.2
2023-12-15,05-14,7940296,4500731,100,530,6.7
2023-12-15,15-34,19059537,11214819,797,3987,20.9
2023-12-15,35-59,28508100,15035838,1525,8422,29.5
2023-12-15,60-79,18749279,5191993,1636,9699,51.7
2023-12-15,80+,6112952,1712743,1526,9186,150.3
2023-12-16,00-04,3988681,1036713,187,1183,29.7
2023-12-16,00+,84358845,38728836,4582,32962,39.1
2023-12-16,05-14,7940296,4500808,77,531,6.7
2023-12-16,15-34,19059537,11215339,520,3892,20.4
2023-12-16,35-59,28508100,15036995,1157,8313,29.2
2023-12-16,60-79,18749279,5193406,1413,9774,52.1
2023-12-16,80+,6112952,1713964,1221,9193,150.4
2023-12-17,00-04,3988681,1036729,16,1177,29.5
2023-12-17,00+,84358845,38729417,581,32900,39
2023-12-17,05-14,7940296,4500817,9,535,6.7
2023-12-17,15-34,19059537,11215398,59,3891,20.4
2023-12-17,35-59,28508100,15037115,120,8282,29.1
2023-12-17,60-79,18749279,5193589,183,9756,52
2023-12-17,80+,6112952,1714158,194,9183,150.2
2023-12-18,00-04,3988681,1036755,26,1188,29.8
2023-12-18,00+,84358845,38729848,431,32864,39
2023-12-18,05-14,7940296,4500819,2,533,6.7
2023-12-18,15-34,19059537,11215429,31,3884,20.4
2023-12-18,35-59,28508100,15037198,83,8289,29.1
2023-12-18,60-79,18749279,5193725,136,9729,51.9
2023-12-18,80+,6112952,1714311,153,9165,149.9
2023-12-19,00-04,3988681,1037074,319,1189,29.8
2023-12-19,00+,84358845,38737776,7928,32388,38.4
2023-12-19,05-14,7940296,4500925,106,533,6.7
2023-12-19,15-34,19059537,11216175,746,3820,20
2023-12-19,35-59,28508100,15038862,1664,8108,28.4
2023-12-19,60-79,18749279,5196300,2575,9657,51.5
2023-12-19,80+,6112952,1716821,2510,9005,147.3
2023-12-20,00-04,3988681,1037249,175,1173,29.4
2023-12-20,00+,84358845,38743767,5991,31889,37.8
2023-12-20,05-14,7940296,4500991,66,496,6.2
2023-12-20,15-34,19059537,11216907,732,3739,19.6
2023-12-20,35-59,28508100,15040456,1594,7972,28
2023-12-20,60-79,18749279,5198036,1736,9542,50.9
2023-12-20,80+,6112952,1718502,1681,8887,145.4
2023-12-21,00-04,3988681,1037450,201,1150,28.8
2023-12-21,00+,84358845,38748776,5009,30386,36
2023-12-21,05-14,7940296,4501054,63,423,5.3
2023-12-21,15-34,19059537,11217509,602,3487,18.3
2023-12-21,35-59,28508100,15041740,1284,7427,26.1
2023-12-21,60-79,18749279,5199519,1483,9162,48.9
2023-12-21,80+,6112952,1719874,1372,8657,141.6
2023-12-22,00-04,3988681,1037632,182,1106,27.7
2023-12-22,00+,84358845,38753219,4443,28965,34.3
2023-12-22,05-14,7940296,4501136,82,405,5.1
2023-12-22,15-34,19059537,11218071,562,3252,17.1
2023-12-22,35-59,28508100,15042755,1015,6917,24.3
2023-12-22,60-79,18749279,5200857,1338,8864,47.3
2023-12-22,80+,6112952,1721132,1258,8389,137.2
2023-12-23,00-04,3988681,1037792,160,1079,27.1
2023-12-23,00+,84358845,38756707,3488,27871,33
2023-12-23,05-14,7940296,4501186,50,378,4.8
2023-12-23,15-34,19059537,11218467,396,3128,16.4
2023-12-23,35-59,28508100,15043585,830,6590,23.1
2023-12-23,60-79,18749279,5201940,1083,8534,45.5
2023-12-23,80+,6112952,1722101,969,8137,133.1
2023-12-24,00-04,3988681,1037816,24,1087,27.3
2023-12-24,00+,84358845,38757200,493,27783,32.9
2023-12-24,05-14,7940296,4501196,10,379,4.8
2023-12-24,15-34,19059537,11218508,41,3110,16.3
2023-12-24,35-59,28508100,15043688,103,6573,23.1
2023-12-24,60-79,18749279,5202083,143,8494,45.3
2023-12-24,80+,6112952,1722273,172,8115,132.8
2023-12-25,00-04,3988681,1037829,13,1074,26.9
2023-12-25,00+,84358845,38757443,243,27595,32.7
2023-12-25,05-14,7940296,4501198,2,379,4.8
2023-12-25,15-34,19059537,11218522,14,3093,16.2
2023-12-25,35-59,28508100,15043722,34,6524,22.9
2023-12-25,60-79,18749279,5202163,80,8438,45
2023-12-25,80+,6112952,1722373,100,8062,131.9
2023-12-26,00-04,3988681,1037849,20,775,19.4
2023-12-26,00+,84358845,38757857,414,20081,23.8
2023-12-26,05-14,7940296,4501201,3,276,3.5
2023-12-26,15-34,19059537,11218546,24,2371,12.4
2023-12-26,35-59,28508100,15043773,51,4911,17.2
2023-12-26,60-79,18749279,5202308,145,6008,32
2023-12-26,80+,6112952,1722544,171,5723,93.6
2023-12-27,00-04,3988681,1037864,15,615,15.4
2023-12-27,00+,84358845,38758185,328,14418,17.1
2023-12-27,05-14,7940296,4501203,2,212,2.7
2023-12-27,15-34,19059537,11218562,16,1655,8.7
2023-12-27,35-59,28508100,15043823,50,3367,11.8
2023-12-27,60-79,18749279,5202415,107,4379,23.4
2023-12-27,80+,6112952,1722682,138,4180,68.4
2023-12-28,00-04,3988681,1038170,306,720,18.1
2023-12-28,00+,84358845,38765139,6954,16363,19.4
2023-12-28,05-14,7940296,4501275,72,221,2.8
2023-12-28,15-34,19059537,11219057,495,1548,8.1
2023-12-28,35-59,28508100,15044983,1160,3243,11.4
2023-12-28,60-79,18749279,5204706,2291,5187,27.7
2023-12-28,80+,6112952,1725304,2622,5430,88.8
2023-12-29,00-04,3988681,1038308,138,676,16.9
2023-12-29,00+,84358845,38768570,3431,15351,18.2
2023-12-29,05-14,7940296,4501305,30,169,2.1
2023-12-29,15-34,19059537,11219322,265,1251,6.6
2023-12-29,35-59,28508100,15045681,698,2926,10.3
2023-12-29,60-79,18749279,5205814,1108,4957,26.4
2023-12-29,80+,6112952,1726487,1183,5355,87.6
2023-12-30,00-04,3988681,1038427,119,635,15.9
2023-12-30,00+,84358845,38771231,2661,14524,17.2
2023-12-30,05-14,7940296,4501342,37,156,2
2023-12-30,15-34,19059537,11219543,221,1076,5.6
2023-12-30,35-59,28508100,15046206,525,2621,9.2
2023-12-30,60-79,18749279,5206654,840,4714,25.1
2023-12-30,80+,6112952,1727404,917,5303,86.8
2023-12-31,00-04,3988681,1038450,23,634,15.9
2023-12-31,00+,84358845,38771605,374,14405,17.1
2023-12-31,05-14,7940296,4501345,3,149,1.9
2023-12-31,15-34,19059537,11219577,34,1069,5.6
2023-12-31,35-59,28508100,15046286,80,2598,9.1
2023-12-31,60-79,18749279,5206762,108,4679,25
2023-12-31,80+,6112952,1727530,126,5257,86
2024-01-01,00-04,3988681,1038470,20,641,16.1
2024-01-01,00+,84358845,38771918,313,14475,17.2
2024-01-01,05-14,7940296,4501347,2,149,1.9
2024-01-01,15-34,19059537,11219588,11,1066,5.6
2024-01-01,35-59,28508100,15046322,36,2600,9.1
2024-01-01,60-79,18749279,5206863,101,4700,25.1
2024-01-01,80+,6112952,1727673,143,5300,86.7
2024-01-02,00-04,3988681,1038485,15,636,15.9
2024-01-02,00+,84358845,38772206,288,14349,17
2024-01-02,05-14,7940296,4501349,2,148,1.9
2024-01-02,15-34,19059537,11219605,17,1059,5.6
2024-01-02,35-59,28508100,15046354,32,2581,9.1
2024-01-02,60-79,18749279,5206960,97,4652,24.8
2024-01-02,80+,6112952,1727798,125,5254,85.9
2024-01-03,00-04,3988681,1038786,301,922,23.1
2024-01-03,00+,84358845,38778063,5857,19878,23.6
2024-01-03,05-14,7940296,4501380,31,177,2.2
2024-01-03,15-34,19059537,11220012,407,1450,7.6
2024-01-03,35-59,28508100,15047279,925,3456,12.1
2024-01-03,60-79,18749279,5208938,1978,6523,34.8
2024-01-03,80+,6112952,1730006,2208,7324,119.8
2024-01-04,00-04,3988681,1038916,130,746,18.7
2024-01-04,00+,84358845,38781216,3153,16077,19.1
2024-01-04,05-14,7940296,4501401,21,126,1.6
2024-01-04,15-34,19059537,11220329,317,1272,6.7
2024-01-04,35-59,28508100,15047936,657,2953,10.4
2024-01-04,60-79,18749279,5209913,975,5207,27.8
2024-01-04,80+,6112952,1731059,1053,5755,94.1
2024-01-05,00-04,3988681,1039016,100,708,17.8
2024-01-05,00+,84358845,38783827,2611,15257,18.1
2024-01-05,05-14,7940296,4501424,23,119,1.5
2024-01-05,15-34,19059537,11220596,267,1274,6.7
2024-01-05,35-59,28508100,15048530,594,2849,10
2024-01-05,60-79,18749279,5210755,842,4941,26.4
2024-01-05,80+,6112952,1731842,783,5355,87.6
2024-01-06,00-04,3988681,1039082,66,655,16.4
2024-01-06,00+,84358845,38785637,1810,14406,17.1
2024-01-06,05-14,7940296,4501452,28,110,1.4
2024-01-06,15-34,19059537,11220799,203,1256,6.6
2024-01-06,35-59,28508100,15048936,406,2730,9.6
2024-01-06,60-79,18749279,5211296,541,4642,24.8
2024-01-06,80+,6112952,1732407,565,5003,81.8
2024-01-07,00-04,3988681,1039096,14,646,16.2
2024-01-07,00+,84358845,38785822,185,14217,16.9
2024-01-07,05-14,7940296,4501456,4,111,1.4
2024-01-07,15-34,19059537,11220813,14,1236,6.5
2024-01-07,35-59,28508100,15048972,36,2686,9.4
2024-01-07,60-79,18749279,5211367,71,4605,24.6
2024-01-07,80+,6112952,1732453,46,4923,80.5
2024-01-08,00-04,3988681,1039102,6,632,15.8
2024-01-08,00+,84358845,38785956,134,14038,16.6
2024-01-08,05-14,7940296,4501456,0,109,1.4
2024-01-08,15-34,19059537,11220823,10,1235,6.5
2024-01-08,35-59,28508100,15048996,24,2674,9.4
2024-01-08,60-79,18749279,5211404,37,4541,24.2
2024-01-08,80+,6112952,1732510,57,4837,79.1
2024-01-09,00-04,3988681,1039269,167,784,19.7
2024-01-09,00+,84358845,38789444,3488,17238,20.4
2024-01-09,05-14,7940296,4501499,43,150,1.9
2024-01-09,15-34,19059537,11221095,272,1490,7.8
2024-01-09,35-59,28508100,15049621,625,3267,11.5
2024-01-09,60-79,18749279,5212550,1146,5590,29.8
2024-01-09,80+,6112952,1733744,1234,5946,97.3
2024-01-10,00-04,3988681,1039346,77,560,14
2024-01-10,00+,84358845,38791300,1856,13237,15.7
2024-01-10,05-14,7940296,4501523,24,143,1.8
2024-01-10,15-34,19059537,11221287,192,1275,6.7
2024-01-10,35-59,28508100,15050041,420,2762,9.7
2024-01-10,60-79,18749279,5213168,618,4230,22.6
2024-01-10,80+,6112952,1734269,525,4263,69.7
2024-01-11,00-04,3988681,1039446,100,530,13.3
2024-01-11,00+,84358845,38793222,1922,12006,14.2
2024-01-11,05-14,7940296,4501559,36,158,2
2024-01-11,15-34,19059537,11221496,209,1167,6.1
2024-01-11,35-59,28508100,15050522,481,2586,9.1
2024-01-11,60-79,18749279,5213785,617,3872,20.7
2024-01-11,80+,6112952,1734748,479,3689,60.3
2024-01-12,00-04,3988681,1039535,89,519,13
2024-01-12,00+,84358845,38794804,1582,10977,13
2024-01-12,05-14,7940296,4501596,37,172,2.2
2024-01-12,15-34,19059537,11221656,160,1060,5.6
2024-01-12,35-59,28508100,15050890,368,2360,8.3
2024-01-12,60-79,18749279,5214236,451,3481,18.6
2024-01-12,80+,6112952,1735223,475,3381,55.3
2024-01-13,00-04,3988681,1039580,45,498,12.5
2024-01-13,00+,84358845,38795868,1064,10231,12.1
2024-01-13,05-14,7940296,4501616,20,164,2.1
2024-01-13,15-34,19059537,11221760,104,961,5
2024-01-13,35-59,28508100,15051109,219,2173,7.6
2024-01-13,60-79,18749279,5214593,357,3297,17.6
2024-01-13,80+,6112952,1735541,318,3134,51.3
2024-01-14,00-04,3988681,1039584,4,488,12.2
2024-01-14,00+,84358845,38796008,140,10186,12.1
2024-01-14,05-14,7940296,4501616,0,160,2
2024-01-14,15-34,19059537,11221770,10,957,5
2024-01-14,35-59,28508100,15051138,29,2166,7.6
2024-01-14,60-79,18749279,5214635,42,3268,17.4
2024-01-14,80+,6112952,1735596,55,3143,51.4
2024-01-15,00-04,3988681,1039591,7,489,12.3
2024-01-15,00+,84358845,38796079,71,10123,12
2024-01-15,05-14,7940296,4501616,0,160,2
2024-01-15,15-34,19059537,11221772,2,949,5
2024-01-15,35-59,28508100,15051145,7,2149,7.5
2024-01-15,60-79,18749279,5214661,26,3257,17.4
2024-01-15,80+,6112952,1735625,29,3115,51
2024-01-16,00-04,3988681,1039704,113,435,10.9
2024-01-16,00+,84358845,38798284,2205,8840,10.5
2024-01-16,05-14,7940296,4501645,29,146,1.8
2024-01-16,15-34,19059537,11221963,191,868,4.6
2024-01-16,35-59,28508100,15051532,387,1911,6.7
2024-01-16,60-79,18749279,5215340,679,2790,14.9
2024-01-16,80+,6112952,1736428,803,2684,43.9
2024-01-17,00-04,3988681,1039767,63,421,10.6
2024-01-17,00+,84358845,38799724,1440,8424,10
2024-01-17,05-14,7940296,4501662,17,139,1.8
2024-01-17,15-34,19059537,11222128,165,841,4.4
2024-01-17,35-59,28508100,15051842,310,1801,6.3
2024-01-17,60-79,18749279,5215810,470,2642,14.1
2024-01-17,80+,6112952,1736842,414,2573,42.1
2024-01-18,00-04,3988681,1039825,58,379,9.5
2024-01-18,00+,84358845,38800878,1154,7656,9.1
2024-01-18,05-14,7940296,4501684,22,125,1.6
2024-01-18,15-34,19059537,11222239,111,743,3.9
2024-01-18,35-59,28508100,15052101,259,1579,5.5
2024-01-18,60-79,18749279,5216152,342,2367,12.6
2024-01-18,80+,6112952,1737203,361,2455,40.2
2024-01-19,00-04,3988681,1039899,74,364,9.1
2024-01-19,00+,84358845,38801951,1073,7147,8.5
2024-01-19,05-14,7940296,4501704,20,108,1.4
2024-01-19,15-34,19059537,11222343,104,687,3.6
2024-01-19,35-59,28508100,15052361,260,1471,5.2
2024-01-19,60-79,18749279,5216446,294,2210,11.8
2024-01-19,80+,6112952,1737521,318,2298,37.6
2024-01-20,00-04,3988681,1039936,37,356,8.9
2024-01-20,00+,84358845,38802864,913,6996,8.3
2024-01-20,05-14,7940296,4501724,20,108,1.4
2024-01-20,15-34,19059537,11222424,81,664,3.5
2024-01-20,35-59,28508100,15052570,209,1461,5.1
2024-01-20,60-79,18749279,5216718,272,2125,11.3
2024-01-20,80+,6112952,1737815,294,2274,37.2
2024-01-21,00-04,3988681,1039940,4,356,8.9
2024-01-21,00+,84358845,38802973,109,6965,8.3
2024-01-21,05-14,7940296,4501728,4,112,1.4
2024-01-21,15-34,19059537,11222432,8,662,3.5
2024-01-21,35-59,28508100,15052594,24,1456,5.1
2024-01-21,60-79,18749279,5216756,38,2121,11.3
2024-01-21,80+,6112952,1737846,31,2250,36.8
2024-01-22,00-04,3988681,1039945,5,354,8.9
2024-01-22,00+,84358845,38803048,75,6969,8.3
2024-01-22,05-14,7940296,4501730,2,114,1.4
2024-01-22,15-34,19059537,11222435,3,663,3.5
2024-01-22,35-59,28508100,15052604,10,1459,5.1
2024-01-22,60-79,18749279,5216785,29,2124,11.3
2024-01-22,80+,6112952,1737872,26,2247,36.8
2024-01-23,00-04,3988681,1040051,106,347,8.7
2024-01-23,00+,84358845,38804770,1722,6486,7.7
2024-01-23,05-14,7940296,4501755,25,110,1.4
2024-01-23,15-34,19059537,11222573,138,610,3.2
2024-01-23,35-59,28508100,15052959,355,1427,5
2024-01-23,60-79,18749279,5217333,548,1993,10.6
2024-01-23,80+,6112952,1738421,549,1993,32.6
2024-01-24,00-04,3988681,1040104,53,337,8.4
2024-01-24,00+,84358845,38805932,1162,6208,7.4
2024-01-24,05-14,7940296,4501779,24,117,1.5
2024-01-24,15-34,19059537,11222699,126,571,3
2024-01-24,35-59,28508100,15053242,283,1400,4.9
2024-01-24,60-79,18749279,5217688,355,1878,10
2024-01-24,80+,6112952,1738741,320,1899,31.1
2024-01-25,00-04,3988681,1040149,45,324,8.1
2024-01-25,00+,84358845,38806992,1060,6114,7.2
2024-01-25,05-14,7940296,4501813,34,129,1.6
2024-01-25,15-34,19059537,11222827,128,588,3.1
2024-01-25,35-59,28508100,15053527,285,1426,5
2024-01-25,60-79,18749279,5217986,298,1834,9.8
2024-01-25,80+,6112952,1739011,270,1808,29.6
2024-01-26,00-04,3988681,1040207,58,308,7.7
2024-01-26,00+,84358845,38808009,1017,6058,7.2
2024-01-26,05-14,7940296,4501829,16,125,1.6
2024-01-26,15-34,19059537,11222950,123,607,3.2
2024-01-26,35-59,28508100,15053762,235,1401,4.9
2024-01-26,60-79,18749279,5218307,321,1861,9.9
2024-01-26,80+,6112952,1739273,262,1752,28.7
2024-01-27,00-04,3988681,1040248,41,312,7.8
2024-01-27,00+,84358845,38808858,849,5994,7.1
2024-01-27,05-14,7940296,4501845,16,121,1.5
2024-01-27,15-34,19059537,11223038,88,614,3.2
2024-01-27,35-59,28508100,15053953,191,1383,4.9
2024-01-27,60-79,18749279,5218572,265,1854,9.9
2024-01-27,80+,6112952,1739521,248,1706,27.9
2024-01-28,00-04,3988681,1040256,8,316,7.9
2024-01-28,00+,84358845,38808954,96,5981,7.1
2024-01-28,05-14,7940296,4501850,5,122,1.5
2024-01-28,15-34,19059537,11223043,5,611,3.2
2024-01-28,35-59,28508100,15053972,19,1378,4.8
2024-01-28,60-79,18749279,5218604,32,1848,9.9
2024-01-28,80+,6112952,1739548,27,1702,27.8
2024-01-29,00-04,3988681,1040262,6,317,7.9
2024-01-29,00+,84358845,38809028,74,5980,7.1
2024-01-29,05-14,7940296,4501852,2,122,1.5
2024-01-29,15-34,19059537,11223044,1,609,3.2
2024-01-29,35-59,28508100,15053983,11,1379,4.8
2024-01-29,60-79,18749279,5218634,30,1849,9.9
2024-01-29,80+,6112952,1739572,24,1700,27.8
2024-01-30,00-04,3988681,1040334,72,283,7.1
2024-01-30,00+,84358845,38810553,1525,5783,6.9
2024-01-30,05-14,7940296,4501883,31,128,1.6
2024-01-30,15-34,19059537,11223162,118,589,3.1
2024-01-30,35-59,28508100,15054269,286,1310,4.6
2024-01-30,60-79,18749279,5219149,515,1816,9.7
2024-01-30,80+,6112952,1740075,503,1654,27.1
2024-01-31,00-04,3988681,1040372,38,268,6.7
2024-01-31,00+,84358845,38811501,948,5569,6.6
2024-01-31,05-14,7940296,4501904,21,125,1.6
2024-01-31,15-34,19059537,11223254,92,555,2.9
2024-01-31,35-59,28508100,15054491,222,1249,4.4
2024-01-31,60-79,18749279,5219463,314,1775,9.5
2024-01-31,80+,6112952,1740334,259,1593,26.1
2024-02-01,00-04,3988681,1040430,58,281,7
2024-02-01,00+,84358845,38812440,939,5448,6.5
2024-02-01,05-14,7940296,4501936,32,123,1.5
2024-02-01,15-34,19059537,11223344,90,517,2.7
2024-02-01,35-59,28508100,15054710,219,1183,4.1
2024-02-01,60-79,18749279,5219733,270,1747,9.3
2024-02-01,80+,6112952,1740604,270,1593,26.1
2024-02-02,00-04,3988681,1040484,54,277,6.9
2024-02-02,00+,84358845,38813286,846,5277,6.3
2024-02-02,05-14,7940296,4501957,21,128,1.6
2024-02-02,15-34,19059537,11223413,69,463,2.4
2024-02-02,35-59,28508100,15054909,199,1147,4
2024-02-02,60-79,18749279,5219994,261,1687,9
2024-02-02,80+,6112952,1740846,242,1573,25.7
2024-02-03,00-04,3988681,1040517,33,269,6.7
2024-02-03,00+,84358845,38813958,672,5100,6
2024-02-03,05-14,7940296,4501969,12,124,1.6
2024-02-03,15-34,19059537,11223474,61,436,2.3
2024-02-03,35-59,28508100,15055065,156,1112,3.9
2024-02-03,60-79,18749279,5220207,213,1635,8.7
2024-02-03,80+,6112952,1741043,197,1522,24.9
2024-02-04,00-04,3988681,1040520,3,264,6.6
2024-02-04,00+,84358845,38814032,74,5078,6
2024-02-04,05-14,7940296,4501971,2,121,1.5
2024-02-04,15-34,19059537,11223480,6,437,2.3
2024-02-04,35-59,28508100,15055087,22,1115,3.9
2024-02-04,60-79,18749279,5220231,24,1627,8.7
2024-02-04,80+,6112952,1741060,17,1512,24.7
2024-02-05,00-04,3988681,1040524,4,262,6.6
2024-02-05,00+,84358845,38814093,61,5065,6
2024-02-05,05-14,7940296,4501971,0,119,1.5
2024-02-05,15-34,19059537,11223486,6,442,2.3
2024-02-05,35-59,28508100,15055099,12,1116,3.9
2024-02-05,60-79,18749279,5220244,13,1610,8.6
2024-02-05,80+,6112952,1741086,26,1514,24.8
2024-02-06,00-04,3988681,1040582,58,248,6.2
2024-02-06,00+,84358845,38815355,1262,4802,5.7
2024-02-06,05-14,7940296,4501996,25,113,1.4
2024-02-06,15-34,19059537,11223586,100,424,2.2
2024-02-06,35-59,28508100,15055326,227,1057,3.7
2024-02-06,60-79,18749279,5220664,420,1515,8.1
2024-02-06,80+,6112952,1741518,432,1443,23.6
2024-02-07,00-04,3988681,1040626,44,254,6.4
2024-02-07,00+,84358845,38816258,903,4757,5.6
2024-02-07,05-14,7940296,4502024,28,120,1.5
2024-02-07,15-34,19059537,11223672,86,418,2.2
2024-02-07,35-59,28508100,15055531,205,1040,3.6
2024-02-07,60-79,18749279,5220960,296,1497,8
2024-02-07,80+,6112952,1741761,243,1427,23.3
2024-02-08,00-04,3988681,1040663,37,233,5.8
2024-02-08,00+,84358845,38816983,725,4543,5.4
2024-02-08,05-14,7940296,4502040,16,104,1.3
2024-02-08,15-34,19059537,11223758,86,414,2.2
2024-02-08,35-59,28508100,15055708,177,998,3.5
2024-02-08,60-79,18749279,5221165,205,1432,7.6
2024-02-08,80+,6112952,1741965,204,1361,22.3
2024-02-09,00-04,3988681,1040690,27,206,5.2
2024-02-09,00+,84358845,38817627,644,4341,5.1
2024-02-09,05-14,7940296,4502057,17,100,1.3
2024-02-09,15-34,19059537,11223826,68,413,2.2
2024-02-09,35-59,28508100,15055853,145,944,3.3
2024-02-09,60-79,18749279,5221372,207,1378,7.3
2024-02-09,80+,6112952,1742145,180,1299,21.2
2024-02-10,00-04,3988681,1040720,30,203,5.1
2024-02-10,00+,84358845,38818244,617,4286,5.1
2024-02-10,05-14,7940296,4502077,20,108,1.4
2024-02-10,15-34,19059537,11223882,56,408,2.1
2024-02-10,35-59,28508100,15056002,149,937,3.3
2024-02-10,60-79,18749279,5221555,183,1348,7.2
2024-02-10,80+,6112952,1742322,177,1279,20.9
2024-02-11,00-04,3988681,1040721,1,201,5
2024-02-11,00+,84358845,38818321,77,4289,5.1
2024-02-11,05-14,7940296,4502079,2,108,1.4
2024-02-11,15-34,19059537,11223891,9,411,2.2
2024-02-11,35-59,28508100,15056014,12,927,3.3
2024-02-11,60-79,18749279,5221573,18,1342,7.2
2024-02-11,80+,6112952,1742357,35,1297,21.2
2024-02-12,00-04,3988681,1040722,1,198,5
2024-02-12,00+,84358845,38818374,53,4281,5.1
2024-02-12,05-14,7940296,4502079,0,108,1.4
2024-02-12,15-34,19059537,11223895,4,409,2.1
2024-02-12,35-59,28508100,15056018,4,919,3.2
2024-02-12,60-79,18749279,5221592,19,1348,7.2
2024-02-12,80+,6112952,1742382,25,1296,21.2
2024-02-13,00-04,3988681,1040754,32,172,4.3
2024-02-13,00+,84358845,38819193,819,3838,4.5
2024-02-13,05-14,7940296,4502096,17,100,1.3
2024-02-13,15-34,19059537,11223949,54,363,1.9
2024-02-13,35-59,28508100,15056167,149,841,3
2024-02-13,60-79,18749279,5221885,293,1221,6.5
2024-02-13,80+,6112952,1742655,273,1137,18.6
2024-02-14,00-04,3988681,1040789,35,163,4.1
2024-02-14,00+,84358845,38819832,639,3574,4.2
2024-02-14,05-14,7940296,4502104,8,80,1
2024-02-14,15-34,19059537,11224012,63,340,1.8
2024-02-14,35-59,28508100,15056297,130,766,2.7
2024-02-14,60-79,18749279,5222081,196,1121,6
2024-02-14,80+,6112952,1742862,207,1101,18
2024-02-15,00-04,3988681,1040810,21,147,3.7
2024-02-15,00+,84358845,38820386,554,3403,4
2024-02-15,05-14,7940296,4502112,8,72,0.9
2024-02-15,15-34,19059537,11224051,39,293,1.5
2024-02-15,35-59,28508100,15056434,137,726,2.5
2024-02-15,60-79,18749279,5222256,175,1091,5.8
2024-02-15,80+,6112952,1743036,174,1071,17.5
2024-02-16,00-04,3988681,1040836,26,146,3.7
2024-02-16,00+,84358845,38820855,469,3228,3.8
2024-02-16,05-14,7940296,4502116,4,59,0.7
2024-02-16,15-34,19059537,11224103,52,277,1.5
2024-02-16,35-59,28508100,15056538,104,685,2.4
2024-02-16,60-79,18749279,5222393,137,1021,5.4
2024-02-16,80+,6112952,1743181,145,1036,16.9
2024-02-17,00-04,3988681,1040847,11,127,3.2
2024-02-17,00+,84358845,38821281,426,3037,3.6
2024-02-17,05-14,7940296,4502125,9,48,0.6
2024-02-17,15-34,19059537,11224141,38,259,1.4
2024-02-17,35-59,28508100,15056624,86,622,2.2
2024-02-17,60-79,18749279,5222535,142,980,5.2
2024-02-17,80+,6112952,1743321,140,999,16.3
2024-02-18,00-04,3988681,1040847,0,126,3.2
2024-02-18,00+,84358845,38821325,44,3004,3.6
2024-02-18,05-14,7940296,4502125,0,46,0.6
2024-02-18,15-34,19059537,11224145,4,254,1.3
2024-02-18,35-59,28508100,15056638,14,624,2.2
2024-02-18,60-79,18749279,5222547,12,974,5.2
2024-02-18,80+,6112952,1743335,14,978,16
2024-02-19,00-04,3988681,1040851,4,129,3.2
2024-02-19,00+,84358845,38821360,35,2986,3.5
2024-02-19,05-14,7940296,4502127,2,48,0.6
2024-02-19,15-34,19059537,11224147,2,252,1.3
2024-02-19,35-59,28508100,15056641,3,623,2.2
2024-02-19,60-79,18749279,5222561,14,969,5.2
2024-02-19,80+,6112952,1743345,10,963,15.8
2024-02-20,00-04,3988681,1040883,32,129,3.2
2024-02-20,00+,84358845,38822162,802,2969,3.5
2024-02-20,05-14,7940296,4502146,19,50,0.6
2024-02-20,15-34,19059537,11224215,68,266,1.4
2024-02-20,35-59,28508100,15056805,164,638,2.2
2024-02-20,60-79,18749279,5222812,251,927,4.9
2024-02-20,80+,6112952,1743613,268,958,15.7
2024-02-21,00-04,3988681,1040901,18,112,2.8
2024-02-21,00+,84358845,38822607,445,2775,3.3
2024-02-21,05-14,7940296,4502147,1,43,0.5
2024-02-21,15-34,19059537,11224258,43,246,1.3
2024-02-21,35-59,28508100,15056897,92,600,2.1
2024-02-21,60-79,18749279,5222963,151,882,4.7
2024-02-21,80+,6112952,1743752,139,890,14.6
2024-02-22,00-04,3988681,1040908,7,98,2.5
2024-02-22,00+,84358845,38822969,362,2583,3.1
2024-02-22,05-14,7940296,4502156,9,44,0.6
2024-02-22,15-34,19059537,11224291,33,240,1.3
2024-02-22,35-59,28508100,15056992,95,558,2
2024-02-22,60-79,18749279,5223066,103,810,4.3
2024-02-22,80+,6112952,1743867,115,831,13.6
2024-02-23,00-04,3988681,1040929,21,93,2.3
2024-02-23,00+,84358845,38823360,391,2505,3
2024-02-23,05-14,7940296,4502165,9,49,0.6
2024-02-23,15-34,19059537,11224318,27,215,1.1
2024-02-23,35-59,28508100,15057095,103,557,2
2024-02-23,60-79,18749279,5223181,115,788,4.2
2024-02-23,80+,6112952,1743983,116,802,13.1
2024-02-24,00-04,3988681,1040946,17,99,2.5
2024-02-24,00+,84358845,38823660,300,2379,2.8
2024-02-24,05-14,7940296,4502171,6,46,0.6
2024-02-24,15-34,19059537,11224347,29,206,1.1
2024-02-24,35-59,28508100,15057153,58,529,1.9
2024-02-24,60-79,18749279,5223289,108,754,4
2024-02-24,80+,6112952,1744065,82,744,12.2
2024-02-25,00-04,3988681,1040946,0,99,2.5
2024-02-25,00+,84358845,38823689,29,2364,2.8
2024-02-25,05-14,7940296,4502171,0,46,0.6
2024-02-25,15-34,19059537,11224350,3,205,1.1
2024-02-25,35-59,28508100,15057159,6,521,1.8
2024-02-25,60-79,18749279,5223301,12,754,4
2024-02-25,80+,6112952,1744073,8,738,12.1
2024-02-26,00-04,3988681,1040948,2,97,2.4
2024-02-26,00+,84358845,38823712,23,2352,2.8
2024-02-26,05-14,7940296,4502171,0,44,0.6
2024-02-26,15-34,19059537,11224350,0,203,1.1
2024-02-26,35-59,28508100,15057163,4,522,1.8
2024-02-26,60-79,18749279,5223310,9,749,4
2024-02-26,80+,6112952,1744081,8,736,12
2024-02-27,00-04,3988681,1040975,27,92,2.3
2024-02-27,00+,84358845,38824266,554,2104,2.5
2024-02-27,05-14,7940296,4502181,10,35,0.4
2024-02-27,15-34,19059537,11224394,44,179,0.9
2024-02-27,35-59,28508100,15057271,108,466,1.6
2024-02-27,60-79,18749279,5223487,177,675,3.6
2024-02-27,80+,6112952,1744269,188,656,10.7
2024-02-28,00-04,3988681,1040990,15,89,2.2
2024-02-28,00+,84358845,38824607,341,2000,2.4
2024-02-28,05-14,7940296,4502189,8,42,0.5
2024-02-28,15-34,19059537,11224414,20,156,0.8
2024-02-28,35-59,28508100,15057335,64,438,1.5
2024-02-28,60-79,18749279,5223605,118,642,3.4
2024-02-28,80+,6112952,1744384,115,632,10.3
2024-02-29,00-04,3988681,1041001,11,93,2.3
2024-02-29,00+,84358845,38824925,318,1956,2.3
2024-02-29,05-14,7940296,4502193,4,37,0.5
2024-02-29,15-34,19059537,11224436,22,145,0.8
2024-02-29,35-59,28508100,15057403,68,411,1.4
2024-02-29,60-79,18749279,5223719,114,653,3.5
2024-02-29,80+,6112952,1744482,98,615,10.1
2024-03-01,00-04,3988681,1041013,12,84,2.1
2024-03-01,00+,84358845,38825246,321,1886,2.2
2024-03-01,05-14,7940296,4502196,3,31,0.4
2024-03-01,15-34,19059537,11224474,38,156,0.8
2024-03-01,35-59,28508100,15057472,69,377,1.3
2024-03-01,60-79,18749279,5223818,99,637,3.4
2024-03-01,80+,6112952,1744582,100,599,9.8
2024-03-02,00-04,3988681,1041018,5,72,1.8
2024-03-02,00+,84358845,38825449,203,1789,2.1
2024-03-02,05-14,7940296,4502200,4,29,0.4
2024-03-02,15-34,19059537,11224495,21,148,0.8
2024-03-02,35-59,28508100,15057525,53,372,1.3
2024-03-02,60-79,18749279,5223869,51,580,3.1
2024-03-02,80+,6112952,1744651,69,586,9.6
2024-03-03,00-04,3988681,1041019,1,73,1.8
2024-03-03,00+,84358845,38825477,28,1788,2.1
2024-03-03,05-14,7940296,4502200,0,29,0.4
2024-03-03,15-34,19059537,11224495,0,145,0.8
2024-03-03,35-59,28508100,15057530,5,371,1.3
2024-03-03,60-79,18749279,5223875,6,574,3.1
2024-03-03,80+,6112952,1744667,16,594,9.7
2024-03-04,00-04,3988681,1041020,1,72,1.8
2024-03-04,00+,84358845,38825491,14,1779,2.1
2024-03-04,05-14,7940296,4502200,0,29,0.4
2024-03-04,15-34,19059537,11224495,0,145,0.8
2024-03-04,35-59,28508100,15057532,2,369,1.3
2024-03-04,60-79,18749279,5223879,4,569,3
2024-03-04,80+,6112952,1744674,7,593,9.7
2024-03-05,00-04,3988681,1041045,25,70,1.8
2024-03-05,00+,84358845,38825974,483,1708,2
2024-03-05,05-14,7940296,4502208,8,27,0.3
2024-03-05,15-34,19059537,11224528,33,134,0.7
2024-03-05,35-59,28508100,15057605,73,334,1.2
2024-03-05,60-79,18749279,5224055,176,568,3
2024-03-05,80+,6112952,1744841,167,572,9.4
2024-03-06,00-04,3988681,1041053,8,63,1.6
2024-03-06,00+,84358845,38826280,306,1673,2
2024-03-06,05-14,7940296,4502213,5,24,0.3
2024-03-06,15-34,19059537,11224553,25,139,0.7
2024-03-06,35-59,28508100,15057666,61,331,1.2
2024-03-06,60-79,18749279,5224163,108,558,3
2024-03-06,80+,6112952,1744940,99,556,9.1
2024-03-07,00-04,3988681,1041058,5,57,1.4
2024-03-07,00+,84358845,38826535,255,1610,1.9
2024-03-07,05-14,7940296,4502214,1,21,0.3
2024-03-07,15-34,19059537,11224585,32,149,0.8
2024-03-07,35-59,28508100,15057720,54,317,1.1
2024-03-07,60-79,18749279,5224243,80,524,2.8
2024-03-07,80+,6112952,1745023,83,541,8.9
2024-03-08,00-04,3988681,1041073,15,60,1.5
2024-03-08,00+,84358845,38826753,218,1507,1.8
2024-03-08,05-14,7940296,4502217,3,21,0.3
2024-03-08,15-34,19059537,11224610,25,136,0.7
2024-03-08,35-59,28508100,15057777,57,305,1.1
2024-03-08,60-79,18749279,5224295,52,477,2.5
2024-03-08,80+,6112952,1745089,66,507,8.3
2024-03-09,00-04,3988681,1041078,5,60,1.5
2024-03-09,00+,84358845,38826917,164,1468,1.7
2024-03-09,05-14,7940296,4502222,5,22,0.3
2024-03-09,15-34,19059537,11224624,14,129,0.7
2024-03-09,35-59,28508100,15057811,34,286,1
2024-03-09,60-79,18749279,5224356,61,487,2.6
2024-03-09,80+,6112952,1745134,45,483,7.9
2024-03-10,00-04,3988681,1041079,1,60,1.5
2024-03-10,00+,84358845,38826938,21,1461,1.7
2024-03-10,05-14,7940296,4502222,0,22,0.3
2024-03-10,15-34,19059537,11224625,1,130,0.7
2024-03-10,35-59,28508100,15057814,3,284,1
2024-03-10,60-79,18749279,5224364,8,489,2.6
2024-03-10,80+,6112952,1745142,8,475,7.8
2024-03-11,00-04,3988681,1041080,1,60,1.5
2024-03-11,00+,84358845,38826957,19,1466,1.7
2024-03-11,05-14,7940296,4502222,0,22,0.3
2024-03-11,15-34,19059537,11224627,2,132,0.7
2024-03-11,35-59,28508100,15057814,0,282,1
2024-03-11,60-79,18749279,5224369,5,490,2.6
2024-03-11,80+,6112952,1745153,11,479,7.8
2024-03-12,00-04,3988681,1041100,20,55,1.4
2024-03-12,00+,84358845,38827313,356,1339,1.6
2024-03-12,05-14,7940296,4502227,5,19,0.2
2024-03-12,15-34,19059537,11224656,29,128,0.7
2024-03-12,35-59,28508100,15057879,65,274,1
2024-03-12,60-79,18749279,5224496,127,441,2.4
2024-03-12,80+,6112952,1745263,110,422,6.9
2024-03-13,00-04,3988681,1041113,13,60,1.5
2024-03-13,00+,84358845,38827540,227,1260,1.5
2024-03-13,05-14,7940296,4502233,6,20,0.3
2024-03-13,15-34,19059537,11224672,16,119,0.6
2024-03-13,35-59,28508100,15057923,44,257,0.9
2024-03-13,60-79,18749279,5224576,80,413,2.2
2024-03-13,80+,6112952,1745331,68,391,6.4
2024-03-14,00-04,3988681,1041120,7,62,1.6
2024-03-14,00+,84358845,38827754,214,1219,1.4
2024-03-14,05-14,7940296,4502237,4,23,0.3
2024-03-14,15-34,19059537,11224696,24,111,0.6
2024-03-14,35-59,28508100,15057970,47,250,0.9
2024-03-14,60-79,18749279,5224645,69,402,2.1
2024-03-14,80+,6112952,1745394,63,371,6.1
2024-03-15,00-04,3988681,1041129,9,56,1.4
2024-03-15,00+,84358845,38827955,201,1202,1.4
2024-03-15,05-14,7940296,4502240,3,23,0.3
2024-03-15,15-34,19059537,11224726,30,116,0.6
2024-03-15,35-59,28508100,15058005,35,228,0.8
2024-03-15,60-79,18749279,5224709,64,414,2.2
2024-03-15,80+,6112952,1745454,60,365,6
2024-03-16,00-04,3988681,1041134,5,56,1.4
2024-03-16,00+,84358845,38828123,168,1206,1.4
2024-03-16,05-14,7940296,4502246,6,24,0.3
2024-03-16,15-34,19059537,11224736,10,112,0.6
2024-03-16,35-59,28508100,15058042,37,231,0.8
2024-03-16,60-79,18749279,5224765,56,409,2.2
2024-03-16,80+,6112952,1745508,54,374,6.1
2024-03-17,00-04,3988681,1041134,0,55,1.4
2024-03-17,00+,84358845,38828131,8,1193,1.4
2024-03-17,05-14,7940296,4502246,0,24,0.3
2024-03-17,15-34,19059537,11224739,3,114,0.6
2024-03-17,35-59,28508100,15058044,2,230,0.8
2024-03-17,60-79,18749279,5224767,2,403,2.1
2024-03-17,80+,6112952,1745509,1,367,6
2024-03-18,00-04,3988681,1041135,1,55,1.4
2024-03-18,00+,84358845,38828145,14,1188,1.4
2024-03-18,05-14,7940296,4502246,0,24,0.3
2024-03-18,15-34,19059537,11224739,0,112,0.6
2024-03-18,35-59,28508100,15058047,3,233,0.8
2024-03-18,60-79,18749279,5224775,8,406,2.2
2024-03-18,80+,6112952,1745511,2,358,5.9
2024-03-19,00-04,3988681,1041153,18,53,1.3
2024-03-19,00+,84358845,38828457,312,1144,1.4
2024-03-19,05-14,7940296,4502250,4,23,0.3
2024-03-19,15-34,19059537,11224765,26,109,0.6
2024-03-19,35-59,28508100,15058103,56,224,0.8
2024-03-19,60-79,18749279,5224878,103,382,2
2024-03-19,80+,6112952,1745616,105,353,5.8
2024-03-20,00-04,3988681,1041154,1,41,1
2024-03-20,00+,84358845,38828656,199,1116,1.3
2024-03-20,05-14,7940296,4502256,6,23,0.3
2024-03-20,15-34,19059537,11224791,26,119,0.6
2024-03-20,35-59,28508100,15058136,33,213,0.7
2024-03-20,60-79,18749279,5224953,75,377,2
2024-03-20,80+,6112952,1745673,57,342,5.6
2024-03-21,00-04,3988681,1041163,9,43,1.1
2024-03-21,00+,84358845,38828848,192,1094,1.3
2024-03-21,05-14,7940296,4502261,5,24,0.3
2024-03-21,15-34,19059537,11224808,17,112,0.6
2024-03-21,35-59,28508100,15058171,35,201,0.7
2024-03-21,60-79,18749279,5225016,63,371,2
2024-03-21,80+,6112952,1745735,62,341,5.6
2024-03-22,00-04,3988681,1041172,9,43,1.1
2024-03-22,00+,84358845,38828991,143,1036,1.2
2024-03-22,05-14,7940296,4502263,2,23,0.3
2024-03-22,15-34,19059537,11224818,10,92,0.5
2024-03-22,35-59,28508100,15058195,24,190,0.7
2024-03-22,60-79,18749279,5225065,49,356,1.9
2024-03-22,80+,6112952,1745784,49,330,5.4
2024-03-23,00-04,3988681,1041174,2,40,1
2024-03-23,00+,84358845,38829110,119,987,1.2
2024-03-23,05-14,7940296,4502266,3,20,0.3
2024-03-23,15-34,19059537,11224828,10,92,0.5
2024-03-23,35-59,28508100,15058219,24,177,0.6
2024-03-23,60-79,18749279,5225108,43,343,1.8
2024-03-23,80+,6112952,1745821,37,313,5.1
2024-03-24,00-04,3988681,1041175,1,41,1
2024-03-24,00+,84358845,38829132,22,1001,1.2
2024-03-24,05-14,7940296,4502266,0,20,0.3
2024-03-24,15-34,19059537,11224828,0,89,0.5
2024-03-24,35-59,28508100,15058227,8,183,0.6
2024-03-24,60-79,18749279,5225111,3,344,1.8
2024-03-24,80+,6112952,1745831,10,322,5.3
2024-03-25,00-04,3988681,1041176,1,41,1
2024-03-25,00+,84358845,38829142,10,997,1.2
2024-03-25,05-14,7940296,4502266,0,20,0.3
2024-03-25,15-34,19059537,11224830,2,91,0.5
2024-03-25,35-59,28508100,15058228,1,181,0.6
2024-03-25,60-79,18749279,5225114,3,339,1.8
2024-03-25,80+,6112952,1745834,3,323,5.3
2024-03-26,00-04,3988681,1041191,15,38,1
2024-03-26,00+,84358845,38829413,271,956,1.1
2024-03-26,05-14,7940296,4502270,4,20,0.3
2024-03-26,15-34,19059537,11224857,27,92,0.5
2024-03-26,35-59,28508100,15058281,53,178,0.6
2024-03-26,60-79,18749279,5225205,91,327,1.7
2024-03-26,80+,6112952,1745915,81,299,4.9
2024-03-27,00-04,3988681,1041195,4,41,1
2024-03-27,00+,84358845,38829589,176,933,1.1
2024-03-27,05-14,7940296,4502272,2,16,0.2
2024-03-27,15-34,19059537,11224870,13,79,0.4
2024-03-27,35-59,28508100,15058310,29,174,0.6
2024-03-27,60-79,18749279,5225268,63,315,1.7
2024-03-27,80+,6112952,1745980,65,307,5
2024-03-28,00-04,3988681,1041199,4,36,0.9
2024-03-28,00+,84358845,38829730,141,882,1
2024-03-28,05-14,7940296,4502274,2,13,0.2
2024-03-28,15-34,19059537,11224882,12,74,0.4
2024-03-28,35-59,28508100,15058336,26,165,0.6
2024-03-28,60-79,18749279,5225320,52,304,1.6
2024-03-28,80+,6112952,1746025,45,290,4.7
2024-03-29,00-04,3988681,1041205,6,33,0.8
2024-03-29,00+,84358845,38829885,155,894,1.1
2024-03-29,05-14,7940296,4502274,0,11,0.1
2024-03-29,15-34,19059537,11224892,10,74,0.4
2024-03-29,35-59,28508100,15058357,21,162,0.6
2024-03-29,60-79,18749279,5225378,58,313,1.7
2024-03-29,80+,6112952,1746085,60,301,4.9
2024-03-30,00-04,3988681,1041206,1,32,0.8
2024-03-30,00+,84358845,38829895,10,785,0.9
2024-03-30,05-14,7940296,4502274,0,8,0.1
2024-03-30,15-34,19059537,11224892,0,64,0.3
2024-03-30,35-59,28508100,15058358,1,139,0.5
2024-03-30,60-79,18749279,5225381,3,273,1.5
2024-03-30,80+,6112952,1746090,5,269,4.4
2024-03-31,00-04,3988681,1041207,1,32,0.8
2024-03-31,00+,84358845,38829909,14,777,0.9
2024-03-31,05-14,7940296,4502275,1,9,0.1
2024-03-31,15-34,19059537,11224893,1,65,0.3
2024-03-31,35-59,28508100,15058362,4,135,0.5
2024-03-31,60-79,18749279,5225383,2,272,1.5
2024-03-31,80+,6112952,1746095,5,264,4.3
2024-04-01,00-04,3988681,1041207,0,31,0.8
2024-04-01,00+,84358845,38829923,14,781,0.9
2024-04-01,05-14,7940296,4502275,0,9,0.1
2024-04-01,15-34,19059537,11224893,0,63,0.3
2024-04-01,35-59,28508100,15058364,2,136,0.5
2024-04-01,60-79,18749279,5225389,6,275,1.5
2024-04-01,80+,6112952,1746101,6,267,4.4
2024-04-02,00-04,3988681,1041207,0,16,0.4
2024-04-02,00+,84358845,38829939,16,526,0.6
2024-04-02,05-14,7940296,4502275,0,5,0.1
2024-04-02,15-34,19059537,11224893,0,36,0.2
2024-04-02,35-59,28508100,15058368,4,87,0.3
2024-04-02,60-79,18749279,5225396,7,191,1
2024-04-02,80+,6112952,1746106,5,191,3.1
2024-04-03,00-04,3988681,1041222,15,27,0.7
2024-04-03,00+,84358845,38830275,336,686,0.8
2024-04-03,05-14,7940296,4502277,2,5,0.1
2024-04-03,15-34,19059537,11224917,24,47,0.2
2024-04-03,35-59,28508100,15058417,49,107,0.4
2024-04-03,60-79,18749279,5225512,116,244,1.3
2024-04-03,80+,6112952,1746236,130,256,4.2
2024-04-04,00-04,3988681,1041228,6,29,0.7
2024-04-04,00+,84358845,38830415,140,685,0.8
2024-04-04,05-14,7940296,4502278,1,4,0.1
2024-04-04,15-34,19059537,11224926,9,44,0.2
2024-04-04,35-59,28508100,15058452,35,116,0.4
2024-04-04,60-79,18749279,5225550,38,230,1.2
2024-04-04,80+,6112952,1746287,51,262,4.3
2024-04-05,00-04,3988681,1041232,4,27,0.7
2024-04-05,00+,84358845,38830554,139,669,0.8
2024-04-05,05-14,7940296,4502278,0,4,0.1
2024-04-05,15-34,19059537,11224937,11,45,0.2
2024-04-05,35-59,28508100,15058484,32,127,0.4
2024-04-05,60-79,18749279,5225599,49,221,1.2
2024-04-05,80+,6112952,1746330,43,245,4
2024-04-06,00-04,3988681,1041237,5,31,0.8
2024-04-06,00+,84358845,38830661,107,766,0.9
2024-04-06,05-14,7940296,4502278,0,4,0.1
2024-04-06,15-34,19059537,11224951,14,59,0.3
2024-04-06,35-59,28508100,15058506,22,148,0.5
2024-04-06,60-79,18749279,5225623,24,242,1.3
2024-04-06,80+,6112952,1746372,42,282,4.6
2024-04-07,00-04,3988681,1041237,0,30,0.8
2024-04-07,00+,84358845,38830673,12,764,0.9
2024-04-07,05-14,7940296,4502278,0,3,0
2024-04-07,15-34,19059537,11224951,0,58,0.3
2024-04-07,35-59,28508100,15058509,3,147,0.5
2024-04-07,60-79,18749279,5225627,4,244,1.3
2024-04-07,80+,6112952,1746377,5,282,4.6
2024-04-08,00-04,3988681,1041239,2,32,0.8
2024-04-08,00+,84358845,38830684,11,761,0.9
2024-04-08,05-14,7940296,4502278,0,3,0
2024-04-08,15-34,19059537,11224951,0,58,0.3
2024-04-08,35-59,28508100,15058509,0,145,0.5
2024-04-08,60-79,18749279,5225633,6,244,1.3
2024-04-08,80+,6112952,1746380,3,279,4.6
2024-04-09,00-04,3988681,1041246,7,39,1
2024-04-09,00+,84358845,38830901,217,962,1.1
2024-04-09,05-14,7940296,4502280,2,5,0.1
2024-04-09,15-34,19059537,11224972,21,79,0.4
2024-04-09,35-59,28508100,15058552,43,184,0.6
2024-04-09,60-79,18749279,5225698,65,302,1.6
2024-04-09,80+,6112952,1746459,79,353,5.8
2024-04-10,00-04,3988681,1041249,3,27,0.7
2024-04-10,00+,84358845,38831004,103,729,0.9
2024-04-10,05-14,7940296,4502280,0,3,0
2024-04-10,15-34,19059537,11224978,6,61,0.3
2024-04-10,35-59,28508100,15058569,17,152,0.5
2024-04-10,60-79,18749279,5225737,39,225,1.2
2024-04-10,80+,6112952,1746496,37,260,4.3
2024-04-11,00-04,3988681,1041253,4,25,0.6
2024-04-11,00+,84358845,38831097,93,682,0.8
2024-04-11,05-14,7940296,4502283,3,5,0.1
2024-04-11,15-34,19059537,11224987,9,61,0.3
2024-04-11,35-59,28508100,15058588,19,136,0.5
2024-04-11,60-79,18749279,5225768,31,218,1.2
2024-04-11,80+,6112952,1746523,27,236,3.9
2024-04-12,00-04,3988681,1041260,7,28,0.7
2024-04-12,00+,84358845,38831197,100,643,0.8
2024-04-12,05-14,7940296,4502284,1,6,0.1
2024-04-12,15-34,19059537,11225000,13,63,0.3
2024-04-12,35-59,28508100,15058604,16,120,0.4
2024-04-12,60-79,18749279,5225807,39,208,1.1
2024-04-12,80+,6112952,1746547,24,217,3.5
2024-04-13,00-04,3988681,1041261,1,24,0.6
2024-04-13,00+,84358845,38831278,81,617,0.7
2024-04-13,05-14,7940296,4502285,1,7,0.1
2024-04-13,15-34,19059537,11225008,8,57,0.3
2024-04-13,35-59,28508100,15058628,24,122,0.4
2024-04-13,60-79,18749279,5225837,30,214,1.1
2024-04-13,80+,6112952,1746564,17,192,3.1
2024-04-14,00-04,3988681,1041262,1,25,0.6
2024-04-14,00+,84358845,38831289,11,616,0.7
2024-04-14,05-14,7940296,4502285,0,7,0.1
2024-04-14,15-34,19059537,11225009,1,58,0.3
2024-04-14,35-59,28508100,15058630,2,121,0.4
2024-04-14,60-79,18749279,5225843,6,216,1.2
2024-04-14,80+,6112952,1746565,1,188,3.1
2024-04-15,00-04,3988681,1041263,1,24,0.6
2024-04-15,00+,84358845,38831294,5,610,0.7
2024-04-15,05-14,7940296,4502285,0,7,0.1
2024-04-15,15-34,19059537,11225009,0,58,0.3
2024-04-15,35-59,28508100,15058631,1,122,0.4
2024-04-15,60-79,18749279,5225843,0,210,1.1
2024-04-15,80+,6112952,1746568,3,188,3.1
2024-04-16,00-04,3988681,1041269,6,23,0.6
2024-04-16,00+,84358845,38831459,165,558,0.7
2024-04-16,05-14,7940296,4502289,4,9,0.1
2024-04-16,15-34,19059537,11225028,19,56,0.3
2024-04-16,35-59,28508100,15058659,28,107,0.4
2024-04-16,60-79,18749279,5225910,67,212,1.1
2024-04-16,80+,6112952,1746608,40,149,2.4
2024-04-17,00-04,3988681,1041272,3,23,0.6
2024-04-17,00+,84358845,38831567,108,563,0.7
2024-04-17,05-14,7940296,4502291,2,11,0.1
2024-04-17,15-34,19059537,11225043,15,65,0.3
2024-04-17,35-59,28508100,15058686,27,117,0.4
2024-04-17,60-79,18749279,5225941,31,204,1.1
2024-04-17,80+,6112952,1746638,30,142,2.3
2024-04-18,00-04,3988681,1041277,5,24,0.6
2024-04-18,00+,84358845,38831665,98,568,0.7
2024-04-18,05-14,7940296,4502292,1,9,0.1
2024-04-18,15-34,19059537,11225054,11,67,0.4
2024-04-18,35-59,28508100,15058713,27,125,0.4
2024-04-18,60-79,18749279,5225967,26,199,1.1
2024-04-18,80+,6112952,1746666,28,143,2.3
2024-04-19,00-04,3988681,1041279,2,19,0.5
2024-04-19,00+,84358845,38831760,95,563,0.7
2024-04-19,05-14,7940296,4502293,1,9,0.1
2024-04-19,15-34,19059537,11225062,8,62,0.3
2024-04-19,35-59,28508100,15058739,26,135,0.5
2024-04-19,60-79,18749279,5226004,37,197,1.1
2024-04-19,80+,6112952,1746687,21,140,2.3
2024-04-20,00-04,3988681,1041283,4,22,0.6
2024-04-20,00+,84358845,38831838,78,560,0.7
2024-04-20,05-14,7940296,4502294,1,9,0.1
2024-04-20,15-34,19059537,11225075,13,67,0.4
2024-04-20,35-59,28508100,15058757,18,129,0.5
2024-04-20,60-79,18749279,5226032,28,195,1
2024-04-20,80+,6112952,1746701,14,137,2.2
2024-04-21,00-04,3988681,1041283,0,21,0.5
2024-04-21,00+,84358845,38831841,3,552,0.7
2024-04-21,05-14,7940296,4502294,0,9,0.1
2024-04-21,15-34,19059537,11225075,0,66,0.3
2024-04-21,35-59,28508100,15058758,1,128,0.4
2024-04-21,60-79,18749279,5226033,1,190,1
2024-04-21,80+,6112952,1746702,1,137,2.2
2024-04-22,00-04,3988681,1041283,0,20,0.5
2024-04-22,00+,84358845,38831843,2,549,0.7
2024-04-22,05-14,7940296,4502294,0,9,0.1
2024-04-22,15-34,19059537,11225075,0,66,0.3
2024-04-22,35-59,28508100,15058758,0,127,0.4
2024-04-22,60-79,18749279,5226034,1,191,1
2024-04-22,80+,6112952,1746703,1,135,2.2
2024-04-23,00-04,3988681,1041288,5,19,0.5
2024-04-23,00+,84358845,38832015,172,556,0.7
2024-04-23,05-14,7940296,4502302,8,13,0.2
2024-04-23,15-34,19059537,11225088,13,60,0.3
2024-04-23,35-59,28508100,15058790,32,131,0.5
2024-04-23,60-79,18749279,5226087,53,177,0.9
2024-04-23,80+,6112952,1746764,61,156,2.6
2024-04-24,00-04,3988681,1041293,5,21,0.5
2024-04-24,00+,84358845,38832151,136,584,0.7
2024-04-24,05-14,7940296,4502304,2,13,0.2
2024-04-24,15-34,19059537,11225099,11,56,0.3
2024-04-24,35-59,28508100,15058818,28,132,0.5
2024-04-24,60-79,18749279,5226140,53,199,1.1
2024-04-24,80+,6112952,1746801,37,163,2.7
2024-04-25,00-04,3988681,1041300,7,23,0.6
2024-04-25,00+,84358845,38832261,110,596,0.7
2024-04-25,05-14,7940296,4502305,1,13,0.2
2024-04-25,15-34,19059537,11225107,8,53,0.3
2024-04-25,35-59,28508100,15058844,26,131,0.5
2024-04-25,60-79,18749279,5226176,36,209,1.1
2024-04-25,80+,6112952,1746833,32,167,2.7
2024-04-26,00-04,3988681,1041306,6,27,0.7
2024-04-26,00+,84358845,38832377,116,617,0.7
2024-04-26,05-14,7940296,4502308,3,15,0.2
2024-04-26,15-34,19059537,11225120,13,58,0.3
2024-04-26,35-59,28508100,15058868,24,129,0.5
2024-04-26,60-79,18749279,5226220,44,216,1.2
2024-04-26,80+,6112952,1746859,26,172,2.8
2024-04-27,00-04,3988681,1041313,7,30,0.8
2024-04-27,00+,84358845,38832492,115,654,0.8
2024-04-27,05-14,7940296,4502310,2,16,0.2
2024-04-27,15-34,19059537,11225135,15,60,0.3
2024-04-27,35-59,28508100,15058896,28,139,0.5
2024-04-27,60-79,18749279,5226254,34,222,1.2
2024-04-27,80+,6112952,1746888,29,187,3.1
2024-04-28,00-04,3988681,1041313,0,30,0.8
2024-04-28,00+,84358845,38832511,19,670,0.8
2024-04-28,05-14,7940296,4502310,0,16,0.2
2024-04-28,15-34,19059537,11225137,2,62,0.3
2024-04-28,35-59,28508100,15058901,5,143,0.5
2024-04-28,60-79,18749279,5226257,3,224,1.2
2024-04-28,80+,6112952,1746897,9,195,3.2
2024-04-29,00-04,3988681,1041313,0,30,0.8
2024-04-29,00+,84358845,38832520,9,677,0.8
2024-04-29,05-14,7940296,4502310,0,16,0.2
2024-04-29,15-34,19059537,11225139,2,64,0.3
2024-04-29,35-59,28508100,15058903,2,145,0.5
2024-04-29,60-79,18749279,5226258,1,224,1.2
2024-04-29,80+,6112952,1746901,4,198,3.2
2024-04-30,00-04,3988681,1041334,21,46,1.2
2024-04-30,00+,84358845,38832840,320,825,1
2024-04-30,05-14,7940296,4502314,4,12,0.2
2024-04-30,15-34,19059537,11225163,24,75,0.4
2024-04-30,35-59,28508100,15058968,65,178,0.6
2024-04-30,60-79,18749279,5226347,89,260,1.4
2024-04-30,80+,6112952,1747018,117,254,4.2
2024-05-01,00-04,3988681,1041336,2,43,1.1
2024-05-01,00+,84358845,38833034,194,883,1
2024-05-01,05-14,7940296,4502320,6,16,0.2
2024-05-01,15-34,19059537,11225184,21,85,0.4
2024-05-01,35-59,28508100,15059007,39,189,0.7
2024-05-01,60-79,18749279,5226412,65,272,1.5
2024-05-01,80+,6112952,1747079,61,278,4.5
2024-05-02,00-04,3988681,1041336,0,36,0.9
2024-05-02,00+,84358845,38833044,10,783,0.9
2024-05-02,05-14,7940296,4502321,1,16,0.2
2024-05-02,15-34,19059537,11225184,0,77,0.4
2024-05-02,35-59,28508100,15059010,3,166,0.6
2024-05-02,60-79,18749279,5226413,1,237,1.3
2024-05-02,80+,6112952,1747084,5,251,4.1
2024-05-03,00-04,3988681,1041347,11,41,1
2024-05-03,00+,84358845,38833249,205,872,1
2024-05-03,05-14,7940296,4502325,4,17,0.2
2024-05-03,15-34,19059537,11225198,14,78,0.4
2024-05-03,35-59,28508100,15059056,46,188,0.7
2024-05-03,60-79,18749279,5226482,69,262,1.4
2024-05-03,80+,6112952,1747145,61,286,4.7
2024-05-04,00-04,3988681,1041357,10,44,1.1
2024-05-04,00+,84358845,38833419,170,927,1.1
2024-05-04,05-14,7940296,4502328,3,18,0.2
2024-05-04,15-34,19059537,11225219,21,84,0.4
2024-05-04,35-59,28508100,15059093,37,197,0.7
2024-05-04,60-79,18749279,5226530,48,276,1.5
2024-05-04,80+,6112952,1747196,51,308,5
2024-05-05,00-04,3988681,1041358,1,45,1.1
2024-05-05,00+,84358845,38833437,18,926,1.1
2024-05-05,05-14,7940296,4502328,0,18,0.2
2024-05-05,15-34,19059537,11225222,3,85,0.4
2024-05-05,35-59,28508100,15059097,4,196,0.7
2024-05-05,60-79,18749279,5226537,7,280,1.5
2024-05-05,80+,6112952,1747199,3,302,4.9
2024-05-06,00-04,3988681,1041358,0,45,1.1
2024-05-06,00+,84358845,38833452,15,932,1.1
2024-05-06,05-14,7940296,4502328,0,18,0.2
2024-05-06,15-34,19059537,11225224,2,85,0.4
2024-05-06,35-59,28508100,15059100,3,197,0.7
2024-05-06,60-79,18749279,5226543,6,285,1.5
2024-05-06,80+,6112952,1747203,4,302,4.9
2024-05-07,00-04,3988681,1041373,15,39,1
2024-05-07,00+,84358845,38833766,314,926,1.1
2024-05-07,05-14,7940296,4502334,6,20,0.3
2024-05-07,15-34,19059537,11225249,25,86,0.5
2024-05-07,35-59,28508100,15059161,61,193,0.7
2024-05-07,60-79,18749279,5226657,114,310,1.7
2024-05-07,80+,6112952,1747296,93,278,4.5
2024-05-08,00-04,3988681,1041381,8,45,1.1
2024-05-08,00+,84358845,38833930,164,896,1.1
2024-05-08,05-14,7940296,4502339,5,19,0.2
2024-05-08,15-34,19059537,11225266,17,82,0.4
2024-05-08,35-59,28508100,15059196,35,189,0.7
2024-05-08,60-79,18749279,5226708,51,296,1.6
2024-05-08,80+,6112952,1747344,48,265,4.3
2024-05-09,00-04,3988681,1041388,7,52,1.3
2024-05-09,00+,84358845,38834095,165,1051,1.2
2024-05-09,05-14,7940296,4502344,5,23,0.3
2024-05-09,15-34,19059537,11225286,20,102,0.5
2024-05-09,35-59,28508100,15059238,42,228,0.8
2024-05-09,60-79,18749279,5226753,45,340,1.8
2024-05-09,80+,6112952,1747383,39,299,4.9
2024-05-10,00-04,3988681,1041388,0,41,1
2024-05-10,00+,84358845,38834103,8,854,1
2024-05-10,05-14,7940296,4502344,0,19,0.2
2024-05-10,15-34,19059537,11225287,1,89,0.5
2024-05-10,35-59,28508100,15059239,1,183,0.6
2024-05-10,60-79,18749279,5226758,5,276,1.5
2024-05-10,80+,6112952,1747384,1,239,3.9
2024-05-11,00-04,3988681,1041395,7,38,1
2024-05-11,00+,84358845,38834283,180,864,1
2024-05-11,05-14,7940296,4502346,2,18,0.2
2024-05-11,15-34,19059537,11225306,19,87,0.5
2024-05-11,35-59,28508100,15059280,41,187,0.7
2024-05-11,60-79,18749279,5226813,55,283,1.5
2024-05-11,80+,6112952,1747438,54,242,4
2024-05-12,00-04,3988681,1041395,0,37,0.9
2024-05-12,00+,84358845,38834290,7,853,1
2024-05-12,05-14,7940296,4502346,0,18,0.2
2024-05-12,15-34,19059537,11225307,1,85,0.4
2024-05-12,35-59,28508100,15059282,2,185,0.6
2024-05-12,60-79,18749279,5226816,3,279,1.5
2024-05-12,80+,6112952,1747439,1,240,3.9
2024-05-13,00-04,3988681,1041396,1,38,1
2024-05-13,00+,84358845,38834300,10,848,1
2024-05-13,05-14,7940296,4502346,0,18,0.2
2024-05-13,15-34,19059537,11225307,0,83,0.4
2024-05-13,35-59,28508100,15059282,0,182,0.6
2024-05-13,60-79,18749279,5226821,5,278,1.5
2024-05-13,80+,6112952,1747443,4,240,3.9
2024-05-14,00-04,3988681,1041411,15,38,1
2024-05-14,00+,84358845,38834661,361,895,1.1
2024-05-14,05-14,7940296,4502348,2,14,0.2
2024-05-14,15-34,19059537,11225338,31,89,0.5
2024-05-14,35-59,28508100,15059340,58,179,0.6
2024-05-14,60-79,18749279,5226944,123,287,1.5
2024-05-14,80+,6112952,1747575,132,279,4.6
2024-05-15,00-04,3988681,1041420,9,39,1
2024-05-15,00+,84358845,38834931,270,1001,1.2
2024-05-15,05-14,7940296,4502350,2,11,0.1
2024-05-15,15-34,19059537,11225356,18,90,0.5
2024-05-15,35-59,28508100,15059399,59,203,0.7
2024-05-15,60-79,18749279,5227033,89,325,1.7
2024-05-15,80+,6112952,1747667,92,323,5.3
2024-05-16,00-04,3988681,1041426,6,38,1
2024-05-16,00+,84358845,38835094,163,999,1.2
2024-05-16,05-14,7940296,4502352,2,8,0.1
2024-05-16,15-34,19059537,11225379,23,93,0.5
2024-05-16,35-59,28508100,15059447,48,209,0.7
2024-05-16,60-79,18749279,5227082,49,329,1.8
2024-05-16,80+,6112952,1747702,35,319,5.2
2024-05-17,00-04,3988681,1041431,5,43,1.1
2024-05-17,00+,84358845,38835254,160,1151,1.4
2024-05-17,05-14,7940296,4502352,0,8,0.1
2024-05-17,15-34,19059537,11225399,20,112,0.6
2024-05-17,35-59,28508100,15059483,36,244,0.9
2024-05-17,60-79,18749279,5227136,54,378,2
2024-05-17,80+,6112952,1747747,45,363,5.9
2024-05-18,00-04,3988681,1041437,6,42,1.1
2024-05-18,00+,84358845,38835375,121,1092,1.3
2024-05-18,05-14,7940296,4502355,3,9,0.1
2024-05-18,15-34,19059537,11225414,15,108,0.6
2024-05-18,35-59,28508100,15059512,29,232,0.8
2024-05-18,60-79,18749279,5227179,43,366,2
2024-05-18,80+,6112952,1747772,25,334,5.5
2024-05-19,00-04,3988681,1041437,0,42,1.1
2024-05-19,00+,84358845,38835388,13,1098,1.3
2024-05-19,05-14,7940296,4502355,0,9,0.1
2024-05-19,15-34,19059537,11225416,2,109,0.6
2024-05-19,35-59,28508100,15059514,2,232,0.8
2024-05-19,60-79,18749279,5227183,4,367,2
2024-05-19,80+,6112952,1747777,5,338,5.5
2024-05-20,00-04,3988681,1041437,0,41,1
2024-05-20,00+,84358845,38835397,9,1097,1.3
2024-05-20,05-14,7940296,4502355,0,9,0.1
2024-05-20,15-34,19059537,11225416,0,109,0.6
2024-05-20,35-59,28508100,15059515,1,233,0.8
2024-05-20,60-79,18749279,5227190,7,369,2
2024-05-20,80+,6112952,1747778,1,335,5.5
2024-05-21,00-04,3988681,1041439,2,28,0.7
2024-05-21,00+,84358845,38835407,10,746,0.9
2024-05-21,05-14,7940296,4502355,0,7,0.1
2024-05-21,15-34,19059537,11225418,2,80,0.4
2024-05-21,35-59,28508100,15059515,0,175,0.6
2024-05-21,60-79,18749279,5227194,4,250,1.3
2024-05-21,80+,6112952,1747780,2,205,3.4
2024-05-22,00-04,3988681,1041452,13,32,0.8
2024-05-22,00+,84358845,38835717,310,786,0.9
2024-05-22,05-14,7940296,4502358,3,8,0.1
2024-05-22,15-34,19059537,11225448,30,92,0.5
2024-05-22,35-59,28508100,15059573,58,174,0.6
2024-05-22,60-79,18749279,5227281,87,248,1.3
2024-05-22,80+,6112952,1747899,119,232,3.8
2024-05-23,00-04,3988681,1041457,5,31,0.8
2024-05-23,00+,84358845,38835899,182,805,1
2024-05-23,05-14,7940296,4502362,4,10,0.1
2024-05-23,15-34,19059537,11225465,17,86,0.5
2024-05-23,35-59,28508100,15059617,44,170,0.6
2024-05-23,60-79,18749279,5227337,56,255,1.4
2024-05-23,80+,6112952,1747955,56,253,4.1
2024-05-24,00-04,3988681,1041468,11,37,0.9
2024-05-24,00+,84358845,38836069,170,815,1
2024-05-24,05-14,7940296,4502363,1,11,0.1
2024-05-24,15-34,19059537,11225479,14,80,0.4
2024-05-24,35-59,28508100,15059653,36,170,0.6
2024-05-24,60-79,18749279,5227394,57,258,1.4
2024-05-24,80+,6112952,1748006,51,259,4.2
2024-05-25,00-04,3988681,1041471,3,34,0.9
2024-05-25,00+,84358845,38836167,98,792,0.9
2024-05-25,05-14,7940296,4502364,1,9,0.1
2024-05-25,15-34,19059537,11225493,14,79,0.4
2024-05-25,35-59,28508100,15059682,29,170,0.6
2024-05-25,60-79,18749279,5227424,30,245,1.3
2024-05-25,80+,6112952,1748027,21,255,4.2
2024-05-26,00-04,3988681,1041472,1,35,0.9
2024-05-26,00+,84358845,38836184,17,796,0.9
2024-05-26,05-14,7940296,4502364,0,9,0.1
2024-05-26,15-34,19059537,11225498,5,82,0.4
2024-05-26,35-59,28508100,15059686,4,172,0.6
2024-05-26,60-79,18749279,5227430,6,247,1.3
2024-05-26,80+,6112952,1748028,1,251,4.1
2024-05-27,00-04,3988681,1041472,0,35,0.9
2024-05-27,00+,84358845,38836190,6,793,0.9
2024-05-27,05-14,7940296,4502364,0,9,0.1
2024-05-27,15-34,19059537,11225498,0,82,0.4
2024-05-27,35-59,28508100,15059686,0,171,0.6
2024-05-27,60-79,18749279,5227432,2,242,1.3
2024-05-27,80+,6112952,1748032,4,254,4.2
2024-05-28,00-04,3988681,1041486,14,47,1.2
2024-05-28,00+,84358845,38836440,250,1033,1.2
2024-05-28,05-14,7940296,4502369,5,14,0.2
2024-05-28,15-34,19059537,11225526,28,108,0.6
2024-05-28,35-59,28508100,15059746,60,231,0.8
2024-05-28,60-79,18749279,5227503,71,309,1.6
2024-05-28,80+,6112952,1748104,72,324,5.3
2024-05-29,00-04,3988681,1041494,8,42,1.1
2024-05-29,00+,84358845,38836614,174,897,1.1
2024-05-29,05-14,7940296,4502370,1,12,0.2
2024-05-29,15-34,19059537,11225544,18,96,0.5
2024-05-29,35-59,28508100,15059791,45,218,0.8
2024-05-29,60-79,18749279,5227555,52,274,1.5
2024-05-29,80+,6112952,1748154,50,255,4.2
2024-05-30,00-04,3988681,1041502,8,45,1.1
2024-05-30,00+,84358845,38836794,180,895,1.1
2024-05-30,05-14,7940296,4502374,4,12,0.2
2024-05-30,15-34,19059537,11225567,23,102,0.5
2024-05-30,35-59,28508100,15059828,37,211,0.7
2024-05-30,60-79,18749279,5227616,61,279,1.5
2024-05-30,80+,6112952,1748201,47,246,4
2024-05-31,00-04,3988681,1041503,1,35,0.9
2024-05-31,00+,84358845,38836851,57,782,0.9
2024-05-31,05-14,7940296,4502377,3,14,0.2
2024-05-31,15-34,19059537,11225576,9,97,0.5
2024-05-31,35-59,28508100,15059850,22,197,0.7
2024-05-31,60-79,18749279,5227628,12,234,1.2
2024-05-31,80+,6112952,1748211,10,205,3.4
2024-06-01,00-04,3988681,1041509,6,38,1
2024-06-01,00+,84358845,38837009,158,842,1
2024-06-01,05-14,7940296,4502378,1,14,0.2
2024-06-01,15-34,19059537,11225593,17,100,0.5
2024-06-01,35-59,28508100,15059887,37,205,0.7
2024-06-01,60-79,18749279,5227681,53,257,1.4
2024-06-01,80+,6112952,1748255,44,228,3.7
2024-06-02,00-04,3988681,1041509,0,37,0.9
2024-06-02,00+,84358845,38837021,12,837,1
2024-06-02,05-14,7940296,4502378,0,14,0.2
2024-06-02,15-34,19059537,11225596,3,98,0.5
2024-06-02,35-59,28508100,15059888,1,202,0.7
2024-06-02,60-79,18749279,5227686,5,256,1.4
2024-06-02,80+,6112952,1748258,3,230,3.8
2024-06-03,00-04,3988681,1041510,1,38,1
2024-06-03,00+,84358845,38837030,9,840,1
2024-06-03,05-14,7940296,4502378,0,14,0.2
2024-06-03,15-34,19059537,11225596,0,98,0.5
2024-06-03,35-59,28508100,15059888,0,202,0.7
2024-06-03,60-79,18749279,5227688,2,256,1.4
2024-06-03,80+,6112952,1748264,6,232,3.8
2024-06-04,00-04,3988681,1041523,13,37,0.9
2024-06-04,00+,84358845,38837336,306,896,1.1
2024-06-04,05-14,7940296,4502381,3,12,0.2
2024-06-04,15-34,19059537,11225630,34,104,0.5
2024-06-04,35-59,28508100,15059942,54,196,0.7
2024-06-04,60-79,18749279,5227797,109,294,1.6
2024-06-04,80+,6112952,1748357,93,253,4.1
2024-06-05,00-04,3988681,1041533,10,39,1
2024-06-05,00+,84358845,38837538,202,924,1.1
2024-06-05,05-14,7940296,4502384,3,14,0.2
2024-06-05,15-34,19059537,11225659,29,115,0.6
2024-06-05,35-59,28508100,15059993,51,202,0.7
2024-06-05,60-79,18749279,5227860,63,305,1.6
2024-06-05,80+,6112952,1748402,45,248,4.1
2024-06-06,00-04,3988681,1041539,6,37,0.9
2024-06-06,00+,84358845,38837765,227,971,1.2
2024-06-06,05-14,7940296,4502387,3,13,0.2
2024-06-06,15-34,19059537,11225688,29,121,0.6
2024-06-06,35-59,28508100,15060063,70,235,0.8
2024-06-06,60-79,18749279,5227925,65,309,1.6
2024-06-06,80+,6112952,1748456,54,255,4.2
2024-06-07,00-04,3988681,1041554,15,51,1.3
2024-06-07,00+,84358845,38837998,233,1147,1.4
2024-06-07,05-14,7940296,4502390,3,13,0.2
2024-06-07,15-34,19059537,11225722,34,146,0.8
2024-06-07,35-59,28508100,15060121,58,271,1
2024-06-07,60-79,18749279,5227998,73,370,2
2024-06-07,80+,6112952,1748505,49,294,4.8
2024-06-08,00-04,3988681,1041561,7,52,1.3
2024-06-08,00+,84358845,38838186,188,1177,1.4
2024-06-08,05-14,7940296,4502396,6,18,0.2
2024-06-08,15-34,19059537,11225743,21,150,0.8
2024-06-08,35-59,28508100,15060174,53,287,1
2024-06-08,60-79,18749279,5228047,49,366,2
2024-06-08,80+,6112952,1748556,51,301,4.9
2024-06-09,00-04,3988681,1041562,1,53,1.3
2024-06-09,00+,84358845,38838205,19,1184,1.4
2024-06-09,05-14,7940296,4502396,0,18,0.2
2024-06-09,15-34,19059537,11225746,3,150,0.8
2024-06-09,35-59,28508100,15060178,4,290,1
2024-06-09,60-79,18749279,5228051,4,365,1.9
2024-06-09,80+,6112952,1748563,7,305,5
2024-06-10,00-04,3988681,1041563,1,53,1.3
2024-06-10,00+,84358845,38838224,19,1194,1.4
2024-06-10,05-14,7940296,4502396,0,18,0.2
2024-06-10,15-34,19059537,11225748,2,152,0.8
2024-06-10,35-59,28508100,15060180,2,292,1
2024-06-10,60-79,18749279,5228057,6,369,2
2024-06-10,80+,6112952,1748571,8,307,5
2024-06-11,00-04,3988681,1041587,24,64,1.6
2024-06-11,00+,84358845,38838623,399,1287,1.5
2024-06-11,05-14,7940296,4502399,3,18,0.2
2024-06-11,15-34,19059537,11225792,44,162,0.8
2024-06-11,35-59,28508100,15060254,74,312,1.1
2024-06-11,60-79,18749279,5228189,132,392,2.1
2024-06-11,80+,6112952,1748692,121,335,5.5
2024-06-12,00-04,3988681,1041597,10,64,1.6
2024-06-12,00+,84358845,38838934,311,1396,1.7
2024-06-12,05-14,7940296,4502402,3,18,0.2
2024-06-12,15-34,19059537,11225833,41,174,0.9
2024-06-12,35-59,28508100,15060349,95,356,1.2
2024-06-12,60-79,18749279,5228270,81,410,2.2
2024-06-12,80+,6112952,1748773,81,371,6.1
2024-06-13,00-04,3988681,1041614,17,75,1.9
2024-06-13,00+,84358845,38839289,355,1524,1.8
2024-06-13,05-14,7940296,4502408,6,21,0.3
2024-06-13,15-34,19059537,11225888,55,200,1
2024-06-13,35-59,28508100,15060437,88,374,1.3
2024-06-13,60-79,18749279,5228376,106,451,2.4
2024-06-13,80+,6112952,1748856,83,400,6.5
2024-06-14,00-04,3988681,1041625,11,71,1.8
2024-06-14,00+,84358845,38839605,316,1607,1.9
2024-06-14,05-14,7940296,4502411,3,21,0.3
2024-06-14,15-34,19059537,11225935,47,213,1.1
2024-06-14,35-59,28508100,15060518,81,397,1.4
2024-06-14,60-79,18749279,5228473,97,475,2.5
2024-06-14,80+,6112952,1748932,76,427,7
2024-06-15,00-04,3988681,1041635,10,74,1.9
2024-06-15,00+,84358845,38839878,273,1692,2
2024-06-15,05-14,7940296,4502413,2,17,0.2
2024-06-15,15-34,19059537,11225972,37,229,1.2
2024-06-15,35-59,28508100,15060594,76,420,1.5
2024-06-15,60-79,18749279,5228548,75,501,2.7
2024-06-15,80+,6112952,1749005,73,449,7.3
2024-06-16,00-04,3988681,1041637,2,75,1.9
2024-06-16,00+,84358845,38839909,31,1704,2
2024-06-16,05-14,7940296,4502413,0,17,0.2
2024-06-16,15-34,19059537,11225974,2,228,1.2
2024-06-16,35-59,28508100,15060598,4,420,1.5
2024-06-16,60-79,18749279,5228560,12,509,2.7
2024-06-16,80+,6112952,1749016,11,453,7.4
2024-06-17,00-04,3988681,1041637,0,74,1.9
2024-06-17,00+,84358845,38839933,24,1709,2
2024-06-17,05-14,7940296,4502413,0,17,0.2
2024-06-17,15-34,19059537,11225976,2,228,1.2
2024-06-17,35-59,28508100,15060603,5,423,1.5
2024-06-17,60-79,18749279,5228565,5,508,2.7
2024-06-17,80+,6112952,1749028,12,457,7.5
2024-06-18,00-04,3988681,1041670,33,83,2.1
2024-06-18,00+,84358845,38840553,620,1930,2.3
2024-06-18,05-14,7940296,4502421,8,22,0.3
2024-06-18,15-34,19059537,11226049,73,257,1.3
2024-06-18,35-59,28508100,15060721,118,467,1.6
2024-06-18,60-79,18749279,5228770,205,581,3.1
2024-06-18,80+,6112952,1749210,182,518,8.5
2024-06-19,00-04,3988681,1041692,22,95,2.4
2024-06-19,00+,84358845,38841045,492,2111,2.5
2024-06-19,05-14,7940296,4502431,10,29,0.4
2024-06-19,15-34,19059537,11226115,66,282,1.5
2024-06-19,35-59,28508100,15060842,121,493,1.7
2024-06-19,60-79,18749279,5228911,141,641,3.4
2024-06-19,80+,6112952,1749340,130,567,9.3
2024-06-20,00-04,3988681,1041712,20,98,2.5
2024-06-20,00+,84358845,38841569,524,2280,2.7
2024-06-20,05-14,7940296,4502444,13,36,0.5
2024-06-20,15-34,19059537,11226195,80,307,1.6
2024-06-20,35-59,28508100,15060978,136,541,1.9
2024-06-20,60-79,18749279,5229067,156,691,3.7
2024-06-20,80+,6112952,1749459,119,603,9.9
2024-06-21,00-04,3988681,1041733,21,108,2.7
2024-06-21,00+,84358845,38842061,492,2456,2.9
2024-06-21,05-14,7940296,4502450,6,39,0.5
2024-06-21,15-34,19059537,11226272,77,337,1.8
2024-06-21,35-59,28508100,15061094,116,576,2
2024-06-21,60-79,18749279,5229216,149,743,4
2024-06-21,80+,6112952,1749582,123,650,10.6
2024-06-22,00-04,3988681,1041751,18,116,2.9
2024-06-22,00+,84358845,38842504,443,2626,3.1
2024-06-22,05-14,7940296,4502456,6,43,0.5
2024-06-22,15-34,19059537,11226329,57,357,1.9
2024-06-22,35-59,28508100,15061197,103,603,2.1
2024-06-22,60-79,18749279,5229348,132,800,4.3
2024-06-22,80+,6112952,1749709,127,704,11.5
2024-06-23,00-04,3988681,1041757,6,120,3
2024-06-23,00+,84358845,38842551,47,2642,3.1
2024-06-23,05-14,7940296,4502457,1,44,0.6
2024-06-23,15-34,19059537,11226333,4,359,1.9
2024-06-23,35-59,28508100,15061202,5,604,2.1
2024-06-23,60-79,18749279,5229361,13,801,4.3
2024-06-23,80+,6112952,1749727,18,711,11.6
2024-06-24,00-04,3988681,1041758,1,121,3
2024-06-24,00+,84358845,38842584,33,2651,3.1
2024-06-24,05-14,7940296,4502458,1,45,0.6
2024-06-24,15-34,19059537,11226336,3,360,1.9
2024-06-24,35-59,28508100,15061204,2,601,2.1
2024-06-24,60-79,18749279,5229375,14,810,4.3
2024-06-24,80+,6112952,1749739,12,711,11.6
2024-06-25,00-04,3988681,1041812,54,142,3.6
2024-06-25,00+,84358845,38843465,881,2912,3.5
2024-06-25,05-14,7940296,4502468,10,47,0.6
2024-06-25,15-34,19059537,11226434,98,385,2
2024-06-25,35-59,28508100,15061367,163,646,2.3
2024-06-25,60-79,18749279,5229670,295,900,4.8
2024-06-25,80+,6112952,1750000,261,790,12.9
2024-06-26,00-04,3988681,1041843,31,151,3.8
2024-06-26,00+,84358845,38844206,741,3161,3.7
2024-06-26,05-14,7940296,4502479,11,48,0.6
2024-06-26,15-34,19059537,11226524,90,409,2.1
2024-06-26,35-59,28508100,15061540,173,698,2.4
2024-06-26,60-79,18749279,5229883,213,972,5.2
2024-06-26,80+,6112952,1750222,222,882,14.4
2024-06-27,00-04,3988681,1041873,30,161,4
2024-06-27,00+,84358845,38844833,627,3264,3.9
2024-06-27,05-14,7940296,4502494,15,50,0.6
2024-06-27,15-34,19059537,11226611,87,416,2.2
2024-06-27,35-59,28508100,15061691,151,713,2.5
2024-06-27,60-79,18749279,5230080,197,1013,5.4
2024-06-27,80+,6112952,1750369,147,910,14.9
2024-06-28,00-04,3988681,1041897,24,164,4.1
2024-06-28,00+,84358845,38845439,606,3378,4
2024-06-28,05-14,7940296,4502501,7,51,0.6
2024-06-28,15-34,19059537,11226681,70,409,2.1
2024-06-28,35-59,28508100,15061836,145,742,2.6
2024-06-28,60-79,18749279,5230264,184,1048,5.6
2024-06-28,80+,6112952,1750544,175,962,15.7
2024-06-29,00-04,3988681,1041930,33,179,4.5
2024-06-29,00+,84358845,38845978,539,3474,4.1
2024-06-29,05-14,7940296,4502507,6,51,0.6
2024-06-29,15-34,19059537,11226757,76,428,2.2
2024-06-29,35-59,28508100,15061952,116,755,2.6
2024-06-29,60-79,18749279,5230432,168,1084,5.8
2024-06-29,80+,6112952,1750684,140,975,15.9
2024-06-30,00-04,3988681,1041932,2,175,4.4
2024-06-30,00+,84358845,38846030,52,3479,4.1
2024-06-30,05-14,7940296,4502508,1,51,0.6
2024-06-30,15-34,19059537,11226760,3,427,2.2
2024-06-30,35-59,28508100,15061964,12,762,2.7
2024-06-30,60-79,18749279,5230444,12,1083,5.8
2024-06-30,80+,6112952,1750706,22,979,16
2024-07-01,00-04,3988681,1041933,1,175,4.4
2024-07-01,00+,84358845,38846063,33,3479,4.1
2024-07-01,05-14,7940296,4502508,0,50,0.6
2024-07-01,15-34,19059537,11226765,5,429,2.3
2024-07-01,35-59,28508100,15061972,8,768,2.7
2024-07-01,60-79,18749279,5230454,10,1079,5.8
2024-07-01,80+,6112952,1750715,9,976,16
2024-07-02,00-04,3988681,1042003,70,191,4.8
2024-07-02,00+,84358845,38847088,1025,3623,4.3
2024-07-02,05-14,7940296,4502522,14,54,0.7
2024-07-02,15-34,19059537,11226861,96,427,2.2
2024-07-02,35-59,28508100,15062183,211,816,2.9
2024-07-02,60-79,18749279,5230779,325,1109,5.9
2024-07-02,80+,6112952,1751024,309,1024,16.8
2024-07-03,00-04,3988681,1042033,30,190,4.8
2024-07-03,00+,84358845,38847703,615,3497,4.1
2024-07-03,05-14,7940296,4502530,8,51,0.6
2024-07-03,15-34,19059537,11226945,84,421,2.2
2024-07-03,35-59,28508100,15062312,129,772,2.7
2024-07-03,60-79,18749279,5230973,194,1090,5.8
2024-07-03,80+,6112952,1751194,170,972,15.9
2024-07-04,00-04,3988681,1042069,36,196,4.9
2024-07-04,00+,84358845,38848388,685,3555,4.2
2024-07-04,05-14,7940296,4502537,7,43,0.5
2024-07-04,15-34,19059537,11227057,112,446,2.3
2024-07-04,35-59,28508100,15062465,153,774,2.7
2024-07-04,60-79,18749279,5231188,215,1108,5.9
2024-07-04,80+,6112952,1751355,161,986,16.1
2024-07-05,00-04,3988681,1042102,33,205,5.1
2024-07-05,00+,84358845,38849054,666,3615,4.3
2024-07-05,05-14,7940296,4502543,6,42,0.5
2024-07-05,15-34,19059537,11227152,95,471,2.5
2024-07-05,35-59,28508100,15062598,133,762,2.7
2024-07-05,60-79,18749279,5231392,204,1128,6
2024-07-05,80+,6112952,1751547,192,1003,16.4
2024-07-06,00-04,3988681,1042130,28,200,5
2024-07-06,00+,84358845,38849599,545,3621,4.3
2024-07-06,05-14,7940296,4502551,8,44,0.6
2024-07-06,15-34,19059537,11227227,75,470,2.5
2024-07-06,35-59,28508100,15062727,129,775,2.7
2024-07-06,60-79,18749279,5231548,156,1116,6
2024-07-06,80+,6112952,1751696,149,1012,16.6
2024-07-07,00-04,3988681,1042135,5,203,5.1
2024-07-07,00+,84358845,38849664,65,3634,4.3
2024-07-07,05-14,7940296,4502552,1,44,0.6
2024-07-07,15-34,19059537,11227236,9,476,2.5
2024-07-07,35-59,28508100,15062737,10,773,2.7
2024-07-07,60-79,18749279,5231568,20,1124,6
2024-07-07,80+,6112952,1751716,20,1010,16.5
2024-07-08,00-04,3988681,1042143,8,210,5.3
2024-07-08,00+,84358845,38849724,60,3661,4.3
2024-07-08,05-14,7940296,4502553,1,45,0.6
2024-07-08,15-34,19059537,11227240,4,475,2.5
2024-07-08,35-59,28508100,15062747,10,775,2.7
2024-07-08,60-79,18749279,5231582,14,1128,6
2024-07-08,80+,6112952,1751739,23,1024,16.8
2024-07-09,00-04,3988681,1042214,71,211,5.3
2024-07-09,00+,84358845,38850919,1195,3831,4.5
2024-07-09,05-14,7940296,4502570,17,48,0.6
2024-07-09,15-34,19059537,11227377,137,516,2.7
2024-07-09,35-59,28508100,15062954,207,771,2.7
2024-07-09,60-79,18749279,5231960,378,1181,6.3
2024-07-09,80+,6112952,1752123,384,1099,18
2024-07-10,00-04,3988681,1042239,25,206,5.2
2024-07-10,00+,84358845,38851758,839,4055,4.8
2024-07-10,05-14,7940296,4502583,13,53,0.7
2024-07-10,15-34,19059537,11227481,104,536,2.8
2024-07-10,35-59,28508100,15063186,232,874,3.1
2024-07-10,60-79,18749279,5232212,252,1239,6.6
2024-07-10,80+,6112952,1752336,213,1142,18.7
2024-07-11,00-04,3988681,1042272,33,203,5.1
2024-07-11,00+,84358845,38852616,858,4228,5
2024-07-11,05-14,7940296,4502592,9,55,0.7
2024-07-11,15-34,19059537,11227613,132,556,2.9
2024-07-11,35-59,28508100,15063409,223,944,3.3
2024-07-11,60-79,18749279,5232470,258,1282,6.8
2024-07-11,80+,6112952,1752538,202,1183,19.4
2024-07-12,00-04,3988681,1042312,40,210,5.3
2024-07-12,00+,84358845,38853408,792,4354,5.2
2024-07-12,05-14,7940296,4502600,8,57,0.7
2024-07-12,15-34,19059537,11227735,122,583,3.1
2024-07-12,35-59,28508100,15063585,176,987,3.5
2024-07-12,60-79,18749279,5232697,227,1305,7
2024-07-12,80+,6112952,1752757,219,1210,19.8
2024-07-13,00-04,3988681,1042343,31,213,5.3
2024-07-13,00+,84358845,38854102,694,4503,5.3
2024-07-13,05-14,7940296,4502608,8,57,0.7
2024-07-13,15-34,19059537,11227827,92,600,3.1
2024-07-13,35-59,28508100,15063739,154,1012,3.5
2024-07-13,60-79,18749279,5232895,198,1347,7.2
2024-07-13,80+,6112952,1752968,211,1272,20.8
2024-07-14,00-04,3988681,1042351,8,216,5.4
2024-07-14,00+,84358845,38854181,79,4517,5.4
2024-07-14,05-14,7940296,4502610,2,58,0.7
2024-07-14,15-34,19059537,11227844,17,608,3.2
2024-07-14,35-59,28508100,15063752,13,1015,3.6
2024-07-14,60-79,18749279,5232919,24,1351,7.2
2024-07-14,80+,6112952,1752983,15,1267,20.7
2024-07-15,00-04,3988681,1042355,4,212,5.3
2024-07-15,00+,84358845,38854235,54,4511,5.3
2024-07-15,05-14,7940296,4502610,0,57,0.7
2024-07-15,15-34,19059537,11227848,4,608,3.2
2024-07-15,35-59,28508100,15063761,9,1014,3.6
2024-07-15,60-79,18749279,5232932,13,1350,7.2
2024-07-15,80+,6112952,1753007,24,1268,20.7
2024-07-16,00-04,3988681,1042449,94,235,5.9
2024-07-16,00+,84358845,38855644,1409,4725,5.6
2024-07-16,05-14,7940296,4502622,12,52,0.7
2024-07-16,15-34,19059537,11228024,176,647,3.4
2024-07-16,35-59,28508100,15064015,254,1061,3.7
2024-07-16,60-79,18749279,5233363,431,1403,7.5
2024-07-16,80+,6112952,1753449,442,1326,21.7
2024-07-17,00-04,3988681,1042487,38,248,6.2
2024-07-17,00+,84358845,38856521,877,4763,5.6
2024-07-17,05-14,7940296,4502632,10,49,0.6
2024-07-17,15-34,19059537,11228147,123,666,3.5
2024-07-17,35-59,28508100,15064241,226,1055,3.7
2024-07-17,60-79,18749279,5233618,255,1406,7.5
2024-07-17,80+,6112952,1753667,218,1331,21.8
2024-07-18,00-04,3988681,1042528,41,256,6.4
2024-07-18,00+,84358845,38857303,782,4687,5.6
2024-07-18,05-14,7940296,4502639,7,47,0.6
2024-07-18,15-34,19059537,11228273,126,660,3.5
2024-07-18,35-59,28508100,15064439,198,1030,3.6
2024-07-18,60-79,18749279,5233863,245,1393,7.4
2024-07-18,80+,6112952,1753831,164,1293,21.2
2024-07-19,00-04,3988681,1042558,30,246,6.2
2024-07-19,00+,84358845,38858206,903,4798,5.7
2024-07-19,05-14,7940296,4502647,8,47,0.6
2024-07-19,15-34,19059537,11228409,136,674,3.5
2024-07-19,35-59,28508100,15064652,213,1067,3.7
2024-07-19,60-79,18749279,5234111,248,1414,7.5
2024-07-19,80+,6112952,1754094,263,1337,21.9
2024-07-20,00-04,3988681,1042588,30,245,6.1
2024-07-20,00+,84358845,38858890,684,4788,5.7
2024-07-20,05-14,7940296,4502662,15,54,0.7
2024-07-20,15-34,19059537,11228512,103,685,3.6
2024-07-20,35-59,28508100,15064795,143,1056,3.7
2024-07-20,60-79,18749279,5234314,203,1419,7.6
2024-07-20,80+,6112952,1754283,189,1315,21.5
2024-07-21,00-04,3988681,1042590,2,239,6
2024-07-21,00+,84358845,38858959,69,4778,5.7
2024-07-21,05-14,7940296,4502662,0,52,0.7
2024-07-21,15-34,19059537,11228521,9,677,3.6
2024-07-21,35-59,28508100,15064813,18,1061,3.7
2024-07-21,60-79,18749279,5234327,13,1408,7.5
2024-07-21,80+,6112952,1754310,27,1327,21.7
2024-07-22,00-04,3988681,1042595,5,240,6
2024-07-22,00+,84358845,38859024,65,4789,5.7
2024-07-22,05-14,7940296,4502662,0,52,0.7
2024-07-22,15-34,19059537,11228528,7,680,3.6
2024-07-22,35-59,28508100,15064824,11,1063,3.7
2024-07-22,60-79,18749279,5234343,16,1411,7.5
2024-07-22,80+,6112952,1754336,26,1329,21.7
2024-07-23,00-04,3988681,1042676,81,227,5.7
2024-07-23,00+,84358845,38860482,1458,4838,5.7
2024-07-23,05-14,7940296,4502678,16,56,0.7
2024-07-23,15-34,19059537,11228703,175,679,3.6
2024-07-23,35-59,28508100,15065113,289,1098,3.9
2024-07-23,60-79,18749279,5234765,422,1402,7.5
2024-07-23,80+,6112952,1754802,466,1353,22.1
2024-07-24,00-04,3988681,1042721,45,234,5.9
2024-07-24,00+,84358845,38861464,982,4943,5.9
2024-07-24,05-14,7940296,4502687,9,55,0.7
2024-07-24,15-34,19059537,11228833,130,686,3.6
2024-07-24,35-59,28508100,15065333,220,1092,3.8
2024-07-24,60-79,18749279,5235041,276,1423,7.6
2024-07-24,80+,6112952,1755100,298,1433,23.4
2024-07-25,00-04,3988681,1042758,37,230,5.8
2024-07-25,00+,84358845,38862339,875,5036,6
2024-07-25,05-14,7940296,4502701,14,62,0.8
2024-07-25,15-34,19059537,11228940,107,667,3.5
2024-07-25,35-59,28508100,15065534,201,1095,3.8
2024-07-25,60-79,18749279,5235307,266,1444,7.7
2024-07-25,80+,6112952,1755349,249,1518,24.8
2024-07-26,00-04,3988681,1042801,43,243,6.1
2024-07-26,00+,84358845,38863190,851,4984,5.9
2024-07-26,05-14,7940296,4502715,14,68,0.9
2024-07-26,15-34,19059537,11229048,108,639,3.4
2024-07-26,35-59,28508100,15065725,191,1073,3.8
2024-07-26,60-79,18749279,5235563,256,1452,7.7
2024-07-26,80+,6112952,1755587,238,1493,24.4
2024-07-27,00-04,3988681,1042830,29,242,6.1
2024-07-27,00+,84358845,38863784,594,4894,5.8
2024-07-27,05-14,7940296,4502723,8,61,0.8
2024-07-27,15-34,19059537,11229135,87,623,3.3
2024-07-27,35-59,28508100,15065852,127,1057,3.7
2024-07-27,60-79,18749279,5235731,168,1417,7.6
2024-07-27,80+,6112952,1755760,173,1477,24.2
2024-07-28,00-04,3988681,1042835,5,245,6.1
2024-07-28,00+,84358845,38863853,69,4894,5.8
2024-07-28,05-14,7940296,4502725,2,63,0.8
2024-07-28,15-34,19059537,11229141,6,620,3.3
2024-07-28,35-59,28508100,15065865,13,1052,3.7
2024-07-28,60-79,18749279,5235747,16,1420,7.6
2024-07-28,80+,6112952,1755787,27,1477,24.2
2024-07-29,00-04,3988681,1042838,3,243,6.1
2024-07-29,00+,84358845,38863923,70,4899,5.8
2024-07-29,05-14,7940296,4502726,1,64,0.8
2024-07-29,15-34,19059537,11229148,7,620,3.3
2024-07-29,35-59,28508100,15065875,10,1051,3.7
2024-07-29,60-79,18749279,5235773,26,1430,7.6
2024-07-29,80+,6112952,1755810,23,1474,24.1
2024-07-30,00-04,3988681,1042930,92,254,6.4
2024-07-30,00+,84358845,38865261,1338,4779,5.7
2024-07-30,05-14,7940296,4502745,19,67,0.8
2024-07-30,15-34,19059537,11229301,153,598,3.1
2024-07-30,35-59,28508100,15066127,252,1014,3.6
2024-07-30,60-79,18749279,5236182,409,1417,7.6
2024-07-30,80+,6112952,1756223,413,1421,23.2
2024-07-31,00-04,3988681,1042967,37,246,6.2
2024-07-31,00+,84358845,38866171,910,4707,5.6
2024-07-31,05-14,7940296,4502755,10,68,0.9
2024-07-31,15-34,19059537,11229408,107,575,3
2024-07-31,35-59,28508100,15066352,225,1019,3.6
2024-07-31,60-79,18749279,5236449,267,1408,7.5
2024-07-31,80+,6112952,1756484,261,1384,22.6
2024-08-01,00-04,3988681,1042992,25,234,5.9
2024-08-01,00+,84358845,38866943,772,4604,5.5
2024-08-01,05-14,7940296,4502764,9,63,0.8
2024-08-01,15-34,19059537,11229525,117,585,3.1
2024-08-01,35-59,28508100,15066546,194,1012,3.5
2024-08-01,60-79,18749279,5236673,224,1366,7.3
2024-08-01,80+,6112952,1756687,203,1338,21.9
2024-08-02,00-04,3988681,1043028,36,227,5.7
2024-08-02,00+,84358845,38867732,789,4542,5.4
2024-08-02,05-14,7940296,4502775,11,60,0.8
2024-08-02,15-34,19059537,11229637,112,589,3.1
2024-08-02,35-59,28508100,15066706,160,981,3.4
2024-08-02,60-79,18749279,5236918,245,1355,7.2
2024-08-02,80+,6112952,1756912,225,1325,21.7
2024-08-03,00-04,3988681,1043057,29,227,5.7
2024-08-03,00+,84358845,38868412,680,4628,5.5
2024-08-03,05-14,7940296,4502785,10,62,0.8
2024-08-03,15-34,19059537,11229742,105,607,3.2
2024-08-03,35-59,28508100,15066858,152,1006,3.5
2024-08-03,60-79,18749279,5237121,203,1390,7.4
2024-08-03,80+,6112952,1757093,181,1333,21.8
2024-08-04,00-04,3988681,1043060,3,225,5.6
2024-08-04,00+,84358845,38868476,64,4623,5.5
2024-08-04,05-14,7940296,4502786,1,61,0.8
2024-08-04,15-34,19059537,11229749,7,608,3.2
2024-08-04,35-59,28508100,15066873,15,1008,3.5
2024-08-04,60-79,18749279,5237139,18,1392,7.4
2024-08-04,80+,6112952,1757113,20,1326,21.7
2024-08-05,00-04,3988681,1043062,2,224,5.6
2024-08-05,00+,84358845,38868528,52,4605,5.5
2024-08-05,05-14,7940296,4502788,2,62,0.8
2024-08-05,15-34,19059537,11229752,3,604,3.2
2024-08-05,35-59,28508100,15066878,5,1003,3.5
2024-08-05,60-79,18749279,5237157,18,1384,7.4
2024-08-05,80+,6112952,1757135,22,1325,21.7
2024-08-06,00-04,3988681,1043145,83,215,5.4
2024-08-06,00+,84358845,38869904,1376,4643,5.5
2024-08-06,05-14,7940296,4502803,15,58,0.7
2024-08-06,15-34,19059537,11229903,151,602,3.2
2024-08-06,35-59,28508100,15067159,281,1032,3.6
2024-08-06,60-79,18749279,5237572,415,1390,7.4
2024-08-06,80+,6112952,1757566,431,1343,22
2024-08-07,00-04,3988681,1043196,51,229,5.7
2024-08-07,00+,84358845,38870826,922,4655,5.5
2024-08-07,05-14,7940296,4502816,13,61,0.8
2024-08-07,15-34,19059537,11230024,121,616,3.2
2024-08-07,35-59,28508100,15067366,207,1014,3.6
2024-08-07,60-79,18749279,5237823,251,1374,7.3
2024-08-07,80+,6112952,1757844,278,1360,22.2
2024-08-08,00-04,3988681,1043231,35,239,6
2024-08-08,00+,84358845,38871669,843,4726,5.6
2024-08-08,05-14,7940296,4502836,20,72,0.9
2024-08-08,15-34,19059537,11230146,122,621,3.3
2024-08-08,35-59,28508100,15067567,201,1021,3.6
2024-08-08,60-79,18749279,5238080,257,1407,7.5
2024-08-08,80+,6112952,1758052,208,1365,22.3
2024-08-09,00-04,3988681,1043274,43,246,6.2
2024-08-09,00+,84358845,38872405,736,4673,5.5
2024-08-09,05-14,7940296,4502848,12,73,0.9
2024-08-09,15-34,19059537,11230252,106,615,3.2
2024-08-09,35-59,28508100,15067751,184,1045,3.7
2024-08-09,60-79,18749279,5238292,212,1374,7.3
2024-08-09,80+,6112952,1758231,179,1319,21.6
2024-08-10,00-04,3988681,1043311,37,254,6.4
2024-08-10,00+,84358845,38873058,653,4646,5.5
2024-08-10,05-14,7940296,4502863,15,78,1
2024-08-10,15-34,19059537,11230355,103,613,3.2
2024-08-10,35-59,28508100,15067895,144,1037,3.6
2024-08-10,60-79,18749279,5238469,177,1348,7.2
2024-08-10,80+,6112952,1758408,177,1315,21.5
2024-08-11,00-04,3988681,1043315,4,255,6.4
2024-08-11,00+,84358845,38873113,55,4637,5.5
2024-08-11,05-14,7940296,4502864,1,78,1
2024-08-11,15-34,19059537,11230365,10,616,3.2
2024-08-11,35-59,28508100,15067905,10,1032,3.6
2024-08-11,60-79,18749279,5238486,17,1347,7.2
2024-08-11,80+,6112952,1758421,13,1308,21.4
2024-08-12,00-04,3988681,1043318,3,256,6.4
2024-08-12,00+,84358845,38873175,62,4647,5.5
2024-08-12,05-14,7940296,4502865,1,77,1
2024-08-12,15-34,19059537,11230378,13,626,3.3
2024-08-12,35-59,28508100,15067922,17,1044,3.7
2024-08-12,60-79,18749279,5238501,15,1344,7.2
2024-08-12,80+,6112952,1758434,13,1299,21.2
2024-08-13,00-04,3988681,1043403,85,258,6.5
2024-08-13,00+,84358845,38874487,1312,4583,5.4
2024-08-13,05-14,7940296,4502895,30,92,1.2
2024-08-13,15-34,19059537,11230527,149,624,3.3
2024-08-13,35-59,28508100,15068180,258,1021,3.6
2024-08-13,60-79,18749279,5238918,417,1346,7.2
2024-08-13,80+,6112952,1758806,372,1240,20.3
2024-08-14,00-04,3988681,1043447,44,251,6.3
2024-08-14,00+,84358845,38875358,871,4532,5.4
2024-08-14,05-14,7940296,4502912,17,96,1.2
2024-08-14,15-34,19059537,11230646,119,622,3.3
2024-08-14,35-59,28508100,15068381,201,1015,3.6
2024-08-14,60-79,18749279,5239159,241,1336,7.1
2024-08-14,80+,6112952,1759055,249,1211,19.8
2024-08-15,00-04,3988681,1043485,38,254,6.4
2024-08-15,00+,84358845,38876228,870,4559,5.4
2024-08-15,05-14,7940296,4502938,26,102,1.3
2024-08-15,15-34,19059537,11230768,122,622,3.3
2024-08-15,35-59,28508100,15068620,239,1053,3.7
2024-08-15,60-79,18749279,5239385,226,1305,7
2024-08-15,80+,6112952,1759273,218,1221,20
2024-08-16,00-04,3988681,1043524,39,250,6.3
2024-08-16,00+,84358845,38876943,715,4538,5.4
2024-08-16,05-14,7940296,4502953,15,105,1.3
2024-08-16,15-34,19059537,11230854,86,602,3.2
2024-08-16,35-59,28508100,15068800,180,1049,3.7
2024-08-16,60-79,18749279,5239586,201,1294,6.9
2024-08-16,80+,6112952,1759467,194,1236,20.2
2024-08-17,00-04,3988681,1043573,49,262,6.6
2024-08-17,00+,84358845,38877692,749,4634,5.5
2024-08-17,05-14,7940296,4502975,22,112,1.4
2024-08-17,15-34,19059537,11230972,118,617,3.2
2024-08-17,35-59,28508100,15068971,171,1076,3.8
2024-08-17,60-79,18749279,5239772,186,1303,6.9
2024-08-17,80+,6112952,1759668,201,1260,20.6
2024-08-18,00-04,3988681,1043580,7,265,6.6
2024-08-18,00+,84358845,38877764,72,4651,5.5
2024-08-18,05-14,7940296,4502977,2,113,1.4
2024-08-18,15-34,19059537,11230980,8,615,3.2
2024-08-18,35-59,28508100,15068989,18,1084,3.8
2024-08-18,60-79,18749279,5239794,22,1308,7
2024-08-18,80+,6112952,1759683,15,1262,20.6
2024-08-19,00-04,3988681,1043582,2,264,6.6
2024-08-19,00+,84358845,38877799,35,4624,5.5
2024-08-19,05-14,7940296,4502977,0,112,1.4
2024-08-19,15-34,19059537,11230985,5,607,3.2
2024-08-19,35-59,28508100,15068990,1,1068,3.7
2024-08-19,60-79,18749279,5239807,13,1306,7
2024-08-19,80+,6112952,1759697,14,1263,20.7
2024-08-20,00-04,3988681,1043691,109,288,7.2
2024-08-20,00+,84358845,38879125,1326,4638,5.5
2024-08-20,05-14,7940296,4503024,47,129,1.6
2024-08-20,15-34,19059537,11231134,149,607,3.2
2024-08-20,35-59,28508100,15069262,272,1082,3.8
2024-08-20,60-79,18749279,5240175,368,1257,6.7
2024-08-20,80+,6112952,1760077,380,1271,20.8
2024-08-21,00-04,3988681,1043758,67,311,7.8
2024-08-21,00+,84358845,38880109,984,4751,5.6
2024-08-21,05-14,7940296,4503056,32,144,1.8
2024-08-21,15-34,19059537,11231279,145,633,3.3
2024-08-21,35-59,28508100,15069513,251,1132,4
2024-08-21,60-79,18749279,5240422,247,1263,6.7
2024-08-21,80+,6112952,1760319,242,1264,20.7
2024-08-22,00-04,3988681,1043804,46,319,8
2024-08-22,00+,84358845,38881051,942,4823,5.7
2024-08-22,05-14,7940296,4503095,39,157,2
2024-08-22,15-34,19059537,11231429,150,661,3.5
2024-08-22,35-59,28508100,15069766,253,1146,4
2024-08-22,60-79,18749279,5240657,235,1272,6.8
2024-08-22,80+,6112952,1760536,217,1263,20.7
2024-08-23,00-04,3988681,1043856,52,332,8.3
2024-08-23,00+,84358845,38881920,869,4977,5.9
2024-08-23,05-14,7940296,4503133,38,180,2.3
2024-08-23,15-34,19059537,11231576,147,722,3.8
2024-08-23,35-59,28508100,15069986,220,1186,4.2
2024-08-23,60-79,18749279,5240875,218,1289,6.9
2024-08-23,80+,6112952,1760730,194,1263,20.7
2024-08-24,00-04,3988681,1043897,41,324,8.1
2024-08-24,00+,84358845,38882648,728,4956,5.9
2024-08-24,05-14,7940296,4503158,25,183,2.3
2024-08-24,15-34,19059537,11231678,102,706,3.7
2024-08-24,35-59,28508100,15070162,176,1191,4.2
2024-08-24,60-79,18749279,5241087,212,1315,7
2024-08-24,80+,6112952,1760902,172,1234,20.2
2024-08-25,00-04,3988681,1043900,3,320,8
2024-08-25,00+,84358845,38882737,89,4973,5.9
2024-08-25,05-14,7940296,4503164,6,187,2.4
2024-08-25,15-34,19059537,11231697,19,717,3.8
2024-08-25,35-59,28508100,15070180,18,1191,4.2
2024-08-25,60-79,18749279,5241105,18,1311,7
2024-08-25,80+,6112952,1760927,25,1244,20.4
2024-08-26,00-04,3988681,1043904,4,322,8.1
2024-08-26,00+,84358845,38882791,54,4992,5.9
2024-08-26,05-14,7940296,4503166,2,189,2.4
2024-08-26,15-34,19059537,11231704,7,719,3.8
2024-08-26,35-59,28508100,15070192,12,1202,4.2
2024-08-26,60-79,18749279,5241123,18,1316,7
2024-08-26,80+,6112952,1760938,11,1241,20.3
2024-08-27,00-04,3988681,1044019,115,328,8.2
2024-08-27,00+,84358845,38884251,1460,5126,6.1
2024-08-27,05-14,7940296,4503209,43,185,2.3
2024-08-27,15-34,19059537,11231865,161,731,3.8
2024-08-27,35-59,28508100,15070471,279,1209,4.2
2024-08-27,60-79,18749279,5241581,458,1406,7.5
2024-08-27,80+,6112952,1761342,404,1265,20.7
2024-08-28,00-04,3988681,1044083,64,325,8.1
2024-08-28,00+,84358845,38885276,1025,5167,6.1
2024-08-28,05-14,7940296,4503235,26,179,2.3
2024-08-28,15-34,19059537,11232031,166,752,3.9
2024-08-28,35-59,28508100,15070740,269,1227,4.3
2024-08-28,60-79,18749279,5241849,268,1427,7.6
2024-08-28,80+,6112952,1761573,231,1254,20.5
2024-08-29,00-04,3988681,1044159,76,355,8.9
2024-08-29,00+,84358845,38886400,1124,5349,6.3
2024-08-29,05-14,7940296,4503268,33,173,2.2
2024-08-29,15-34,19059537,11232208,177,779,4.1
2024-08-29,35-59,28508100,15071028,288,1262,4.4
2024-08-29,60-79,18749279,5242146,297,1489,7.9
2024-08-29,80+,6112952,1761825,252,1289,21.1
2024-08-30,00-04,3988681,1044222,63,366,9.2
2024-08-30,00+,84358845,38887486,1086,5566,6.6
2024-08-30,05-14,7940296,4503306,38,173,2.2
2024-08-30,15-34,19059537,11232395,187,819,4.3
2024-08-30,35-59,28508100,15071304,276,1318,4.6
2024-08-30,60-79,18749279,5242425,279,1550,8.3
2024-08-30,80+,6112952,1762067,242,1337,21.9
2024-08-31,00-04,3988681,1044277,55,380,9.5
2024-08-31,00+,84358845,38888341,855,5693,6.7
2024-08-31,05-14,7940296,4503344,38,186,2.3
2024-08-31,15-34,19059537,11232531,136,853,4.5
2024-08-31,35-59,28508100,15071491,187,1329,4.7
2024-08-31,60-79,18749279,5242641,216,1554,8.3
2024-08-31,80+,6112952,1762290,223,1388,22.7
2024-09-01,00-04,3988681,1044279,2,379,9.5
2024-09-01,00+,84358845,38888435,94,5698,6.8
2024-09-01,05-14,7940296,4503347,3,183,2.3
2024-09-01,15-34,19059537,11232547,16,850,4.5
2024-09-01,35-59,28508100,15071509,18,1329,4.7
2024-09-01,60-79,18749279,5242669,28,1564,8.3
2024-09-01,80+,6112952,1762317,27,1390,22.7
2024-09-02,00-04,3988681,1044284,5,380,9.5
2024-09-02,00+,84358845,38888519,84,5728,6.8
2024-09-02,05-14,7940296,4503348,1,182,2.3
2024-09-02,15-34,19059537,11232552,5,848,4.4
2024-09-02,35-59,28508100,15071521,12,1329,4.7
2024-09-02,60-79,18749279,5242692,23,1569,8.4
2024-09-02,80+,6112952,1762355,38,1417,23.2
2024-09-03,00-04,3988681,1044389,105,370,9.3
2024-09-03,00+,84358845,38890251,1732,6000,7.1
2024-09-03,05-14,7940296,4503397,49,188,2.4
2024-09-03,15-34,19059537,11232747,195,882,4.6
2024-09-03,35-59,28508100,15071858,337,1387,4.9
2024-09-03,60-79,18749279,5243226,534,1645,8.8
2024-09-03,80+,6112952,1762866,511,1524,24.9
2024-09-04,00-04,3988681,1044478,89,395,9.9
2024-09-04,00+,84358845,38891617,1366,6341,7.5
2024-09-04,05-14,7940296,4503428,31,193,2.4
2024-09-04,15-34,19059537,11232928,181,897,4.7
2024-09-04,35-59,28508100,15072208,350,1468,5.1
2024-09-04,60-79,18749279,5243592,366,1743,9.3
2024-09-04,80+,6112952,1763215,349,1642,26.9
2024-09-05,00-04,3988681,1044536,58,377,9.5
2024-09-05,00+,84358845,38892787,1170,6387,7.6
2024-09-05,05-14,7940296,4503458,30,190,2.4
2024-09-05,15-34,19059537,11233099,171,891,4.7
2024-09-05,35-59,28508100,15072521,313,1493,5.2
2024-09-05,60-79,18749279,5243898,306,1752,9.3
2024-09-05,80+,6112952,1763507,292,1682,27.5
2024-09-06,00-04,3988681,1044606,70,384,9.6
2024-09-06,00+,84358845,38893930,1143,6444,7.6
2024-09-06,05-14,7940296,4503497,39,191,2.4
2024-09-06,15-34,19059537,11233258,159,863,4.5
2024-09-06,35-59,28508100,15072817,296,1513,5.3
2024-09-06,60-79,18749279,5244205,307,1780,9.5
2024-09-06,80+,6112952,1763778,271,1711,28
2024-09-07,00-04,3988681,1044660,54,383,9.6
2024-09-07,00+,84358845,38894820,890,6479,7.7
2024-09-07,05-14,7940296,4503523,26,179,2.3
2024-09-07,15-34,19059537,11233388,130,857,4.5
2024-09-07,35-59,28508100,15073042,225,1551,5.4
2024-09-07,60-79,18749279,5244444,239,1803,9.6
2024-09-07,80+,6112952,1763994,216,1704,27.9
2024-09-08,00-04,3988681,1044674,14,395,9.9
2024-09-08,00+,84358845,38894958,138,6523,7.7
2024-09-08,05-14,7940296,4503528,5,181,2.3
2024-09-08,15-34,19059537,11233404,16,857,4.5
2024-09-08,35-59,28508100,15073075,33,1566,5.5
2024-09-08,60-79,18749279,5244486,42,1817,9.7
2024-09-08,80+,6112952,1764022,28,1705,27.9
2024-09-09,00-04,3988681,1044677,3,393,9.9
2024-09-09,00+,84358845,38895022,64,6503,7.7
2024-09-09,05-14,7940296,4503529,1,181,2.3
2024-09-09,15-34,19059537,11233409,5,857,4.5
2024-09-09,35-59,28508100,15073083,8,1562,5.5
2024-09-09,60-79,18749279,5244507,21,1815,9.7
2024-09-09,80+,6112952,1764048,26,1693,27.7
2024-09-10,00-04,3988681,1044787,110,398,10
2024-09-10,00+,84358845,38896719,1697,6468,7.7
2024-09-10,05-14,7940296,4503554,25,157,2
2024-09-10,15-34,19059537,11233597,188,850,4.5
2024-09-10,35-59,28508100,15073423,340,1565,5.5
2024-09-10,60-79,18749279,5245004,497,1778,9.5
2024-09-10,80+,6112952,1764583,535,1717,28.1
2024-09-11,00-04,3988681,1044839,52,361,9.1
2024-09-11,00+,84358845,38897912,1193,6295,7.5
2024-09-11,05-14,7940296,4503588,34,160,2
2024-09-11,15-34,19059537,11233767,170,839,4.4
2024-09-11,35-59,28508100,15073702,279,1494,5.2
2024-09-11,60-79,18749279,5245328,324,1736,9.3
2024-09-11,80+,6112952,1764916,333,1701,27.8
2024-09-12,00-04,3988681,1044896,57,360,9
2024-09-12,00+,84358845,38898930,1018,6143,7.3
2024-09-12,05-14,7940296,4503623,35,165,2.1
2024-09-12,15-34,19059537,11233917,150,818,4.3
2024-09-12,35-59,28508100,15073963,261,1442,5.1
2024-09-12,60-79,18749279,5245597,269,1699,9.1
2024-09-12,80+,6112952,1765162,246,1655,27.1
2024-09-13,00-04,3988681,1044946,50,340,8.5
2024-09-13,00+,84358845,38899859,929,5929,7
2024-09-13,05-14,7940296,4503645,22,148,1.9
2024-09-13,15-34,19059537,11234056,139,798,4.2
2024-09-13,35-59,28508100,15074197,234,1380,4.8
2024-09-13,60-79,18749279,5245863,266,1658,8.8
2024-09-13,80+,6112952,1765380,218,1602,26.2
2024-09-14,00-04,3988681,1044984,38,324,8.1
2024-09-14,00+,84358845,38900721,862,5901,7
2024-09-14,05-14,7940296,4503665,20,142,1.8
2024-09-14,15-34,19059537,11234177,121,789,4.1
2024-09-14,35-59,28508100,15074402,205,1360,4.8
2024-09-14,60-79,18749279,5246098,235,1654,8.8
2024-09-14,80+,6112952,1765623,243,1629,26.6
2024-09-15,00-04,3988681,1044991,7,317,7.9
2024-09-15,00+,84358845,38900790,69,5832,6.9
2024-09-15,05-14,7940296,4503666,1,138,1.7
2024-09-15,15-34,19059537,11234185,8,781,4.1
2024-09-15,35-59,28508100,15074413,11,1338,4.7
2024-09-15,60-79,18749279,5246122,24,1636,8.7
2024-09-15,80+,6112952,1765641,18,1619,26.5
2024-09-16,00-04,3988681,1044997,6,320,8
2024-09-16,00+,84358845,38900868,78,5846,6.9
2024-09-16,05-14,7940296,4503666,0,137,1.7
2024-09-16,15-34,19059537,11234191,6,782,4.1
2024-09-16,35-59,28508100,15074429,16,1346,4.7
2024-09-16,60-79,18749279,5246142,20,1635,8.7
2024-09-16,80+,6112952,1765671,30,1623,26.6
2024-09-17,00-04,3988681,1045104,107,317,7.9
2024-09-17,00+,84358845,38902628,1760,5909,7
2024-09-17,05-14,7940296,4503715,49,161,2
2024-09-17,15-34,19059537,11234350,159,753,4
2024-09-17,35-59,28508100,15074738,309,1315,4.6
2024-09-17,60-79,18749279,5246697,555,1693,9
2024-09-17,80+,6112952,1766246,575,1663,27.2
2024-09-18,00-04,3988681,1045173,69,334,8.4
2024-09-18,00+,84358845,38904083,1455,6171,7.3
2024-09-18,05-14,7940296,4503747,32,159,2
2024-09-18,15-34,19059537,11234526,176,759,4
2024-09-18,35-59,28508100,15075110,372,1408,4.9
2024-09-18,60-79,18749279,5247125,428,1797,9.6
2024-09-18,80+,6112952,1766621,375,1705,27.9
2024-09-19,00-04,3988681,1045255,82,359,9
2024-09-19,00+,84358845,38905559,1476,6629,7.9
2024-09-19,05-14,7940296,4503778,31,155,2
2024-09-19,15-34,19059537,11234763,237,846,4.4
2024-09-19,35-59,28508100,15075469,359,1506,5.3
2024-09-19,60-79,18749279,5247516,391,1919,10.2
2024-09-19,80+,6112952,1766996,375,1834,30
2024-09-20,00-04,3988681,1045331,76,385,9.7
2024-09-20,00+,84358845,38906935,1376,7076,8.4
2024-09-20,05-14,7940296,4503804,26,159,2
2024-09-20,15-34,19059537,11234937,174,881,4.6
2024-09-20,35-59,28508100,15075789,320,1592,5.6
2024-09-20,60-79,18749279,5247895,379,2032,10.8
2024-09-20,80+,6112952,1767397,401,2017,33
2024-09-21,00-04,3988681,1045395,64,411,10.3
2024-09-21,00+,84358845,38908139,1204,7418,8.8
2024-09-21,05-14,7940296,4503840,36,175,2.2
2024-09-21,15-34,19059537,11235071,134,894,4.7
2024-09-21,35-59,28508100,15076049,260,1647,5.8
2024-09-21,60-79,18749279,5248205,310,2107,11.2
2024-09-21,80+,6112952,1767797,400,2174,35.6
2024-09-22,00-04,3988681,1045403,8,412,10.3
2024-09-22,00+,84358845,38908319,180,7529,8.9
2024-09-22,05-14,7940296,4503846,6,180,2.3
2024-09-22,15-34,19059537,11235088,17,903,4.7
2024-09-22,35-59,28508100,15076092,43,1679,5.9
2024-09-22,60-79,18749279,5248257,52,2135,11.4
2024-09-22,80+,6112952,1767851,54,2210,36.2
2024-09-23,00-04,3988681,1045403,0,406,10.2
2024-09-23,00+,84358845,38908437,118,7569,9
2024-09-23,05-14,7940296,4503848,2,182,2.3
2024-09-23,15-34,19059537,11235095,7,904,4.7
2024-09-23,35-59,28508100,15076111,19,1682,5.9
2024-09-23,60-79,18749279,5248291,34,2149,11.5
2024-09-23,80+,6112952,1767907,56,2236,36.6
2024-09-24,00-04,3988681,1045527,124,423,10.6
2024-09-24,00+,84358845,38911129,2692,8501,10.1
2024-09-24,05-14,7940296,4503899,51,184,2.3
2024-09-24,15-34,19059537,11235324,229,974,5.1
2024-09-24,35-59,28508100,15076585,474,1847,6.5
2024-09-24,60-79,18749279,5249140,849,2443,13
2024-09-24,80+,6112952,1768855,948,2609,42.7
2024-09-25,00-04,3988681,1045599,72,426,10.7
2024-09-25,00+,84358845,38913089,1960,9006,10.7
2024-09-25,05-14,7940296,4503955,56,208,2.6
2024-09-25,15-34,19059537,11235534,210,1008,5.3
2024-09-25,35-59,28508100,15077013,428,1903,6.7
2024-09-25,60-79,18749279,5249749,609,2624,14
2024-09-25,80+,6112952,1769439,584,2818,46.1
2024-09-26,00-04,3988681,1045676,77,421,10.6
2024-09-26,00+,84358845,38914896,1807,9337,11.1
2024-09-26,05-14,7940296,4503999,44,221,2.8
2024-09-26,15-34,19059537,11235754,220,991,5.2
2024-09-26,35-59,28508100,15077436,423,1967,6.9
2024-09-26,60-79,18749279,5250248,499,2732,14.6
2024-09-26,80+,6112952,1769983,544,2987,48.9
2024-09-27,00-04,3988681,1045755,79,424,10.6
2024-09-27,00+,84358845,38916601,1705,9666,11.5
2024-09-27,05-14,7940296,4504045,46,241,3
2024-09-27,15-34,19059537,11235951,197,1014,5.3
2024-09-27,35-59,28508100,15077822,386,2033,7.1
2024-09-27,60-79,18749279,5250739,491,2844,15.2
2024-09-27,80+,6112952,1770488,505,3091,50.6
2024-09-28,00-04,3988681,1045805,50,410,10.3
2024-09-28,00+,84358845,38918049,1448,9910,11.7
2024-09-28,05-14,7940296,4504084,39,244,3.1
2024-09-28,15-34,19059537,11236111,160,1040,5.5
2024-09-28,35-59,28508100,15078142,320,2093,7.3
2024-09-28,60-79,18749279,5251180,441,2975,15.9
2024-09-28,80+,6112952,1770924,436,3127,51.2
2024-09-29,00-04,3988681,1045809,4,406,10.2
2024-09-29,00+,84358845,38918201,152,9882,11.7
2024-09-29,05-14,7940296,4504089,5,243,3.1
2024-09-29,15-34,19059537,11236125,14,1037,5.4
2024-09-29,35-59,28508100,15078176,34,2084,7.3
2024-09-29,60-79,18749279,5251234,54,2977,15.9
2024-09-29,80+,6112952,1770965,41,3114,50.9
2024-09-30,00-04,3988681,1045819,10,416,10.4
2024-09-30,00+,84358845,38918290,89,9853,11.7
2024-09-30,05-14,7940296,4504090,1,242,3
2024-09-30,15-34,19059537,11236132,7,1037,5.4
2024-09-30,35-59,28508100,15078185,9,2074,7.3
2024-09-30,60-79,18749279,5251253,19,2962,15.8
2024-09-30,80+,6112952,1771008,43,3101,50.7
2024-10-01,00-04,3988681,1045923,104,396,9.9
2024-10-01,00+,84358845,38920831,2541,9702,11.5
2024-10-01,05-14,7940296,4504121,31,222,2.8
2024-10-01,15-34,19059537,11236356,224,1032,5.4
2024-10-01,35-59,28508100,15078658,473,2073,7.3
2024-10-01,60-79,18749279,5252061,808,2921,15.6
2024-10-01,80+,6112952,1771907,899,3052,49.9
2024-10-02,00-04,3988681,1045987,64,388,9.7
2024-10-02,00+,84358845,38922576,1745,9487,11.2
2024-10-02,05-14,7940296,4504156,35,201,2.5
2024-10-02,15-34,19059537,11236530,174,996,5.2
2024-10-02,35-59,28508100,15079054,396,2041,7.2
2024-10-02,60-79,18749279,5252596,535,2847,15.2
2024-10-02,80+,6112952,1772448,541,3009,49.2
2024-10-03,00-04,3988681,1046058,71,382,9.6
2024-10-03,00+,84358845,38924186,1610,9290,11
2024-10-03,05-14,7940296,4504183,27,184,2.3
2024-10-03,15-34,19059537,11236714,184,960,5
2024-10-03,35-59,28508100,15079411,357,1975,6.9
2024-10-03,60-79,18749279,5253090,494,2842,15.2
2024-10-03,80+,6112952,1772922,474,2939,48.1
2024-10-04,00-04,3988681,1046063,5,308,7.7
2024-10-04,00+,84358845,38924329,143,7728,9.2
2024-10-04,05-14,7940296,4504185,2,140,1.8
2024-10-04,15-34,19059537,11236725,11,774,4.1
2024-10-04,35-59,28508100,15079438,27,1616,5.7
2024-10-04,60-79,18749279,5253142,52,2403,12.8
2024-10-04,80+,6112952,1772968,46,2480,40.6
2024-10-05,00-04,3988681,1046138,75,333,8.3
2024-10-05,00+,84358845,38926164,1835,8115,9.6
2024-10-05,05-14,7940296,4504208,23,124,1.6
2024-10-05,15-34,19059537,11236873,148,762,4
2024-10-05,35-59,28508100,15079758,320,1616,5.7
2024-10-05,60-79,18749279,5253747,605,2567,13.7
2024-10-05,80+,6112952,1773629,661,2705,44.3
2024-10-06,00-04,3988681,1046143,5,334,8.4
2024-10-06,00+,84358845,38926333,169,8132,9.6
2024-10-06,05-14,7940296,4504212,4,123,1.5
2024-10-06,15-34,19059537,11236891,18,766,4
2024-10-06,35-59,28508100,15079786,28,1610,5.6
2024-10-06,60-79,18749279,5253802,55,2568,13.7
2024-10-06,80+,6112952,1773688,59,2723,44.5
2024-10-07,00-04,3988681,1046145,2,326,8.2
2024-10-07,00+,84358845,38926447,114,8157,9.7
2024-10-07,05-14,7940296,4504212,0,122,1.5
2024-10-07,15-34,19059537,11236899,8,767,4
2024-10-07,35-59,28508100,15079800,14,1615,5.7
2024-10-07,60-79,18749279,5253837,35,2584,13.8
2024-10-07,80+,6112952,1773743,55,2735,44.7
2024-10-08,00-04,3988681,1046261,116,338,8.5
2024-10-08,00+,84358845,38929727,3280,8896,10.5
2024-10-08,05-14,7940296,4504249,37,128,1.6
2024-10-08,15-34,19059537,11237131,232,775,4.1
2024-10-08,35-59,28508100,15080308,508,1650,5.8
2024-10-08,60-79,18749279,5254915,1078,2854,15.2
2024-10-08,80+,6112952,1775052,1309,3145,51.4
2024-10-09,00-04,3988681,1046322,61,335,8.4
2024-10-09,00+,84358845,38931977,2250,9401,11.1
2024-10-09,05-14,7940296,4504277,28,121,1.5
2024-10-09,15-34,19059537,11237336,205,806,4.2
2024-10-09,35-59,28508100,15080755,447,1701,6
2024-10-09,60-79,18749279,5255625,710,3029,16.2
2024-10-09,80+,6112952,1775850,798,3402,55.7
2024-10-10,00-04,3988681,1046393,71,335,8.4
2024-10-10,00+,84358845,38934253,2276,10067,11.9
2024-10-10,05-14,7940296,4504302,25,119,1.5
2024-10-10,15-34,19059537,11237554,218,840,4.4
2024-10-10,35-59,28508100,15081243,488,1832,6.4
2024-10-10,60-79,18749279,5256357,732,3267,17.4
2024-10-10,80+,6112952,1776591,741,3669,60
2024-10-11,00-04,3988681,1046453,60,390,9.8
2024-10-11,00+,84358845,38936466,2213,12137,14.4
2024-10-11,05-14,7940296,4504330,28,145,1.8
2024-10-11,15-34,19059537,11237757,203,1032,5.4
2024-10-11,35-59,28508100,15081726,483,2288,8
2024-10-11,60-79,18749279,5257018,661,3876,20.7
2024-10-11,80+,6112952,1777367,776,4399,72
2024-10-12,00-04,3988681,1046519,66,381,9.6
2024-10-12,00+,84358845,38938254,1788,12090,14.3
2024-10-12,05-14,7940296,4504355,25,147,1.9
2024-10-12,15-34,19059537,11237918,161,1045,5.5
2024-10-12,35-59,28508100,15082093,367,2335,8.2
2024-10-12,60-79,18749279,5257600,582,3853,20.6
2024-10-12,80+,6112952,1777953,586,4324,70.7
2024-10-13,00-04,3988681,1046526,7,383,9.6
2024-10-13,00+,84358845,38938406,152,12073,14.3
2024-10-13,05-14,7940296,4504359,4,147,1.9
2024-10-13,15-34,19059537,11237926,8,1035,5.4
2024-10-13,35-59,28508100,15082113,20,2327,8.2
2024-10-13,60-79,18749279,5257656,56,3854,20.6
2024-10-13,80+,6112952,1778010,57,4322,70.7
2024-10-14,00-04,3988681,1046530,4,385,9.7
2024-10-14,00+,84358845,38938552,146,12105,14.3
2024-10-14,05-14,7940296,4504360,1,148,1.9
2024-10-14,15-34,19059537,11237938,12,1039,5.5
2024-10-14,35-59,28508100,15082138,25,2338,8.2
2024-10-14,60-79,18749279,5257705,49,3868,20.6
2024-10-14,80+,6112952,1778065,55,4322,70.7
2024-10-15,00-04,3988681,1046637,107,376,9.4
2024-10-15,00+,84358845,38941978,3426,12251,14.5
2024-10-15,05-14,7940296,4504398,38,149,1.9
2024-10-15,15-34,19059537,11238180,242,1049,5.5
2024-10-15,35-59,28508100,15082732,594,2424,8.5
2024-10-15,60-79,18749279,5258824,1119,3909,20.8
2024-10-15,80+,6112952,1779390,1325,4338,71
2024-10-16,00-04,3988681,1046702,65,380,9.5
2024-10-16,00+,84358845,38944075,2097,12098,14.3
2024-10-16,05-14,7940296,4504416,18,139,1.8
2024-10-16,15-34,19059537,11238370,190,1034,5.4
2024-10-16,35-59,28508100,15083108,376,2353,8.3
2024-10-16,60-79,18749279,5259494,670,3869,20.6
2024-10-16,80+,6112952,1780162,772,4312,70.5
2024-10-17,00-04,3988681,1046757,55,364,9.1
2024-10-17,00+,84358845,38946090,2015,11837,14
2024-10-17,05-14,7940296,4504444,28,142,1.8
2024-10-17,15-34,19059537,11238553,183,999,5.2
2024-10-17,35-59,28508100,15083519,411,2276,8
2024-10-17,60-79,18749279,5260158,664,3801,20.3
2024-10-17,80+,6112952,1780833,671,4242,69.4
2024-10-18,00-04,3988681,1046849,92,396,9.9
2024-10-18,00+,84358845,38948441,2351,11975,14.2
2024-10-18,05-14,7940296,4504486,42,156,2
2024-10-18,15-34,19059537,11238807,254,1050,5.5
2024-10-18,35-59,28508100,15084032,513,2306,8.1
2024-10-18,60-79,18749279,5260895,737,3877,20.7
2024-10-18,80+,6112952,1781545,712,4178,68.3
2024-10-19,00-04,3988681,1046924,75,405,10.2
2024-10-19,00+,84358845,38950303,1862,12049,14.3
2024-10-19,05-14,7940296,4504511,25,156,2
2024-10-19,15-34,19059537,11238958,151,1040,5.5
2024-10-19,35-59,28508100,15084384,352,2291,8
2024-10-19,60-79,18749279,5261507,612,3907,20.8
2024-10-19,80+,6112952,1782185,640,4232,69.2
2024-10-20,00-04,3988681,1046932,8,406,10.2
2024-10-20,00+,84358845,38950502,199,12096,14.3
2024-10-20,05-14,7940296,4504512,1,153,1.9
2024-10-20,15-34,19059537,11238979,21,1053,5.5
2024-10-20,35-59,28508100,15084426,42,2313,8.1
2024-10-20,60-79,18749279,5261572,65,3916,20.9
2024-10-20,80+,6112952,1782247,62,4237,69.3
2024-10-21,00-04,3988681,1046941,9,411,10.3
2024-10-21,00+,84358845,38950679,177,12127,14.4
2024-10-21,05-14,7940296,4504512,0,152,1.9
2024-10-21,15-34,19059537,11238988,9,1050,5.5
2024-10-21,35-59,28508100,15084449,23,2311,8.1
2024-10-21,60-79,18749279,5261620,48,3915,20.9
2024-10-21,80+,6112952,1782335,88,4270,69.9
2024-10-22,00-04,3988681,1047063,122,426,10.7
2024-10-22,00+,84358845,38954306,3627,12328,14.6
2024-10-22,05-14,7940296,4504556,44,158,2
2024-10-22,15-34,19059537,11239223,235,1043,5.5
2024-10-22,35-59,28508100,15085019,570,2287,8
2024-10-22,60-79,18749279,5262847,1227,4023,21.5
2024-10-22,80+,6112952,1783753,1418,4363,71.4
2024-10-23,00-04,3988681,1047155,92,453,11.4
2024-10-23,00+,84358845,38956850,2544,12775,15.1
2024-10-23,05-14,7940296,4504603,47,187,2.4
2024-10-23,15-34,19059537,11239422,199,1052,5.5
2024-10-23,35-59,28508100,15085568,549,2460,8.6
2024-10-23,60-79,18749279,5263684,837,4190,22.3
2024-10-23,80+,6112952,1784572,819,4410,72.1
2024-10-24,00-04,3988681,1047251,96,494,12.4
2024-10-24,00+,84358845,38959122,2272,13032,15.4
2024-10-24,05-14,7940296,4504653,50,209,2.6
2024-10-24,15-34,19059537,11239631,209,1078,5.7
2024-10-24,35-59,28508100,15086064,496,2545,8.9
2024-10-24,60-79,18749279,5264366,682,4208,22.4
2024-10-24,80+,6112952,1785310,738,4477,73.2
2024-10-25,00-04,3988681,1047329,78,480,12
2024-10-25,00+,84358845,38961179,2057,12738,15.1
2024-10-25,05-14,7940296,4504701,48,215,2.7
2024-10-25,15-34,19059537,11239815,184,1008,5.3
2024-10-25,35-59,28508100,15086454,390,2422,8.5
2024-10-25,60-79,18749279,5264994,628,4099,21.9
2024-10-25,80+,6112952,1786038,728,4493,73.5
2024-10-26,00-04,3988681,1047394,65,470,11.8
2024-10-26,00+,84358845,38962764,1585,12461,14.8
2024-10-26,05-14,7940296,4504722,21,211,2.7
2024-10-26,15-34,19059537,11239956,141,998,5.2
2024-10-26,35-59,28508100,15086749,295,2365,8.3
2024-10-26,60-79,18749279,5265527,533,4020,21.4
2024-10-26,80+,6112952,1786566,528,4381,71.7
2024-10-27,00-04,3988681,1047399,5,467,11.7
2024-10-27,00+,84358845,38962943,179,12441,14.7
2024-10-27,05-14,7940296,4504729,7,217,2.7
2024-10-27,15-34,19059537,11239969,13,990,5.2
2024-10-27,35-59,28508100,15086787,38,2361,8.3
2024-10-27,60-79,18749279,5265585,58,4013,21.4
2024-10-27,80+,6112952,1786624,58,4377,71.6
2024-10-28,00-04,3988681,1047402,3,461,11.6
2024-10-28,00+,84358845,38963050,107,12371,14.7
2024-10-28,05-14,7940296,4504732,3,220,2.8
2024-10-28,15-34,19059537,11239972,3,984,5.2
2024-10-28,35-59,28508100,15086797,10,2348,8.2
2024-10-28,60-79,18749279,5265629,44,4009,21.4
2024-10-28,80+,6112952,1786668,44,4333,70.9
2024-10-29,00-04,3988681,1047526,124,463,11.6
2024-10-29,00+,84358845,38966115,3065,11809,14
2024-10-29,05-14,7940296,4504783,51,227,2.9
2024-10-29,15-34,19059537,11240162,190,939,4.9
2024-10-29,35-59,28508100,15087256,459,2237,7.8
2024-10-29,60-79,18749279,5266691,1062,3844,20.5
2024-10-29,80+,6112952,1787845,1177,4092,66.9
2024-10-30,00-04,3988681,1047596,70,441,11.1
2024-10-30,00+,84358845,38968238,2123,11388,13.5
2024-10-30,05-14,7940296,4504825,42,222,2.8
2024-10-30,15-34,19059537,11240331,169,909,4.8
2024-10-30,35-59,28508100,15087669,413,2101,7.4
2024-10-30,60-79,18749279,5267353,662,3669,19.6
2024-10-30,80+,6112952,1788608,763,4036,66
2024-10-31,00-04,3988681,1047662,66,411,10.3
2024-10-31,00+,84358845,38970075,1837,10953,13
2024-10-31,05-14,7940296,4504877,52,224,2.8
2024-10-31,15-34,19059537,11240489,158,858,4.5
2024-10-31,35-59,28508100,15088059,390,1995,7
2024-10-31,60-79,18749279,5267937,584,3571,19
2024-10-31,80+,6112952,1789195,587,3885,63.6
2024-11-01,00-04,3988681,1047695,33,366,9.2
2024-11-01,00+,84358845,38971045,970,9866,11.7
2024-11-01,05-14,7940296,4504892,15,191,2.4
2024-11-01,15-34,19059537,11240551,62,736,3.9
2024-11-01,35-59,28508100,15088225,166,1771,6.2
2024-11-01,60-79,18749279,5268269,332,3275,17.5
2024-11-01,80+,6112952,1789545,350,3507,57.4
2024-11-02,00-04,3988681,1047729,34,335,8.4
2024-11-02,00+,84358845,38971836,791,9072,10.8
2024-11-02,05-14,7940296,4504913,21,191,2.4
2024-11-02,15-34,19059537,11240609,58,653,3.4
2024-11-02,35-59,28508100,15088383,158,1634,5.7
2024-11-02,60-79,18749279,5268509,240,2982,15.9
2024-11-02,80+,6112952,1789825,280,3259,53.3
2024-11-03,00-04,3988681,1047735,6,336,8.4
2024-11-03,00+,84358845,38971965,129,9022,10.7
2024-11-03,05-14,7940296,4504914,1,185,2.3
2024-11-03,15-34,19059537,11240615,6,646,3.4
2024-11-03,35-59,28508100,15088392,9,1605,5.6
2024-11-03,60-79,18749279,5268566,57,2981,15.9
2024-11-03,80+,6112952,1789875,50,3251,53.2
2024-11-04,00-04,3988681,1047739,4,337,8.4
2024-11-04,00+,84358845,38972050,85,9000,10.7
2024-11-04,05-14,7940296,4504915,1,183,2.3
2024-11-04,15-34,19059537,11240619,4,647,3.4
2024-11-04,35-59,28508100,15088400,8,1603,5.6
2024-11-04,60-79,18749279,5268601,35,2972,15.9
2024-11-04,80+,6112952,1789908,33,3240,53
2024-11-05,00-04,3988681,1047875,136,349,8.7
2024-11-05,00+,84358845,38974939,2889,8824,10.5
2024-11-05,05-14,7940296,4504976,61,193,2.4
2024-11-05,15-34,19059537,11240803,184,641,3.4
2024-11-05,35-59,28508100,15088846,446,1590,5.6
2024-11-05,60-79,18749279,5269589,988,2898,15.5
2024-11-05,80+,6112952,1790980,1072,3135,51.3
2024-11-06,00-04,3988681,1047938,63,342,8.6
2024-11-06,00+,84358845,38976595,1656,8357,9.9
2024-11-06,05-14,7940296,4505005,29,180,2.3
2024-11-06,15-34,19059537,11240960,157,629,3.3
2024-11-06,35-59,28508100,15089222,376,1553,5.4
2024-11-06,60-79,18749279,5270092,503,2739,14.6
2024-11-06,80+,6112952,1791507,527,2899,47.4
2024-11-07,00-04,3988681,1047990,52,328,8.2
2024-11-07,00+,84358845,38978014,1419,7939,9.4
2024-11-07,05-14,7940296,4505057,52,180,2.3
2024-11-07,15-34,19059537,11241100,140,611,3.2
2024-11-07,35-59,28508100,15089561,339,1502,5.3
2024-11-07,60-79,18749279,5270507,415,2570,13.7
2024-11-07,80+,6112952,1791928,421,2733,44.7
2024-11-08,00-04,3988681,1048049,59,354,8.9
2024-11-08,00+,84358845,38979535,1521,8490,10.1
2024-11-08,05-14,7940296,4505113,56,221,2.8
2024-11-08,15-34,19059537,11241255,155,704,3.7
2024-11-08,35-59,28508100,15089883,322,1658,5.8
2024-11-08,60-79,18749279,5270967,460,2698,14.4
2024-11-08,80+,6112952,1792396,468,2851,46.6
2024-11-09,00-04,3988681,1048103,54,374,9.4
2024-11-09,00+,84358845,38980765,1230,8929,10.6
2024-11-09,05-14,7940296,4505149,36,236,3
2024-11-09,15-34,19059537,11241377,122,768,4
2024-11-09,35-59,28508100,15090133,250,1750,6.1
2024-11-09,60-79,18749279,5271330,363,2821,15
2024-11-09,80+,6112952,1792801,405,2976,48.7
2024-11-10,00-04,3988681,1048110,7,375,9.4
2024-11-10,00+,84358845,38980898,133,8933,10.6
2024-11-10,05-14,7940296,4505158,9,244,3.1
2024-11-10,15-34,19059537,11241390,13,775,4.1
2024-11-10,35-59,28508100,15090152,19,1760,6.2
2024-11-10,60-79,18749279,5271380,50,2814,15
2024-11-10,80+,6112952,1792836,35,2961,48.4
2024-11-11,00-04,3988681,1048114,4,375,9.4
2024-11-11,00+,84358845,38980965,67,8915,10.6
2024-11-11,05-14,7940296,4505158,0,243,3.1
2024-11-11,15-34,19059537,11241393,3,774,4.1
2024-11-11,35-59,28508100,15090161,9,1761,6.2
2024-11-11,60-79,18749279,5271400,20,2799,14.9
2024-11-11,80+,6112952,1792867,31,2959,48.4
2024-11-12,00-04,3988681,1048200,86,325,8.1
2024-11-12,00+,84358845,38983130,2165,8191,9.7
2024-11-12,05-14,7940296,4505216,58,240,3
2024-11-12,15-34,19059537,11241562,169,759,4
2024-11-12,35-59,28508100,15090510,349,1664,5.8
2024-11-12,60-79,18749279,5272147,747,2558,13.6
2024-11-12,80+,6112952,1793623,756,2643,43.2
2024-11-13,00-04,3988681,1048280,80,342,8.6
2024-11-13,00+,84358845,38984865,1735,8270,9.8
2024-11-13,05-14,7940296,4505276,60,271,3.4
2024-11-13,15-34,19059537,11241716,154,756,4
2024-11-13,35-59,28508100,15090876,366,1654,5.8
2024-11-13,60-79,18749279,5272687,540,2595,13.8
2024-11-13,80+,6112952,1794152,529,2645,43.3
2024-11-14,00-04,3988681,1048348,68,358,9
2024-11-14,00+,84358845,38986358,1493,8344,9.9
2024-11-14,05-14,7940296,4505317,41,260,3.3
2024-11-14,15-34,19059537,11241878,162,778,4.1
2024-11-14,35-59,28508100,15091188,312,1627,5.7
2024-11-14,60-79,18749279,5273148,461,2641,14.1
2024-11-14,80+,6112952,1794600,448,2672,43.7
2024-11-15,00-04,3988681,1048414,66,365,9.2
2024-11-15,00+,84358845,38987760,1402,8225,9.8
2024-11-15,05-14,7940296,4505380,63,267,3.4
2024-11-15,15-34,19059537,11242021,143,766,4
2024-11-15,35-59,28508100,15091479,291,1596,5.6
2024-11-15,60-79,18749279,5273575,427,2608,13.9
2024-11-15,80+,6112952,1795012,412,2616,42.8
2024-11-16,00-04,3988681,1048452,38,349,8.7
2024-11-16,00+,84358845,38988996,1236,8231,9.8
2024-11-16,05-14,7940296,4505437,57,288,3.6
2024-11-16,15-34,19059537,11242149,128,772,4.1
2024-11-16,35-59,28508100,15091748,269,1615,5.7
2024-11-16,60-79,18749279,5273950,375,2620,14
2024-11-16,80+,6112952,1795381,369,2580,42.2
2024-11-17,00-04,3988681,1048463,11,353,8.9
2024-11-17,00+,84358845,38989161,165,8263,9.8
2024-11-17,05-14,7940296,4505447,10,289,3.6
2024-11-17,15-34,19059537,11242164,15,774,4.1
2024-11-17,35-59,28508100,15091783,35,1631,5.7
2024-11-17,60-79,18749279,5274005,55,2625,14
2024-11-17,80+,6112952,1795420,39,2584,42.3
2024-11-18,00-04,3988681,1048467,4,353,8.9
2024-11-18,00+,84358845,38989221,60,8256,9.8
2024-11-18,05-14,7940296,4505449,2,291,3.7
2024-11-18,15-34,19059537,11242165,1,772,4.1
2024-11-18,35-59,28508100,15091792,9,1631,5.7
2024-11-18,60-79,18749279,5274026,21,2626,14
2024-11-18,80+,6112952,1795443,23,2576,42.1
2024-11-19,00-04,3988681,1048569,102,369,9.3
2024-11-19,00+,84358845,38991607,2386,8477,10
2024-11-19,05-14,7940296,4505495,46,279,3.5
2024-11-19,15-34,19059537,11242337,172,775,4.1
2024-11-19,35-59,28508100,15092193,401,1683,5.9
2024-11-19,60-79,18749279,5274838,812,2691,14.4
2024-11-19,80+,6112952,1796295,852,2672,43.7
2024-11-20,00-04,3988681,1048633,64,353,8.9
2024-11-20,00+,84358845,38993164,1557,8299,9.8
2024-11-20,05-14,7940296,4505534,39,258,3.2
2024-11-20,15-34,19059537,11242486,149,770,4
2024-11-20,35-59,28508100,15092522,329,1646,5.8
2024-11-20,60-79,18749279,5275325,487,2638,14.1
2024-11-20,80+,6112952,1796784,489,2632,43.1
2024-11-21,00-04,3988681,1048683,50,335,8.4
2024-11-21,00+,84358845,38994494,1330,8136,9.6
2024-11-21,05-14,7940296,4505586,52,269,3.4
2024-11-21,15-34,19059537,11242603,117,725,3.8
2024-11-21,35-59,28508100,15092817,295,1629,5.7
2024-11-21,60-79,18749279,5275732,407,2584,13.8
2024-11-21,80+,6112952,1797192,408,2592,42.4
2024-11-22,00-04,3988681,1048727,44,313,7.8
2024-11-22,00+,84358845,38995852,1358,8092,9.6
2024-11-22,05-14,7940296,4505647,61,267,3.4
2024-11-22,15-34,19059537,11242735,132,714,3.7
2024-11-22,35-59,28508100,15093139,322,1660,5.8
2024-11-22,60-79,18749279,5276131,399,2556,13.6
2024-11-22,80+,6112952,1797590,398,2578,42.2
2024-11-23,00-04,3988681,1048798,71,346,8.7
2024-11-23,00+,84358845,38997064,1212,8068,9.6
2024-11-23,05-14,7940296,4505697,50,260,3.3
2024-11-23,15-34,19059537,11242838,103,689,3.6
2024-11-23,35-59,28508100,15093362,223,1614,5.7
2024-11-23,60-79,18749279,5276520,389,2570,13.7
2024-11-23,80+,6112952,1797966,376,2585,42.3
2024-11-24,00-04,3988681,1048807,9,344,8.6
2024-11-24,00+,84358845,38997205,141,8044,9.5
2024-11-24,05-14,7940296,4505704,7,257,3.2
2024-11-24,15-34,19059537,11242853,15,689,3.6
2024-11-24,35-59,28508100,15093391,29,1608,5.6
2024-11-24,60-79,18749279,5276559,39,2554,13.6
2024-11-24,80+,6112952,1798008,42,2588,42.3
2024-11-25,00-04,3988681,1048811,4,344,8.6
2024-11-25,00+,84358845,38997298,93,8077,9.6
2024-11-25,05-14,7940296,4505706,2,257,3.2
2024-11-25,15-34,19059537,11242860,7,695,3.6
2024-11-25,35-59,28508100,15093398,7,1606,5.6
2024-11-25,60-79,18749279,5276601,42,2575,13.7
2024-11-25,80+,6112952,1798039,31,2596,42.5
2024-11-26,00-04,3988681,1048926,115,357,9
2024-11-26,00+,84358845,38999618,2320,8011,9.5
2024-11-26,05-14,7940296,4505757,51,262,3.3
2024-11-26,15-34,19059537,11243018,158,681,3.6
2024-11-26,35-59,28508100,15093788,390,1595,5.6
2024-11-26,60-79,18749279,5277384,783,2546,13.6
2024-11-26,80+,6112952,1798861,822,2566,42
2024-11-27,00-04,3988681,1048987,61,354,8.9
2024-11-27,00+,84358845,39001269,1651,8105,9.6
2024-11-27,05-14,7940296,4505801,44,267,3.4
2024-11-27,15-34,19059537,11243183,165,697,3.7
2024-11-27,35-59,28508100,15094173,385,1651,5.8
2024-11-27,60-79,18749279,5277903,519,2578,13.7
2024-11-27,80+,6112952,1799336,475,2552,41.7
2024-11-28,00-04,3988681,1049046,59,363,9.1
2024-11-28,00+,84358845,39002804,1535,8310,9.9
2024-11-28,05-14,7940296,4505852,51,266,3.4
2024-11-28,15-34,19059537,11243308,125,705,3.7
2024-11-28,35-59,28508100,15094474,301,1657,5.8
2024-11-28,60-79,18749279,5278412,509,2680,14.3
2024-11-28,80+,6112952,1799826,490,2634,43.1
2024-11-29,00-04,3988681,1049115,69,388,9.7
2024-11-29,00+,84358845,39004141,1337,8289,9.8
2024-11-29,05-14,7940296,4505900,48,253,3.2
2024-11-29,15-34,19059537,11243458,150,723,3.8
2024-11-29,35-59,28508100,15094765,291,1626,5.7
2024-11-29,60-79,18749279,5278805,393,2674,14.3
2024-11-29,80+,6112952,1800212,386,2622,42.9
2024-11-30,00-04,3988681,1049156,41,358,9
2024-11-30,00+,84358845,39005165,1024,8101,9.6
2024-11-30,05-14,7940296,4505927,27,230,2.9
2024-11-30,15-34,19059537,11243556,98,718,3.8
2024-11-30,35-59,28508100,15094981,216,1619,5.7
2024-11-30,60-79,18749279,5279116,311,2596,13.8
2024-11-30,80+,6112952,1800543,331,2577,42.2
2024-12-01,00-04,3988681,1049162,6,355,8.9
2024-12-01,00+,84358845,39005283,118,8078,9.6
2024-12-01,05-14,7940296,4505933,6,229,2.9
2024-12-01,15-34,19059537,11243569,13,716,3.8
2024-12-01,35-59,28508100,15094994,13,1603,5.6
2024-12-01,60-79,18749279,5279153,37,2594,13.8
2024-12-01,80+,6112952,1800586,43,2578,42.2
2024-12-02,00-04,3988681,1049166,4,355,8.9
2024-12-02,00+,84358845,39005353,70,8055,9.5
2024-12-02,05-14,7940296,4505934,1,228,2.9
2024-12-02,15-34,19059537,11243573,4,713,3.7
2024-12-02,35-59,28508100,15095000,6,1602,5.6
2024-12-02,60-79,18749279,5279173,20,2572,13.7
2024-12-02,80+,6112952,1800621,35,2582,42.2
2024-12-03,00-04,3988681,1049257,91,331,8.3
2024-12-03,00+,84358845,39007344,1991,7726,9.2
2024-12-03,05-14,7940296,4505983,49,226,2.8
2024-12-03,15-34,19059537,11243701,128,683,3.6
2024-12-03,35-59,28508100,15095326,326,1538,5.4
2024-12-03,60-79,18749279,5279850,677,2466,13.2
2024-12-03,80+,6112952,1801332,711,2471,40.4
2024-12-04,00-04,3988681,1049299,42,312,7.8
2024-12-04,00+,84358845,39008694,1350,7425,8.8
2024-12-04,05-14,7940296,4506015,32,214,2.7
2024-12-04,15-34,19059537,11243823,122,640,3.4
2024-12-04,35-59,28508100,15095616,290,1443,5.1
2024-12-04,60-79,18749279,5280263,413,2360,12.6
2024-12-04,80+,6112952,1801778,446,2442,39.9
2024-12-05,00-04,3988681,1049338,39,292,7.3
2024-12-05,00+,84358845,39009974,1280,7170,8.5
2024-12-05,05-14,7940296,4506061,46,209,2.6
2024-12-05,15-34,19059537,11243947,124,639,3.4
2024-12-05,35-59,28508100,15095888,272,1414,5
2024-12-05,60-79,18749279,5280692,429,2280,12.2
2024-12-05,80+,6112952,1802144,366,2318,37.9
2024-12-06,00-04,3988681,1049397,59,282,7.1
2024-12-06,00+,84358845,39011291,1317,7150,8.5
2024-12-06,05-14,7940296,4506120,59,220,2.8
2024-12-06,15-34,19059537,11244081,134,623,3.3
2024-12-06,35-59,28508100,15096172,284,1407,4.9
2024-12-06,60-79,18749279,5281093,401,2288,12.2
2024-12-06,80+,6112952,1802522,378,2310,37.8
2024-12-07,00-04,3988681,1049433,36,277,6.9
2024-12-07,00+,84358845,39012197,906,7032,8.3
2024-12-07,05-14,7940296,4506152,32,225,2.8
2024-12-07,15-34,19059537,11244147,66,591,3.1
2024-12-07,35-59,28508100,15096366,194,1385,4.9
2024-12-07,60-79,18749279,5281367,274,2251,12
2024-12-07,80+,6112952,1802826,304,2283,37.3
2024-12-08,00-04,3988681,1049440,7,278,7
2024-12-08,00+,84358845,39012294,97,7011,8.3
2024-12-08,05-14,7940296,4506154,2,221,2.8
2024-12-08,15-34,19059537,11244162,15,593,3.1
2024-12-08,35-59,28508100,15096386,20,1392,4.9
2024-12-08,60-79,18749279,5281394,27,2241,12
2024-12-08,80+,6112952,1802852,26,2266,37.1
2024-12-09,00-04,3988681,1049446,6,280,7
2024-12-09,00+,84358845,39012369,75,7016,8.3
2024-12-09,05-14,7940296,4506157,3,223,2.8
2024-12-09,15-34,19059537,11244167,5,594,3.1
2024-12-09,35-59,28508100,15096397,11,1397,4.9
2024-12-09,60-79,18749279,5281418,24,2245,12
2024-12-09,80+,6112952,1802878,26,2257,36.9
2024-12-10,00-04,3988681,1049535,89,278,7
2024-12-10,00+,84358845,39014335,1966,6991,8.3
2024-12-10,05-14,7940296,4506187,30,204,2.6
2024-12-10,15-34,19059537,11244295,128,594,3.1
2024-12-10,35-59,28508100,15096723,326,1397,4.9
2024-12-10,60-79,18749279,5282064,646,2214,11.8
2024-12-10,80+,6112952,1803621,743,2289,37.4
2024-12-11,00-04,3988681,1049584,49,285,7.1
2024-12-11,00+,84358845,39015740,1405,7046,8.4
2024-12-11,05-14,7940296,4506222,35,207,2.6
2024-12-11,15-34,19059537,11244418,123,595,3.1
2024-12-11,35-59,28508100,15097027,304,1411,4.9
2024-12-11,60-79,18749279,5282510,446,2247,12
2024-12-11,80+,6112952,1804067,446,2289,37.4
2024-12-12,00-04,3988681,1049629,45,291,7.3
2024-12-12,00+,84358845,39016896,1156,6922,8.2
2024-12-12,05-14,7940296,4506248,26,187,2.4
2024-12-12,15-34,19059537,11244537,119,590,3.1
2024-12-12,35-59,28508100,15097299,272,1411,4.9
2024-12-12,60-79,18749279,5282877,367,2185,11.7
2024-12-12,80+,6112952,1804394,327,2250,36.8
2024-12-13,00-04,3988681,1049679,50,282,7.1
2024-12-13,00+,84358845,39018091,1195,6800,8.1
2024-12-13,05-14,7940296,4506278,30,158,2
2024-12-13,15-34,19059537,11244646,109,565,3
2024-12-13,35-59,28508100,15097544,245,1372,4.8
2024-12-13,60-79,18749279,5283261,384,2168,11.6
2024-12-13,80+,6112952,1804770,376,2248,36.8
2024-12-14,00-04,3988681,1049720,41,287,7.2
2024-12-14,00+,84358845,39018963,872,6766,8
2024-12-14,05-14,7940296,4506307,29,155,2
2024-12-14,15-34,19059537,11244713,67,566,3
2024-12-14,35-59,28508100,15097732,188,1366,4.8
2024-12-14,60-79,18749279,5283528,267,2161,11.5
2024-12-14,80+,6112952,1805050,280,2224,36.4
2024-12-15,00-04,3988681,1049725,5,285,7.1
2024-12-15,00+,84358845,39019078,115,6784,8
2024-12-15,05-14,7940296,4506308,1,154,1.9
2024-12-15,15-34,19059537,11244728,15,566,3
2024-12-15,35-59,28508100,15097756,24,1370,4.8
2024-12-15,60-79,18749279,5283563,35,2169,11.6
2024-12-15,80+,6112952,1805085,35,2233,36.5
2024-12-16,00-04,3988681,1049728,3,282,7.1
2024-12-16,00+,84358845,39019149,71,6780,8
2024-12-16,05-14,7940296,4506308,0,151,1.9
2024-12-16,15-34,19059537,11244734,6,567,3
2024-12-16,35-59,28508100,15097768,12,1371,4.8
2024-12-16,60-79,18749279,5283581,18,2163,11.5
2024-12-16,80+,6112952,1805117,32,2239,36.6
2024-12-17,00-04,3988681,1049789,61,254,6.4
2024-12-17,00+,84358845,39020896,1747,6561,7.8
2024-12-17,05-14,7940296,4506333,25,146,1.8
2024-12-17,15-34,19059537,11244842,108,547,2.9
2024-12-17,35-59,28508100,15098067,299,1344,4.7
2024-12-17,60-79,18749279,5284191,610,2127,11.3
2024-12-17,80+,6112952,1805761,644,2140,35
2024-12-18,00-04,3988681,1049832,43,248,6.2
2024-12-18,00+,84358845,39022109,1213,6369,7.5
2024-12-18,05-14,7940296,4506362,29,140,1.8
2024-12-18,15-34,19059537,11244940,98,522,2.7
2024-12-18,35-59,28508100,15098278,211,1251,4.4
2024-12-18,60-79,18749279,5284619,428,2109,11.2
2024-12-18,80+,6112952,1806164,403,2097,34.3
2024-12-19,00-04,3988681,1049883,51,254,6.4
2024-12-19,00+,84358845,39023299,1190,6403,7.6
2024-12-19,05-14,7940296,4506402,40,154,1.9
2024-12-19,15-34,19059537,11245064,124,527,2.8
2024-12-19,35-59,28508100,15098492,214,1193,4.2
2024-12-19,60-79,18749279,5285017,398,2140,11.4
2024-12-19,80+,6112952,1806527,363,2133,34.9
2024-12-20,00-04,3988681,1049930,47,251,6.3
2024-12-20,00+,84358845,39024350,1051,6259,7.4
2024-12-20,05-14,7940296,4506434,32,156,2
2024-12-20,15-34,19059537,11245155,91,509,2.7
2024-12-20,35-59,28508100,15098713,221,1169,4.1
2024-12-20,60-79,18749279,5285334,317,2073,11.1
2024-12-20,80+,6112952,1806868,341,2098,34.3
2024-12-21,00-04,3988681,1049969,39,249,6.2
2024-12-21,00+,84358845,39025097,747,6134,7.3
2024-12-21,05-14,7940296,4506450,16,143,1.8
2024-12-21,15-34,19059537,11245216,61,503,2.6
2024-12-21,35-59,28508100,15098865,152,1133,4
2024-12-21,60-79,18749279,5285582,248,2054,11
2024-12-21,80+,6112952,1807099,231,2049,33.5
2024-12-22,00-04,3988681,1049972,3,247,6.2
2024-12-22,00+,84358845,39025203,106,6125,7.3
2024-12-22,05-14,7940296,4506455,5,147,1.9
2024-12-22,15-34,19059537,11245224,8,496,2.6
2024-12-22,35-59,28508100,15098880,15,1124,3.9
2024-12-22,60-79,18749279,5285623,41,2060,11
2024-12-22,80+,6112952,1807133,34,2048,33.5
2024-12-23,00-04,3988681,1049973,1,245,6.1
2024-12-23,00+,84358845,39025260,57,6111,7.2
2024-12-23,05-14,7940296,4506455,0,147,1.9
2024-12-23,15-34,19059537,11245226,2,492,2.6
2024-12-23,35-59,28508100,15098887,7,1119,3.9
2024-12-23,60-79,18749279,5285642,19,2061,11
2024-12-23,80+,6112952,1807161,28,2044,33.4
2024-12-24,00-04,3988681,1050028,55,239,6
2024-12-24,00+,84358845,39026591,1331,5695,6.8
2024-12-24,05-14,7940296,4506476,21,143,1.8
2024-12-24,15-34,19059537,11245302,76,460,2.4
2024-12-24,35-59,28508100,15099065,178,998,3.5
2024-12-24,60-79,18749279,5286121,479,1930,10.3
2024-12-24,80+,6112952,1807683,522,1922,31.4
2024-12-25,00-04,3988681,1050032,4,200,5
2024-12-25,00+,84358845,39026678,87,4569,5.4
2024-12-25,05-14,7940296,4506477,1,115,1.4
2024-12-25,15-34,19059537,11245309,7,369,1.9
2024-12-25,35-59,28508100,15099078,13,800,2.8
2024-12-25,60-79,18749279,5286153,32,1534,8.2
2024-12-25,80+,6112952,1807713,30,1549,25.3
2024-12-26,00-04,3988681,1050039,7,156,3.9
2024-12-26,00+,84358845,39026750,72,3451,4.1
2024-12-26,05-14,7940296,4506477,0,75,0.9
2024-12-26,15-34,19059537,11245311,2,247,1.3
2024-12-26,35-59,28508100,15099086,8,594,2.1
2024-12-26,60-79,18749279,5286171,18,1154,6.2
2024-12-26,80+,6112952,1807750,37,1223,20
2024-12-27,00-04,3988681,1050042,3,112,2.8
2024-12-27,00+,84358845,39026852,102,2502,3
2024-12-27,05-14,7940296,4506479,2,45,0.6
2024-12-27,15-34,19059537,11245320,9,165,0.9
2024-12-27,35-59,28508100,15099095,9,382,1.3
2024-12-27,60-79,18749279,5286201,30,867,4.6
2024-12-27,80+,6112952,1807799,49,931,15.2
2024-12-28,00-04,3988681,1050089,47,120,3
2024-12-28,00+,84358845,39027972,1120,2875,3.4
2024-12-28,05-14,7940296,4506493,14,43,0.5
2024-12-28,15-34,19059537,11245356,36,140,0.7
2024-12-28,35-59,28508100,15099240,145,375,1.3
2024-12-28,60-79,18749279,5286591,390,1009,5.4
2024-12-28,80+,6112952,1808287,488,1188,19.4
2024-12-29,00-04,3988681,1050090,1,118,3
2024-12-29,00+,84358845,39028062,90,2859,3.4
2024-12-29,05-14,7940296,4506493,0,38,0.5
2024-12-29,15-34,19059537,11245361,5,137,0.7
2024-12-29,35-59,28508100,15099256,16,376,1.3
2024-12-29,60-79,18749279,5286629,38,1006,5.4
2024-12-29,80+,6112952,1808316,29,1183,19.4
2024-12-30,00-04,3988681,1050096,6,123,3.1
2024-12-30,00+,84358845,39028143,81,2883,3.4
2024-12-30,05-14,7940296,4506493,0,38,0.5
2024-12-30,15-34,19059537,11245367,6,141,0.7
2024-12-30,35-59,28508100,15099265,9,378,1.3
2024-12-30,60-79,18749279,5286655,26,1013,5.4
2024-12-30,80+,6112952,1808350,34,1189,19.5
2024-12-31,00-04,3988681,1050170,74,142,3.6
2024-12-31,00+,84358845,39029462,1319,2871,3.4
2024-12-31,05-14,7940296,4506509,16,33,0.4
2024-12-31,15-34,19059537,11245424,57,122,0.6
2024-12-31,35-59,28508100,15099420,155,355,1.2
2024-12-31,60-79,18749279,5287087,432,966,5.2
2024-12-31,80+,6112952,1808934,584,1251,20.5
2025-01-01,00-04,3988681,1050172,2,140,3.5
2025-01-01,00+,84358845,39029549,87,2871,3.4
2025-01-01,05-14,7940296,4506509,0,32,0.4
2025-01-01,15-34,19059537,11245427,3,118,0.6
2025-01-01,35-59,28508100,15099437,17,359,1.3
2025-01-01,60-79,18749279,5287119,32,966,5.2
2025-01-01,80+,6112952,1808967,33,1254,20.5
2025-01-02,00-04,3988681,1050173,1,134,3.4
2025-01-02,00+,84358845,39029603,54,2853,3.4
2025-01-02,05-14,7940296,4506509,0,32,0.4
2025-01-02,15-34,19059537,11245427,0,116,0.6
2025-01-02,35-59,28508100,15099439,2,353,1.2
2025-01-02,60-79,18749279,5287138,19,967,5.2
2025-01-02,80+,6112952,1808999,32,1249,20.4
2025-01-03,00-04,3988681,1050230,57,188,4.7
2025-01-03,00+,84358845,39031102,1499,4250,5
2025-01-03,05-14,7940296,4506514,5,35,0.4
2025-01-03,15-34,19059537,11245500,73,180,0.9
2025-01-03,35-59,28508100,15099654,215,559,2
2025-01-03,60-79,18749279,5287657,519,1456,7.8
2025-01-03,80+,6112952,1809626,627,1827,29.9
2025-01-04,00-04,3988681,1050253,23,164,4.1
2025-01-04,00+,84358845,39031823,721,3851,4.6
2025-01-04,05-14,7940296,4506519,5,26,0.3
2025-01-04,15-34,19059537,11245552,52,196,1
2025-01-04,35-59,28508100,15099783,129,543,1.9
2025-01-04,60-79,18749279,5287924,267,1333,7.1
2025-01-04,80+,6112952,1809870,244,1583,25.9
2025-01-05,00-04,3988681,1050253,0,163,4.1
2025-01-05,00+,84358845,39031888,65,3826,4.5
2025-01-05,05-14,7940296,4506520,1,27,0.3
2025-01-05,15-34,19059537,11245555,3,194,1
2025-01-05,35-59,28508100,15099796,13,540,1.9
2025-01-05,60-79,18749279,5287942,18,1313,7
2025-01-05,80+,6112952,1809900,30,1584,25.9
2025-01-06,00-04,3988681,1050255,2,159,4
2025-01-06,00+,84358845,39031935,47,3792,4.5
2025-01-06,05-14,7940296,4506520,0,27,0.3
2025-01-06,15-34,19059537,11245558,3,191,1
2025-01-06,35-59,28508100,15099802,6,537,1.9
2025-01-06,60-79,18749279,5287959,17,1304,7
2025-01-06,80+,6112952,1809919,19,1569,25.7
2025-01-07,00-04,3988681,1050290,35,120,3
2025-01-07,00+,84358845,39032790,855,3328,3.9
2025-01-07,05-14,7940296,4506532,12,23,0.3
2025-01-07,15-34,19059537,11245617,59,193,1
2025-01-07,35-59,28508100,15099949,147,529,1.9
2025-01-07,60-79,18749279,5288251,292,1164,6.2
2025-01-07,80+,6112952,1810229,310,1295,21.2
2025-01-08,00-04,3988681,1050324,34,152,3.8
2025-01-08,00+,84358845,39033782,992,4233,5
2025-01-08,05-14,7940296,4506540,8,31,0.4
2025-01-08,15-34,19059537,11245690,73,263,1.4
2025-01-08,35-59,28508100,15100116,167,679,2.4
2025-01-08,60-79,18749279,5288604,353,1485,7.9
2025-01-08,80+,6112952,1810585,356,1618,26.5
2025-01-09,00-04,3988681,1050346,22,173,4.3
2025-01-09,00+,84358845,39034442,660,4839,5.7
2025-01-09,05-14,7940296,4506548,8,39,0.5
2025-01-09,15-34,19059537,11245742,52,315,1.7
2025-01-09,35-59,28508100,15100249,133,810,2.8
2025-01-09,60-79,18749279,5288817,213,1679,9
2025-01-09,80+,6112952,1810817,232,1818,29.7
2025-01-10,00-04,3988681,1050362,16,132,3.3
2025-01-10,00+,84358845,39034983,541,3881,4.6
2025-01-10,05-14,7940296,4506559,11,45,0.6
2025-01-10,15-34,19059537,11245796,54,296,1.6
2025-01-10,35-59,28508100,15100353,104,699,2.5
2025-01-10,60-79,18749279,5288993,176,1336,7.1
2025-01-10,80+,6112952,1810997,180,1371,22.4
2025-01-11,00-04,3988681,1050387,25,134,3.4
2025-01-11,00+,84358845,39035430,447,3607,4.3
2025-01-11,05-14,7940296,4506570,11,51,0.6
2025-01-11,15-34,19059537,11245844,48,292,1.5
2025-01-11,35-59,28508100,15100446,93,663,2.3
2025-01-11,60-79,18749279,5289128,135,1204,6.4
2025-01-11,80+,6112952,1811132,135,1262,20.6
2025-01-12,00-04,3988681,1050391,4,138,3.5
2025-01-12,00+,84358845,39035478,48,3590,4.3
2025-01-12,05-14,7940296,4506573,3,53,0.7
2025-01-12,15-34,19059537,11245850,6,295,1.5
2025-01-12,35-59,28508100,15100456,10,660,2.3
2025-01-12,60-79,18749279,5289142,14,1200,6.4
2025-01-12,80+,6112952,1811143,11,1243,20.3
2025-01-13,00-04,3988681,1050395,4,140,3.5
2025-01-13,00+,84358845,39035511,33,3576,4.2
2025-01-13,05-14,7940296,4506574,1,54,0.7
2025-01-13,15-34,19059537,11245850,0,292,1.5
2025-01-13,35-59,28508100,15100460,4,658,2.3
2025-01-13,60-79,18749279,5289155,13,1196,6.4
2025-01-13,80+,6112952,1811154,11,1235,20.2
2025-01-14,00-04,3988681,1050426,31,136,3.4
2025-01-14,00+,84358845,39036385,874,3595,4.3
2025-01-14,05-14,7940296,4506587,13,55,0.7
2025-01-14,15-34,19059537,11245908,58,291,1.5
2025-01-14,35-59,28508100,15100604,144,655,2.3
2025-01-14,60-79,18749279,5289451,296,1200,6.4
2025-01-14,80+,6112952,1811486,332,1257,20.6
2025-01-15,00-04,3988681,1050452,26,128,3.2
2025-01-15,00+,84358845,39036925,540,3143,3.7
2025-01-15,05-14,7940296,4506594,7,54,0.7
2025-01-15,15-34,19059537,11245948,40,258,1.4
2025-01-15,35-59,28508100,15100705,101,589,2.1
2025-01-15,60-79,18749279,5289617,166,1013,5.4
2025-01-15,80+,6112952,1811686,200,1101,18
2025-01-16,00-04,3988681,1050475,23,129,3.2
2025-01-16,00+,84358845,39037424,499,2982,3.5
2025-01-16,05-14,7940296,4506601,7,53,0.7
2025-01-16,15-34,19059537,11245994,46,252,1.3
2025-01-16,35-59,28508100,15100806,101,557,2
2025-01-16,60-79,18749279,5289767,150,950,5.1
2025-01-16,80+,6112952,1811858,172,1041,17
2025-01-17,00-04,3988681,1050500,25,138,3.5
2025-01-17,00+,84358845,39037890,466,2907,3.4
2025-01-17,05-14,7940296,4506616,15,57,0.7
2025-01-17,15-34,19059537,11246045,51,249,1.3
2025-01-17,35-59,28508100,15100881,75,528,1.9
2025-01-17,60-79,18749279,5289910,143,917,4.9
2025-01-17,80+,6112952,1812015,157,1018,16.7
2025-01-18,00-04,3988681,1050520,20,133,3.3
2025-01-18,00+,84358845,39038290,400,2860,3.4
2025-01-18,05-14,7940296,4506626,10,56,0.7
2025-01-18,15-34,19059537,11246067,22,223,1.2
2025-01-18,35-59,28508100,15100960,79,514,1.8
2025-01-18,60-79,18749279,5290038,128,910,4.9
2025-01-18,80+,6112952,1812154,139,1022,16.7
2025-01-19,00-04,3988681,1050522,2,131,3.3
2025-01-19,00+,84358845,39038328,38,2850,3.4
2025-01-19,05-14,7940296,4506628,2,55,0.7
2025-01-19,15-34,19059537,11246072,5,222,1.2
2025-01-19,35-59,28508100,15100964,4,508,1.8
2025-01-19,60-79,18749279,5290048,10,906,4.8
2025-01-19,80+,6112952,1812168,14,1025,16.8
2025-01-20,00-04,3988681,1050522,0,127,3.2
2025-01-20,00+,84358845,39038359,31,2848,3.4
2025-01-20,05-14,7940296,4506628,0,54,0.7
2025-01-20,15-34,19059537,11246074,2,224,1.2
2025-01-20,35-59,28508100,15100967,3,507,1.8
2025-01-20,60-79,18749279,5290059,11,904,4.8
2025-01-20,80+,6112952,1812183,15,1029,16.8
2025-01-21,00-04,3988681,1050562,40,136,3.4
2025-01-21,00+,84358845,39039154,795,2769,3.3
2025-01-21,05-14,7940296,4506648,20,61,0.8
2025-01-21,15-34,19059537,11246131,57,223,1.2
2025-01-21,35-59,28508100,15101094,127,490,1.7
2025-01-21,60-79,18749279,5290321,262,870,4.6
2025-01-21,80+,6112952,1812471,288,985,16.1
2025-01-22,00-04,3988681,1050585,23,133,3.3
2025-01-22,00+,84358845,39039747,593,2822,3.3
2025-01-22,05-14,7940296,4506665,17,71,0.9
2025-01-22,15-34,19059537,11246179,48,231,1.2
2025-01-22,35-59,28508100,15101206,112,501,1.8
2025-01-22,60-79,18749279,5290505,184,888,4.7
2025-01-22,80+,6112952,1812680,209,994,16.3
2025-01-23,00-04,3988681,1050615,30,140,3.5
2025-01-23,00+,84358845,39040262,515,2838,3.4
2025-01-23,05-14,7940296,4506687,22,86,1.1
2025-01-23,15-34,19059537,11246224,45,230,1.2
2025-01-23,35-59,28508100,15101310,104,504,1.8
2025-01-23,60-79,18749279,5290677,172,910,4.9
2025-01-23,80+,6112952,1812822,142,964,15.8
2025-01-24,00-04,3988681,1050639,24,139,3.5
2025-01-24,00+,84358845,39040776,514,2886,3.4
2025-01-24,05-14,7940296,4506706,19,90,1.1
2025-01-24,15-34,19059537,11246272,48,227,1.2
2025-01-24,35-59,28508100,15101430,120,549,1.9
2025-01-24,60-79,18749279,5290827,150,917,4.9
2025-01-24,80+,6112952,1812975,153,960,15.7
2025-01-25,00-04,3988681,1050657,18,137,3.4
2025-01-25,00+,84358845,39041202,426,2912,3.5
2025-01-25,05-14,7940296,4506722,16,96,1.2
2025-01-25,15-34,19059537,11246312,40,245,1.3
2025-01-25,35-59,28508100,15101530,100,570,2
2025-01-25,60-79,18749279,5290956,129,918,4.9
2025-01-25,80+,6112952,1813095,120,941,15.4
2025-01-26,00-04,3988681,1050659,2,137,3.4
2025-01-26,00+,84358845,39041247,45,2919,3.5
2025-01-26,05-14,7940296,4506725,3,97,1.2
2025-01-26,15-34,19059537,11246314,2,242,1.3
2025-01-26,35-59,28508100,15101542,12,578,2
2025-01-26,60-79,18749279,5290971,15,923,4.9
2025-01-26,80+,6112952,1813106,11,938,15.3
2025-01-27,00-04,3988681,1050660,1,138,3.5
2025-01-27,00+,84358845,39041271,24,2912,3.5
2025-01-27,05-14,7940296,4506725,0,97,1.2
2025-01-27,15-34,19059537,11246316,2,242,1.3
2025-01-27,35-59,28508100,15101546,4,579,2
2025-01-27,60-79,18749279,5290975,4,916,4.9
2025-01-27,80+,6112952,1813119,13,936,15.3
2025-01-28,00-04,3988681,1050695,35,133,3.3
2025-01-28,00+,84358845,39042058,787,2904,3.4
2025-01-28,05-14,7940296,4506751,26,103,1.3
2025-01-28,15-34,19059537,11246382,66,251,1.3
2025-01-28,35-59,28508100,15101690,144,596,2.1
2025-01-28,60-79,18749279,5291241,266,920,4.9
2025-01-28,80+,6112952,1813366,247,895,14.6
2025-01-29,00-04,3988681,1050715,20,130,3.3
2025-01-29,00+,84358845,39042593,535,2846,3.4
2025-01-29,05-14,7940296,4506764,13,99,1.2
2025-01-29,15-34,19059537,11246432,50,253,1.3
2025-01-29,35-59,28508100,15101803,113,597,2.1
2025-01-29,60-79,18749279,5291406,165,901,4.8
2025-01-29,80+,6112952,1813540,174,860,14.1
2025-01-30,00-04,3988681,1050733,18,118,3
2025-01-30,00+,84358845,39043143,550,2881,3.4
2025-01-30,05-14,7940296,4506787,23,100,1.3
2025-01-30,15-34,19059537,11246487,55,263,1.4
2025-01-30,35-59,28508100,15101932,129,622,2.2
2025-01-30,60-79,18749279,5291580,174,903,4.8
2025-01-30,80+,6112952,1813691,151,869,14.2
2025-01-31,00-04,3988681,1050750,17,111,2.8
2025-01-31,00+,84358845,39043698,555,2922,3.5
2025-01-31,05-14,7940296,4506814,27,108,1.4
2025-01-31,15-34,19059537,11246547,60,275,1.4
2025-01-31,35-59,28508100,15102060,128,630,2.2
2025-01-31,60-79,18749279,5291759,179,932,5
2025-01-31,80+,6112952,1813832,141,857,14
2025-02-01,00-04,3988681,1050761,11,104,2.6
2025-02-01,00+,84358845,39044098,400,2896,3.4
2025-02-01,05-14,7940296,4506824,10,102,1.3
2025-02-01,15-34,19059537,11246586,39,274,1.4
2025-02-01,35-59,28508100,15102149,89,619,2.2
2025-02-01,60-79,18749279,5291893,134,937,5
2025-02-01,80+,6112952,1813948,116,853,14
2025-02-02,00-04,3988681,1050764,3,105,2.6
2025-02-02,00+,84358845,39044140,42,2893,3.4
2025-02-02,05-14,7940296,4506826,2,101,1.3
2025-02-02,15-34,19059537,11246588,2,274,1.4
2025-02-02,35-59,28508100,15102159,10,617,2.2
2025-02-02,60-79,18749279,5291906,13,935,5
2025-02-02,80+,6112952,1813960,12,854,14
2025-02-03,00-04,3988681,1050767,3,107,2.7
2025-02-03,00+,84358845,39044167,27,2896,3.4
2025-02-03,05-14,7940296,4506826,0,101,1.3
2025-02-03,15-34,19059537,11246589,1,273,1.4
2025-02-03,35-59,28508100,15102163,4,617,2.2
2025-02-03,60-79,18749279,5291914,8,939,5
2025-02-03,80+,6112952,1813971,11,852,13.9
2025-02-04,00-04,3988681,1050801,34,106,2.7
2025-02-04,00+,84358845,39044824,657,2766,3.3
2025-02-04,05-14,7940296,4506848,22,97,1.2
2025-02-04,15-34,19059537,11246628,39,246,1.3
2025-02-04,35-59,28508100,15102268,105,578,2
2025-02-04,60-79,18749279,5292157,243,916,4.9
2025-02-04,80+,6112952,1814185,214,819,13.4
2025-02-05,00-04,3988681,1050822,21,107,2.7
2025-02-05,00+,84358845,39045261,437,2668,3.2
2025-02-05,05-14,7940296,4506866,18,102,1.3
2025-02-05,15-34,19059537,11246665,37,233,1.2
2025-02-05,35-59,28508100,15102371,103,568,2
2025-02-05,60-79,18749279,5292293,136,887,4.7
2025-02-05,80+,6112952,1814306,121,766,12.5
2025-02-06,00-04,3988681,1050847,25,114,2.9
2025-02-06,00+,84358845,39045642,381,2499,3
2025-02-06,05-14,7940296,4506879,13,92,1.2
2025-02-06,15-34,19059537,11246712,47,225,1.2
2025-02-06,35-59,28508100,15102473,102,541,1.9
2025-02-06,60-79,18749279,5292399,106,819,4.4
2025-02-06,80+,6112952,1814394,88,703,11.5
2025-02-07,00-04,3988681,1050873,26,123,3.1
2025-02-07,00+,84358845,39046024,382,2326,2.8
2025-02-07,05-14,7940296,4506885,6,71,0.9
2025-02-07,15-34,19059537,11246750,38,203,1.1
2025-02-07,35-59,28508100,15102559,86,499,1.8
2025-02-07,60-79,18749279,5292528,129,769,4.1
2025-02-07,80+,6112952,1814491,97,659,10.8
2025-02-08,00-04,3988681,1050884,11,123,3.1
2025-02-08,00+,84358845,39046335,311,2237,2.7
2025-02-08,05-14,7940296,4506894,9,70,0.9
2025-02-08,15-34,19059537,11246770,20,184,1
2025-02-08,35-59,28508100,15102644,85,495,1.7
2025-02-08,60-79,18749279,5292623,95,730,3.9
2025-02-08,80+,6112952,1814582,91,634,10.4
2025-02-09,00-04,3988681,1050887,3,123,3.1
2025-02-09,00+,84358845,39046371,36,2231,2.6
2025-02-09,05-14,7940296,4506898,4,72,0.9
2025-02-09,15-34,19059537,11246775,5,187,1
2025-02-09,35-59,28508100,15102647,3,488,1.7
2025-02-09,60-79,18749279,5292630,7,724,3.9
2025-02-09,80+,6112952,1814596,14,636,10.4
2025-02-10,00-04,3988681,1050889,2,122,3.1
2025-02-10,00+,84358845,39046389,18,2222,2.6
2025-02-10,05-14,7940296,4506898,0,72,0.9
2025-02-10,15-34,19059537,11246777,2,188,1
2025-02-10,35-59,28508100,15102649,2,486,1.7
2025-02-10,60-79,18749279,5292637,7,723,3.9
2025-02-10,80+,6112952,1814601,5,630,10.3
2025-02-11,00-04,3988681,1050935,46,134,3.4
2025-02-11,00+,84358845,39046967,578,2143,2.5
2025-02-11,05-14,7940296,4506906,8,58,0.7
2025-02-11,15-34,19059537,11246823,46,195,1
2025-02-11,35-59,28508100,15102761,112,493,1.7
2025-02-11,60-79,18749279,5292823,186,666,3.6
2025-02-11,80+,6112952,1814780,179,595,9.7
2025-02-12,00-04,3988681,1050947,12,125,3.1
2025-02-12,00+,84358845,39047348,381,2087,2.5
2025-02-12,05-14,7940296,4506920,14,54,0.7
2025-02-12,15-34,19059537,11246853,30,188,1
2025-02-12,35-59,28508100,15102842,81,471,1.7
2025-02-12,60-79,18749279,5292946,123,653,3.5
2025-02-12,80+,6112952,1814900,120,594,9.7
2025-02-13,00-04,3988681,1050964,17,117,2.9
2025-02-13,00+,84358845,39047684,336,2042,2.4
2025-02-13,05-14,7940296,4506931,11,52,0.7
2025-02-13,15-34,19059537,11246892,39,180,0.9
2025-02-13,35-59,28508100,15102924,82,451,1.6
2025-02-13,60-79,18749279,5293035,89,636,3.4
2025-02-13,80+,6112952,1814998,98,604,9.9
2025-02-14,00-04,3988681,1050981,17,108,2.7
2025-02-14,00+,84358845,39048016,332,1992,2.4
2025-02-14,05-14,7940296,4506943,12,58,0.7
2025-02-14,15-34,19059537,11246925,33,175,0.9
2025-02-14,35-59,28508100,15103000,76,441,1.5
2025-02-14,60-79,18749279,5293132,97,604,3.2
2025-02-14,80+,6112952,1815095,97,604,9.9
2025-02-15,00-04,3988681,1050987,6,103,2.6
2025-02-15,00+,84358845,39048298,282,1963,2.3
2025-02-15,05-14,7940296,4506954,11,60,0.8
2025-02-15,15-34,19059537,11246948,23,178,0.9
2025-02-15,35-59,28508100,15103057,57,413,1.4
2025-02-15,60-79,18749279,5293224,92,601,3.2
2025-02-15,80+,6112952,1815186,91,604,9.9
2025-02-16,00-04,3988681,1050988,1,101,2.5
2025-02-16,00+,84358845,39048319,21,1948,2.3
2025-02-16,05-14,7940296,4506954,0,56,0.7
2025-02-16,15-34,19059537,11246949,1,174,0.9
2025-02-16,35-59,28508100,15103059,2,412,1.4
2025-02-16,60-79,18749279,5293231,7,601,3.2
2025-02-16,80+,6112952,1815196,10,600,9.8
2025-02-17,00-04,3988681,1050988,0,99,2.5
2025-02-17,00+,84358845,39048341,22,1952,2.3
2025-02-17,05-14,7940296,4506954,0,56,0.7
2025-02-17,15-34,19059537,11246951,2,174,0.9
2025-02-17,35-59,28508100,15103064,5,415,1.5
2025-02-17,60-79,18749279,5293237,6,600,3.2
2025-02-17,80+,6112952,1815205,9,604,9.9
2025-02-18,00-04,3988681,1051014,26,79,2
2025-02-18,00+,84358845,39048865,524,1898,2.2
2025-02-18,05-14,7940296,4506971,17,65,0.8
2025-02-18,15-34,19059537,11246990,39,167,0.9
2025-02-18,35-59,28508100,15103144,80,383,1.3
2025-02-18,60-79,18749279,5293417,180,594,3.2
2025-02-18,80+,6112952,1815387,182,607,9.9
2025-02-19,00-04,3988681,1051023,9,76,1.9
2025-02-19,00+,84358845,39049211,346,1863,2.2
2025-02-19,05-14,7940296,4506982,11,62,0.8
2025-02-19,15-34,19059537,11247020,30,167,0.9
2025-02-19,35-59,28508100,15103206,62,364,1.3
2025-02-19,60-79,18749279,5293538,121,592,3.2
2025-02-19,80+,6112952,1815500,113,600,9.8
2025-02-20,00-04,3988681,1051036,13,72,1.8
2025-02-20,00+,84358845,39049568,357,1884,2.2
2025-02-20,05-14,7940296,4506992,10,61,0.8
2025-02-20,15-34,19059537,11247050,30,158,0.8
2025-02-20,35-59,28508100,15103294,88,370,1.3
2025-02-20,60-79,18749279,5293644,106,609,3.2
2025-02-20,80+,6112952,1815610,110,612,10
2025-02-21,00-04,3988681,1051048,12,67,1.7
2025-02-21,00+,84358845,39049870,302,1854,2.2
2025-02-21,05-14,7940296,4507000,8,57,0.7
2025-02-21,15-34,19059537,11247073,23,148,0.8
2025-02-21,35-59,28508100,15103361,67,361,1.3
2025-02-21,60-79,18749279,5293735,91,603,3.2
2025-02-21,80+,6112952,1815710,100,615,10.1
2025-02-22,00-04,3988681,1051056,8,69,1.7
2025-02-22,00+,84358845,39050074,204,1776,2.1
2025-02-22,05-14,7940296,4507008,8,54,0.7
2025-02-22,15-34,19059537,11247089,16,141,0.7
2025-02-22,35-59,28508100,15103394,33,337,1.2
2025-02-22,60-79,18749279,5293793,58,569,3
2025-02-22,80+,6112952,1815791,81,605,9.9
2025-02-23,00-04,3988681,1051060,4,72,1.8
2025-02-23,00+,84358845,39050101,27,1782,2.1
2025-02-23,05-14,7940296,4507008,0,54,0.7
2025-02-23,15-34,19059537,11247089,0,140,0.7
2025-02-23,35-59,28508100,15103400,6,341,1.2
2025-02-23,60-79,18749279,5293805,12,574,3.1
2025-02-23,80+,6112952,1815796,5,600,9.8
2025-02-24,00-04,3988681,1051061,1,73,1.8
2025-02-24,00+,84358845,39050109,8,1768,2.1
2025-02-24,05-14,7940296,4507008,0,54,0.7
2025-02-24,15-34,19059537,11247089,0,138,0.7
2025-02-24,35-59,28508100,15103402,2,338,1.2
2025-02-24,60-79,18749279,5293809,4,572,3.1
2025-02-24,80+,6112952,1815797,1,592,9.7
2025-02-25,00-04,3988681,1051095,34,81,2
2025-02-25,00+,84358845,39050573,464,1708,2
2025-02-25,05-14,7940296,4507016,8,45,0.6
2025-02-25,15-34,19059537,11247119,30,129,0.7
2025-02-25,35-59,28508100,15103483,81,339,1.2
2025-02-25,60-79,18749279,5293965,156,548,2.9
2025-02-25,80+,6112952,1815952,155,565,9.2
2025-02-26,00-04,3988681,1051111,16,88,2.2
2025-02-26,00+,84358845,39050882,309,1671,2
2025-02-26,05-14,7940296,4507026,10,44,0.6
2025-02-26,15-34,19059537,11247143,24,123,0.6
2025-02-26,35-59,28508100,15103538,55,332,1.2
2025-02-26,60-79,18749279,5294068,103,530,2.8
2025-02-26,80+,6112952,1816053,101,553,9
2025-02-27,00-04,3988681,1051120,9,84,2.1
2025-02-27,00+,84358845,39051150,268,1582,1.9
2025-02-27,05-14,7940296,4507031,5,39,0.5
2025-02-27,15-34,19059537,11247176,33,126,0.7
2025-02-27,35-59,28508100,15103598,60,304,1.1
2025-02-27,60-79,18749279,5294141,73,497,2.7
2025-02-27,80+,6112952,1816141,88,531,8.7
2025-02-28,00-04,3988681,1051129,9,81,2
2025-02-28,00+,84358845,39051401,251,1531,1.8
2025-02-28,05-14,7940296,4507037,6,37,0.5
2025-02-28,15-34,19059537,11247203,27,130,0.7
2025-02-28,35-59,28508100,15103650,52,289,1
2025-02-28,60-79,18749279,5294228,87,493,2.6
2025-02-28,80+,6112952,1816211,70,501,8.2
2025-03-01,00-04,3988681,1051137,8,81,2
2025-03-01,00+,84358845,39051557,156,1483,1.8
2025-03-01,05-14,7940296,4507040,3,32,0.4
2025-03-01,15-34,19059537,11247222,19,133,0.7
2025-03-01,35-59,28508100,15103680,30,286,1
2025-03-01,60-79,18749279,5294271,43,478,2.5
2025-03-01,80+,6112952,1816264,53,473,7.7
2025-03-02,00-04,3988681,1051137,0,77,1.9
2025-03-02,00+,84358845,39051568,11,1467,1.7
2025-03-02,05-14,7940296,4507040,0,32,0.4
2025-03-02,15-34,19059537,11247222,0,133,0.7
2025-03-02,35-59,28508100,15103682,2,282,1
2025-03-02,60-79,18749279,5294279,8,474,2.5
2025-03-02,80+,6112952,1816265,1,469,7.7
2025-03-03,00-04,3988681,1051137,0,76,1.9
2025-03-03,00+,84358845,39051576,8,1467,1.7
2025-03-03,05-14,7940296,4507040,0,32,0.4
2025-03-03,15-34,19059537,11247222,0,133,0.7
2025-03-03,35-59,28508100,15103682,0,280,1
2025-03-03,60-79,18749279,5294281,2,472,2.5
2025-03-03,80+,6112952,1816271,6,474,7.8
2025-03-04,00-04,3988681,1051147,10,52,1.3
2025-03-04,00+,84358845,39051880,304,1307,1.5
2025-03-04,05-14,7940296,4507044,4,28,0.4
2025-03-04,15-34,19059537,11247251,29,132,0.7
2025-03-04,35-59,28508100,15103730,48,247,0.9
2025-03-04,60-79,18749279,5294385,104,420,2.2
2025-03-04,80+,6112952,1816380,109,428,7
2025-03-05,00-04,3988681,1051158,11,47,1.2
2025-03-05,00+,84358845,39052114,234,1232,1.5
2025-03-05,05-14,7940296,4507047,3,21,0.3
2025-03-05,15-34,19059537,11247270,19,127,0.7
2025-03-05,35-59,28508100,15103786,56,248,0.9
2025-03-05,60-79,18749279,5294454,69,386,2.1
2025-03-05,80+,6112952,1816456,76,403,6.6
2025-03-06,00-04,3988681,1051163,5,43,1.1
2025-03-06,00+,84358845,39052331,217,1181,1.4
2025-03-06,05-14,7940296,4507055,8,24,0.3
2025-03-06,15-34,19059537,11247291,21,115,0.6
2025-03-06,35-59,28508100,15103835,49,237,0.8
2025-03-06,60-79,18749279,5294518,64,377,2
2025-03-06,80+,6112952,1816526,70,385,6.3
2025-03-07,00-04,3988681,1051170,7,41,1
2025-03-07,00+,84358845,39052512,181,1111,1.3
2025-03-07,05-14,7940296,4507064,9,27,0.3
2025-03-07,15-34,19059537,11247315,24,112,0.6
2025-03-07,35-59,28508100,15103871,36,221,0.8
2025-03-07,60-79,18749279,5294565,47,337,1.8
2025-03-07,80+,6112952,1816584,58,373,6.1
2025-03-08,00-04,3988681,1051178,8,41,1
2025-03-08,00+,84358845,39052676,164,1119,1.3
2025-03-08,05-14,7940296,4507068,4,28,0.4
2025-03-08,15-34,19059537,11247330,15,108,0.6
2025-03-08,35-59,28508100,15103896,25,216,0.8
2025-03-08,60-79,18749279,5294620,55,349,1.9
2025-03-08,80+,6112952,1816641,57,377,6.2
2025-03-09,00-04,3988681,1051178,0,41,1
2025-03-09,00+,84358845,39052682,6,1114,1.3
2025-03-09,05-14,7940296,4507068,0,28,0.4
2025-03-09,15-34,19059537,11247330,0,108,0.6
2025-03-09,35-59,28508100,15103900,4,218,0.8
2025-03-09,60-79,18749279,5294622,2,343,1.8
2025-03-09,80+,6112952,1816641,0,376,6.2
2025-03-10,00-04,3988681,1051178,0,41,1
2025-03-10,00+,84358845,39052691,9,1115,1.3
2025-03-10,05-14,7940296,4507069,1,29,0.4
2025-03-10,15-34,19059537,11247331,1,109,0.6
2025-03-10,35-59,28508100,15103900,0,218,0.8
2025-03-10,60-79,18749279,5294624,2,343,1.8
2025-03-10,80+,6112952,1816646,5,375,6.1
2025-03-11,00-04,3988681,1051196,18,49,1.2
2025-03-11,00+,84358845,39052993,302,1113,1.3
2025-03-11,05-14,7940296,4507073,4,29,0.4
2025-03-11,15-34,19059537,11247358,27,107,0.6
2025-03-11,35-59,28508100,15103952,52,222,0.8
2025-03-11,60-79,18749279,5294728,104,343,1.8
2025-03-11,80+,6112952,1816743,97,363,5.9
2025-03-12,00-04,3988681,1051201,5,43,1.1
2025-03-12,00+,84358845,39053186,193,1072,1.3
2025-03-12,05-14,7940296,4507078,5,31,0.4
2025-03-12,15-34,19059537,11247372,14,102,0.5
2025-03-12,35-59,28508100,15103997,45,211,0.7
2025-03-12,60-79,18749279,5294790,62,336,1.8
2025-03-12,80+,6112952,1816805,62,349,5.7
2025-03-13,00-04,3988681,1051207,6,44,1.1
2025-03-13,00+,84358845,39053382,196,1051,1.2
2025-03-13,05-14,7940296,4507085,7,30,0.4
2025-03-13,15-34,19059537,11247391,19,100,0.5
2025-03-13,35-59,28508100,15104037,40,202,0.7
2025-03-13,60-79,18749279,5294855,65,337,1.8
2025-03-13,80+,6112952,1816864,59,338,5.5
2025-03-14,00-04,3988681,1051215,8,45,1.1
2025-03-14,00+,84358845,39053559,177,1047,1.2
2025-03-14,05-14,7940296,4507087,2,23,0.3
2025-03-14,15-34,19059537,11247411,20,96,0.5
2025-03-14,35-59,28508100,15104074,37,203,0.7
2025-03-14,60-79,18749279,5294911,56,346,1.8
2025-03-14,80+,6112952,1816918,54,334,5.5
2025-03-15,00-04,3988681,1051223,8,45,1.1
2025-03-15,00+,84358845,39053696,137,1020,1.2
2025-03-15,05-14,7940296,4507090,3,22,0.3
2025-03-15,15-34,19059537,11247427,16,97,0.5
2025-03-15,35-59,28508100,15104097,23,201,0.7
2025-03-15,60-79,18749279,5294958,47,338,1.8
2025-03-15,80+,6112952,1816958,40,317,5.2
2025-03-16,00-04,3988681,1051224,1,46,1.2
2025-03-16,00+,84358845,39053704,8,1022,1.2
2025-03-16,05-14,7940296,4507090,0,22,0.3
2025-03-16,15-34,19059537,11247428,1,98,0.5
2025-03-16,35-59,28508100,15104099,2,199,0.7
2025-03-16,60-79,18749279,5294961,3,339,1.8
2025-03-16,80+,6112952,1816959,1,318,5.2
2025-03-17,00-04,3988681,1051225,1,47,1.2
2025-03-17,00+,84358845,39053712,8,1021,1.2
2025-03-17,05-14,7940296,4507090,0,21,0.3
2025-03-17,15-34,19059537,11247428,0,97,0.5
2025-03-17,35-59,28508100,15104099,0,199,0.7
2025-03-17,60-79,18749279,5294966,5,342,1.8
2025-03-17,80+,6112952,1816961,2,315,5.2
2025-03-18,00-04,3988681,1051236,11,40,1
2025-03-18,00+,84358845,39053961,249,968,1.1
2025-03-18,05-14,7940296,4507094,4,21,0.3
2025-03-18,15-34,19059537,11247455,27,97,0.5
2025-03-18,35-59,28508100,15104144,45,192,0.7
2025-03-18,60-79,18749279,5295054,88,326,1.7
2025-03-18,80+,6112952,1817035,74,292,4.8
2025-03-19,00-04,3988681,1051244,8,43,1.1
2025-03-19,00+,84358845,39054109,148,923,1.1
2025-03-19,05-14,7940296,4507100,6,22,0.3
2025-03-19,15-34,19059537,11247467,12,95,0.5
2025-03-19,35-59,28508100,15104177,33,180,0.6
2025-03-19,60-79,18749279,5295100,46,310,1.7
2025-03-19,80+,6112952,1817078,43,273,4.5
2025-03-20,00-04,3988681,1051252,8,45,1.1
2025-03-20,00+,84358845,39054246,137,864,1
2025-03-20,05-14,7940296,4507105,5,20,0.3
2025-03-20,15-34,19059537,11247482,15,91,0.5
2025-03-20,35-59,28508100,15104200,23,163,0.6
2025-03-20,60-79,18749279,5295152,52,297,1.6
2025-03-20,80+,6112952,1817111,33,247,4
2025-03-21,00-04,3988681,1051257,5,42,1.1
2025-03-21,00+,84358845,39054383,137,824,1
2025-03-21,05-14,7940296,4507107,2,20,0.3
2025-03-21,15-34,19059537,11247498,16,87,0.5
2025-03-21,35-59,28508100,15104228,28,154,0.5
2025-03-21,60-79,18749279,5295197,45,286,1.5
2025-03-21,80+,6112952,1817152,41,234,3.8
2025-03-22,00-04,3988681,1051262,5,39,1
2025-03-22,00+,84358845,39054500,117,804,1
2025-03-22,05-14,7940296,4507111,4,21,0.3
2025-03-22,15-34,19059537,11247508,10,81,0.4
2025-03-22,35-59,28508100,15104254,26,157,0.6
2025-03-22,60-79,18749279,5295226,29,268,1.4
2025-03-22,80+,6112952,1817194,42,236,3.9
2025-03-23,00-04,3988681,1051263,1,39,1
2025-03-23,00+,84358845,39054513,13,809,1
2025-03-23,05-14,7940296,4507111,0,21,0.3
2025-03-23,15-34,19059537,11247508,0,80,0.4
2025-03-23,35-59,28508100,15104254,0,155,0.5
2025-03-23,60-79,18749279,5295234,8,273,1.5
2025-03-23,80+,6112952,1817198,4,239,3.9
2025-03-24,00-04,3988681,1051266,3,41,1
2025-03-24,00+,84358845,39054524,11,812,1
2025-03-24,05-14,7940296,4507111,0,21,0.3
2025-03-24,15-34,19059537,11247508,0,80,0.4
2025-03-24,35-59,28508100,15104255,1,156,0.5
2025-03-24,60-79,18749279,5295239,5,273,1.5
2025-03-24,80+,6112952,1817200,2,239,3.9
2025-03-25,00-04,3988681,1051275,9,39,1
2025-03-25,00+,84358845,39054810,286,849,1
2025-03-25,05-14,7940296,4507120,9,26,0.3
2025-03-25,15-34,19059537,11247521,13,66,0.3
2025-03-25,35-59,28508100,15104309,54,165,0.6
2025-03-25,60-79,18749279,5295347,108,293,1.6
2025-03-25,80+,6112952,1817293,93,258,4.2
2025-03-26,00-04,3988681,1051285,10,41,1
2025-03-26,00+,84358845,39054968,158,859,1
2025-03-26,05-14,7940296,4507122,2,22,0.3
2025-03-26,15-34,19059537,11247530,9,63,0.3
2025-03-26,35-59,28508100,15104342,33,165,0.6
2025-03-26,60-79,18749279,5295397,50,297,1.6
2025-03-26,80+,6112952,1817346,53,268,4.4
2025-03-27,00-04,3988681,1051293,8,41,1
2025-03-27,00+,84358845,39055103,135,857,1
2025-03-27,05-14,7940296,4507123,1,18,0.2
2025-03-27,15-34,19059537,11247545,15,63,0.3
2025-03-27,35-59,28508100,15104371,29,171,0.6
2025-03-27,60-79,18749279,5295442,45,290,1.5
2025-03-27,80+,6112952,1817383,37,272,4.4
2025-03-28,00-04,3988681,1051298,5,41,1
2025-03-28,00+,84358845,39055234,131,851,1
2025-03-28,05-14,7940296,4507127,4,20,0.3
2025-03-28,15-34,19059537,11247560,15,62,0.3
2025-03-28,35-59,28508100,15104403,32,175,0.6
2025-03-28,60-79,18749279,5295483,41,286,1.5
2025-03-28,80+,6112952,1817417,34,265,4.3
2025-03-29,00-04,3988681,1051300,2,38,1
2025-03-29,00+,84358845,39055347,113,847,1
2025-03-29,05-14,7940296,4507129,2,18,0.2
2025-03-29,15-34,19059537,11247575,15,67,0.4
2025-03-29,35-59,28508100,15104425,22,171,0.6
2025-03-29,60-79,18749279,5295518,35,292,1.6
2025-03-29,80+,6112952,1817454,37,260,4.3
2025-03-30,00-04,3988681,1051302,2,39,1
2025-03-30,00+,84358845,39055355,8,842,1
2025-03-30,05-14,7940296,4507129,0,18,0.2
2025-03-30,15-34,19059537,11247577,2,69,0.4
2025-03-30,35-59,28508100,15104425,0,171,0.6
2025-03-30,60-79,18749279,5295518,0,284,1.5
2025-03-30,80+,6112952,1817458,4,260,4.3
2025-03-31,00-04,3988681,1051304,2,38,1
2025-03-31,00+,84358845,39055359,4,835,1
2025-03-31,05-14,7940296,4507129,0,18,0.2
2025-03-31,15-34,19059537,11247578,1,70,0.4
2025-03-31,35-59,28508100,15104425,0,170,0.6
2025-03-31,60-79,18749279,5295519,1,280,1.5
2025-03-31,80+,6112952,1817458,0,258,4.2
2025-04-01,00-04,3988681,1051318,14,43,1.1
2025-04-01,00+,84358845,39055563,204,753,0.9
2025-04-01,05-14,7940296,4507136,7,16,0.2
2025-04-01,15-34,19059537,11247591,13,70,0.4
2025-04-01,35-59,28508100,15104464,39,155,0.5
2025-04-01,60-79,18749279,5295586,67,239,1.3
2025-04-01,80+,6112952,1817521,63,228,3.7
2025-04-02,00-04,3988681,1051320,2,35,0.9
2025-04-02,00+,84358845,39055683,120,715,0.8
2025-04-02,05-14,7940296,4507138,2,16,0.2
2025-04-02,15-34,19059537,11247600,9,70,0.4
2025-04-02,35-59,28508100,15104492,28,150,0.5
2025-04-02,60-79,18749279,5295628,42,231,1.2
2025-04-02,80+,6112952,1817557,36,211,3.5
2025-04-03,00-04,3988681,1051322,2,29,0.7
2025-04-03,00+,84358845,39055803,120,700,0.8
2025-04-03,05-14,7940296,4507141,3,18,0.2
2025-04-03,15-34,19059537,11247610,10,65,0.3
2025-04-03,35-59,28508100,15104516,24,145,0.5
2025-04-03,60-79,18749279,5295677,49,235,1.3
2025-04-03,80+,6112952,1817589,32,206,3.4
2025-04-04,00-04,3988681,1051326,4,28,0.7
2025-04-04,00+,84358845,39055931,128,697,0.8
2025-04-04,05-14,7940296,4507148,7,21,0.3
2025-04-04,15-34,19059537,11247628,18,68,0.4
2025-04-04,35-59,28508100,15104544,28,141,0.5
2025-04-04,60-79,18749279,5295713,36,230,1.2
2025-04-04,80+,6112952,1817623,34,206,3.4
2025-04-05,00-04,3988681,1051327,1,27,0.7
2025-04-05,00+,84358845,39056001,70,654,0.8
2025-04-05,05-14,7940296,4507148,0,19,0.2
2025-04-05,15-34,19059537,11247638,10,63,0.3
2025-04-05,35-59,28508100,15104569,25,144,0.5
2025-04-05,60-79,18749279,5295732,19,214,1.1
2025-04-05,80+,6112952,1817638,15,184,3
2025-04-06,00-04,3988681,1051327,0,25,0.6
2025-04-06,00+,84358845,39056012,11,657,0.8
2025-04-06,05-14,7940296,4507148,0,19,0.2
2025-04-06,15-34,19059537,11247638,0,61,0.3
2025-04-06,35-59,28508100,15104571,2,146,0.5
2025-04-06,60-79,18749279,5295736,4,218,1.2
2025-04-06,80+,6112952,1817643,5,185,3
2025-04-07,00-04,3988681,1051327,0,23,0.6
2025-04-07,00+,84358845,39056018,6,659,0.8
2025-04-07,05-14,7940296,4507148,0,19,0.2
2025-04-07,15-34,19059537,11247638,0,60,0.3
2025-04-07,35-59,28508100,15104573,2,148,0.5
2025-04-07,60-79,18749279,5295737,1,218,1.2
2025-04-07,80+,6112952,1817646,3,188,3.1
2025-04-08,00-04,3988681,1051342,15,24,0.6
2025-04-08,00+,84358845,39056211,193,648,0.8
2025-04-08,05-14,7940296,4507149,1,13,0.2
2025-04-08,15-34,19059537,11247652,14,61,0.3
2025-04-08,35-59,28508100,15104603,30,139,0.5
2025-04-08,60-79,18749279,5295807,70,221,1.2
2025-04-08,80+,6112952,1817709,63,188,3.1
2025-04-09,00-04,3988681,1051351,9,31,0.8
2025-04-09,00+,84358845,39056350,139,667,0.8
2025-04-09,05-14,7940296,4507151,2,13,0.2
2025-04-09,15-34,19059537,11247662,10,62,0.3
2025-04-09,35-59,28508100,15104642,39,150,0.5
2025-04-09,60-79,18749279,5295849,42,221,1.2
2025-04-09,80+,6112952,1817745,36,188,3.1
2025-04-10,00-04,3988681,1051355,4,33,0.8
2025-04-10,00+,84358845,39056472,122,669,0.8
2025-04-10,05-14,7940296,4507153,2,12,0.2
2025-04-10,15-34,19059537,11247672,10,62,0.3
2025-04-10,35-59,28508100,15104669,27,153,0.5
2025-04-10,60-79,18749279,5295888,39,211,1.1
2025-04-10,80+,6112952,1817785,40,196,3.2
2025-04-11,00-04,3988681,1051364,9,38,1
2025-04-11,00+,84358845,39056598,126,667,0.8
2025-04-11,05-14,7940296,4507154,1,6,0.1
2025-04-11,15-34,19059537,11247684,12,56,0.3
2025-04-11,35-59,28508100,15104688,19,144,0.5
2025-04-11,60-79,18749279,5295928,40,215,1.1
2025-04-11,80+,6112952,1817830,45,207,3.4
2025-04-12,00-04,3988681,1051367,3,40,1
2025-04-12,00+,84358845,39056686,88,685,0.8
2025-04-12,05-14,7940296,4507155,1,7,0.1
2025-04-12,15-34,19059537,11247697,13,59,0.3
2025-04-12,35-59,28508100,15104697,9,128,0.4
2025-04-12,60-79,18749279,5295967,39,235,1.3
2025-04-12,80+,6112952,1817853,23,215,3.5
2025-04-13,00-04,3988681,1051369,2,42,1.1
2025-04-13,00+,84358845,39056694,8,682,0.8
2025-04-13,05-14,7940296,4507155,0,7,0.1
2025-04-13,15-34,19059537,11247697,0,59,0.3
2025-04-13,35-59,28508100,15104699,2,128,0.4
2025-04-13,60-79,18749279,5295970,3,234,1.2
2025-04-13,80+,6112952,1817854,1,211,3.5
2025-04-14,00-04,3988681,1051369,0,42,1.1
2025-04-14,00+,84358845,39056695,1,677,0.8
2025-04-14,05-14,7940296,4507155,0,7,0.1
2025-04-14,15-34,19059537,11247697,0,59,0.3
2025-04-14,35-59,28508100,15104699,0,126,0.4
2025-04-14,60-79,18749279,5295971,1,234,1.2
2025-04-14,80+,6112952,1817854,0,208,3.4
2025-04-15,00-04,3988681,1051377,8,35,0.9
2025-04-15,00+,84358845,39056889,194,678,0.8
2025-04-15,05-14,7940296,4507159,4,10,0.1
2025-04-15,15-34,19059537,11247718,21,66,0.3
2025-04-15,35-59,28508100,15104736,37,133,0.5
2025-04-15,60-79,18749279,5296037,66,230,1.2
2025-04-15,80+,6112952,1817911,57,202,3.3
2025-04-16,00-04,3988681,1051382,5,31,0.8
2025-04-16,00+,84358845,39056996,107,646,0.8
2025-04-16,05-14,7940296,4507160,1,9,0.1
2025-04-16,15-34,19059537,11247734,16,72,0.4
2025-04-16,35-59,28508100,15104760,24,118,0.4
2025-04-16,60-79,18749279,5296069,32,220,1.2
2025-04-16,80+,6112952,1817940,29,195,3.2
2025-04-17,00-04,3988681,1051392,10,37,0.9
2025-04-17,00+,84358845,39057120,124,648,0.8
2025-04-17,05-14,7940296,4507162,2,9,0.1
2025-04-17,15-34,19059537,11247751,17,79,0.4
2025-04-17,35-59,28508100,15104790,30,121,0.4
2025-04-17,60-79,18749279,5296109,40,221,1.2
2025-04-17,80+,6112952,1817965,25,180,2.9
2025-04-18,00-04,3988681,1051396,4,32,0.8
2025-04-18,00+,84358845,39057214,94,616,0.7
2025-04-18,05-14,7940296,4507162,0,8,0.1
2025-04-18,15-34,19059537,11247758,7,74,0.4
2025-04-18,35-59,28508100,15104808,18,120,0.4
2025-04-18,60-79,18749279,5296142,33,214,1.1
2025-04-18,80+,6112952,1817997,32,167,2.7
2025-04-19,00-04,3988681,1051396,0,29,0.7
2025-04-19,00+,84358845,39057216,2,530,0.6
2025-04-19,05-14,7940296,4507162,0,7,0.1
2025-04-19,15-34,19059537,11247758,0,61,0.3
2025-04-19,35-59,28508100,15104809,1,112,0.4
2025-04-19,60-79,18749279,5296142,0,175,0.9
2025-04-19,80+,6112952,1817998,1,145,2.4
2025-04-20,00-04,3988681,1051398,2,29,0.7
2025-04-20,00+,84358845,39057222,6,528,0.6
2025-04-20,05-14,7940296,4507162,0,7,0.1
2025-04-20,15-34,19059537,11247758,0,61,0.3
2025-04-20,35-59,28508100,15104810,1,111,0.4
2025-04-20,60-79,18749279,5296145,3,175,0.9
2025-04-20,80+,6112952,1817998,0,144,2.4
2025-04-21,00-04,3988681,1051398,0,29,0.7
2025-04-21,00+,84358845,39057227,5,532,0.6
2025-04-21,05-14,7940296,4507162,0,7,0.1
2025-04-21,15-34,19059537,11247758,0,61,0.3
2025-04-21,35-59,28508100,15104810,0,111,0.4
2025-04-21,60-79,18749279,5296149,4,178,0.9
2025-04-21,80+,6112952,1817999,1,145,2.4
2025-04-22,00-04,3988681,1051398,0,21,0.5
2025-04-22,00+,84358845,39057229,2,340,0.4
2025-04-22,05-14,7940296,4507162,0,3,0
2025-04-22,15-34,19059537,11247758,0,40,0.2
2025-04-22,35-59,28508100,15104810,0,74,0.3
2025-04-22,60-79,18749279,5296150,1,113,0.6
2025-04-22,80+,6112952,1818000,1,89,1.5
2025-04-23,00-04,3988681,1051413,15,31,0.8
2025-04-23,00+,84358845,39057457,228,461,0.5
2025-04-23,05-14,7940296,4507164,2,4,0.1
2025-04-23,15-34,19059537,11247769,11,35,0.2
2025-04-23,35-59,28508100,15104856,46,96,0.3
2025-04-23,60-79,18749279,5296232,82,163,0.9
2025-04-23,80+,6112952,1818072,72,132,2.2
2025-04-24,00-04,3988681,1051414,1,22,0.6
2025-04-24,00+,84358845,39057554,97,434,0.5
2025-04-24,05-14,7940296,4507167,3,5,0.1
2025-04-24,15-34,19059537,11247778,9,27,0.1
2025-04-24,35-59,28508100,15104871,15,81,0.3
2025-04-24,60-79,18749279,5296275,43,166,0.9
2025-04-24,80+,6112952,1818098,26,133,2.2
2025-04-25,00-04,3988681,1051419,5,23,0.6
2025-04-25,00+,84358845,39057646,92,432,0.5
2025-04-25,05-14,7940296,4507168,1,6,0.1
2025-04-25,15-34,19059537,11247785,7,27,0.1
2025-04-25,35-59,28508100,15104894,23,86,0.3
2025-04-25,60-79,18749279,5296305,30,163,0.9
2025-04-25,80+,6112952,1818124,26,127,2.1
2025-04-26,00-04,3988681,1051423,4,27,0.7
2025-04-26,00+,84358845,39057718,72,502,0.6
2025-04-26,05-14,7940296,4507168,0,6,0.1
2025-04-26,15-34,19059537,11247794,9,36,0.2
2025-04-26,35-59,28508100,15104909,15,100,0.4
2025-04-26,60-79,18749279,5296326,21,184,1
2025-04-26,80+,6112952,1818147,23,149,2.4
2025-04-27,00-04,3988681,1051423,0,25,0.6
2025-04-27,00+,84358845,39057721,3,499,0.6
2025-04-27,05-14,7940296,4507168,0,6,0.1
2025-04-27,15-34,19059537,11247794,0,36,0.2
2025-04-27,35-59,28508100,15104910,1,100,0.4
2025-04-27,60-79,18749279,5296327,1,182,1
2025-04-27,80+,6112952,1818148,1,150,2.5
2025-04-28,00-04,3988681,1051423,0,25,0.6
2025-04-28,00+,84358845,39057724,3,497,0.6
2025-04-28,05-14,7940296,4507168,0,6,0.1
2025-04-28,15-34,19059537,11247794,0,36,0.2
2025-04-28,35-59,28508100,15104910,0,100,0.4
2025-04-28,60-79,18749279,5296329,2,180,1
2025-04-28,80+,6112952,1818149,1,150,2.5
2025-04-29,00-04,3988681,1051433,10,35,0.9
2025-04-29,00+,84358845,39057863,139,634,0.8
2025-04-29,05-14,7940296,4507170,2,8,0.1
2025-04-29,15-34,19059537,11247805,11,47,0.2
2025-04-29,35-59,28508100,15104932,22,122,0.4
2025-04-29,60-79,18749279,5296376,47,226,1.2
2025-04-29,80+,6112952,1818196,47,196,3.2
2025-04-30,00-04,3988681,1051436,3,23,0.6
2025-04-30,00+,84358845,39057951,88,494,0.6
2025-04-30,05-14,7940296,4507174,4,10,0.1
2025-04-30,15-34,19059537,11247811,6,42,0.2
2025-04-30,35-59,28508100,15104952,20,96,0.3
2025-04-30,60-79,18749279,5296404,28,172,0.9
2025-04-30,80+,6112952,1818223,27,151,2.5
2025-05-01,00-04,3988681,1051439,3,25,0.6
2025-05-01,00+,84358845,39058054,103,500,0.6
2025-05-01,05-14,7940296,4507179,5,12,0.2
2025-05-01,15-34,19059537,11247820,9,42,0.2
2025-05-01,35-59,28508100,15104971,19,100,0.4
2025-05-01,60-79,18749279,5296445,41,170,0.9
2025-05-01,80+,6112952,1818249,26,151,2.5
2025-05-02,00-04,3988681,1051439,0,20,0.5
2025-05-02,00+,84358845,39058056,2,410,0.5
2025-05-02,05-14,7940296,4507179,0,11,0.1
2025-05-02,15-34,19059537,11247820,0,35,0.2
2025-05-02,35-59,28508100,15104972,1,78,0.3
2025-05-02,60-79,18749279,5296446,1,141,0.8
2025-05-02,80+,6112952,1818249,0,125,2
2025-05-03,00-04,3988681,1051447,8,24,0.6
2025-05-03,00+,84358845,39058141,85,423,0.5
2025-05-03,05-14,7940296,4507181,2,13,0.2
2025-05-03,15-34,19059537,11247835,15,41,0.2
2025-05-03,35-59,28508100,15104983,11,74,0.3
2025-05-03,60-79,18749279,5296468,22,142,0.8
2025-05-03,80+,6112952,1818276,27,129,2.1
2025-05-04,00-04,3988681,1051447,0,24,0.6
2025-05-04,00+,84358845,39058145,4,424,0.5
2025-05-04,05-14,7940296,4507181,0,13,0.2
2025-05-04,15-34,19059537,11247836,1,42,0.2
2025-05-04,35-59,28508100,15104983,0,73,0.3
2025-05-04,60-79,18749279,5296470,2,143,0.8
2025-05-04,80+,6112952,1818277,1,129,2.1
2025-05-05,00-04,3988681,1051447,0,24,0.6
2025-05-05,00+,84358845,39058150,5,426,0.5
2025-05-05,05-14,7940296,4507181,0,13,0.2
2025-05-05,15-34,19059537,11247836,0,42,0.2
2025-05-05,35-59,28508100,15104983,0,73,0.3
2025-05-05,60-79,18749279,5296471,1,142,0.8
2025-05-05,80+,6112952,1818281,4,132,2.2
2025-05-06,00-04,3988681,1051456,9,23,0.6
2025-05-06,00+,84358845,39058314,164,451,0.5
2025-05-06,05-14,7940296,4507184,3,14,0.2
2025-05-06,15-34,19059537,11247849,13,44,0.2
2025-05-06,35-59,28508100,15105014,31,82,0.3
2025-05-06,60-79,18749279,5296523,52,147,0.8
2025-05-06,80+,6112952,1818337,56,141,2.3
2025-05-07,00-04,3988681,1051458,2,22,0.6
2025-05-07,00+,84358845,39058405,91,454,0.5
2025-05-07,05-14,7940296,4507185,1,11,0.1
2025-05-07,15-34,19059537,11247853,4,42,0.2
2025-05-07,35-59,28508100,15105036,22,84,0.3
2025-05-07,60-79,18749279,5296556,33,152,0.8
2025-05-07,80+,6112952,1818366,29,143,2.3
2025-05-08,00-04,3988681,1051460,2,21,0.5
2025-05-08,00+,84358845,39058479,74,425,0.5
2025-05-08,05-14,7940296,4507185,0,6,0.1
2025-05-08,15-34,19059537,11247867,14,47,0.2
2025-05-08,35-59,28508100,15105051,15,80,0.3
2025-05-08,60-79,18749279,5296581,25,136,0.7
2025-05-08,80+,6112952,1818384,18,135,2.2
2025-05-09,00-04,3988681,1051464,4,25,0.6
2025-05-09,00+,84358845,39058530,51,474,0.6
2025-05-09,05-14,7940296,4507186,1,7,0.1
2025-05-09,15-34,19059537,11247877,10,57,0.3
2025-05-09,35-59,28508100,15105064,13,92,0.3
2025-05-09,60-79,18749279,5296596,15,150,0.8
2025-05-09,80+,6112952,1818392,8,143,2.3
2025-05-10,00-04,3988681,1051469,5,22,0.6
2025-05-10,00+,84358845,39058595,65,454,0.5
2025-05-10,05-14,7940296,4507186,0,5,0.1
2025-05-10,15-34,19059537,11247881,4,46,0.2
2025-05-10,35-59,28508100,15105075,11,92,0.3
2025-05-10,60-79,18749279,5296618,22,150,0.8
2025-05-10,80+,6112952,1818415,23,139,2.3
2025-05-11,00-04,3988681,1051469,0,22,0.6
2025-05-11,00+,84358845,39058600,5,455,0.5
2025-05-11,05-14,7940296,4507186,0,5,0.1
2025-05-11,15-34,19059537,11247882,1,46,0.2
2025-05-11,35-59,28508100,15105076,1,93,0.3
2025-05-11,60-79,18749279,5296618,0,148,0.8
2025-05-11,80+,6112952,1818418,3,141,2.3
2025-05-12,00-04,3988681,1051469,0,22,0.6
2025-05-12,00+,84358845,39058605,5,455,0.5
2025-05-12,05-14,7940296,4507186,0,5,0.1
2025-05-12,15-34,19059537,11247882,0,46,0.2
2025-05-12,35-59,28508100,15105078,2,95,0.3
2025-05-12,60-79,18749279,5296620,2,149,0.8
2025-05-12,80+,6112952,1818419,1,138,2.3
2025-05-13,00-04,3988681,1051477,8,21,0.5
2025-05-13,00+,84358845,39058738,133,424,0.5
2025-05-13,05-14,7940296,4507191,5,7,0.1
2025-05-13,15-34,19059537,11247896,14,47,0.2
2025-05-13,35-59,28508100,15105102,24,88,0.3
2025-05-13,60-79,18749279,5296665,45,142,0.8
2025-05-13,80+,6112952,1818456,37,119,1.9
2025-05-14,00-04,3988681,1051481,4,23,0.6
2025-05-14,00+,84358845,39058857,119,452,0.5
2025-05-14,05-14,7940296,4507198,7,13,0.2
2025-05-14,15-34,19059537,11247908,12,55,0.3
2025-05-14,35-59,28508100,15105124,22,88,0.3
2025-05-14,60-79,18749279,5296710,45,154,0.8
2025-05-14,80+,6112952,1818485,29,119,1.9
2025-05-15,00-04,3988681,1051485,4,25,0.6
2025-05-15,00+,84358845,39058935,78,456,0.5
2025-05-15,05-14,7940296,4507204,6,19,0.2
2025-05-15,15-34,19059537,11247917,9,50,0.3
2025-05-15,35-59,28508100,15105143,19,92,0.3
2025-05-15,60-79,18749279,5296728,18,147,0.8
2025-05-15,80+,6112952,1818507,22,123,2
2025-05-16,00-04,3988681,1051493,8,29,0.7
2025-05-16,00+,84358845,39059015,80,485,0.6
2025-05-16,05-14,7940296,4507206,2,20,0.3
2025-05-16,15-34,19059537,11247931,14,54,0.3
2025-05-16,35-59,28508100,15105161,18,97,0.3
2025-05-16,60-79,18749279,5296748,20,152,0.8
2025-05-16,80+,6112952,1818525,18,133,2.2
2025-05-17,00-04,3988681,1051498,5,29,0.7
2025-05-17,00+,84358845,39059087,72,492,0.6
2025-05-17,05-14,7940296,4507212,6,26,0.3
2025-05-17,15-34,19059537,11247940,9,59,0.3
2025-05-17,35-59,28508100,15105175,14,100,0.4
2025-05-17,60-79,18749279,5296772,24,154,0.8
2025-05-17,80+,6112952,1818539,14,124,2
2025-05-18,00-04,3988681,1051499,1,30,0.8
2025-05-18,00+,84358845,39059093,6,493,0.6
2025-05-18,05-14,7940296,4507213,1,27,0.3
2025-05-18,15-34,19059537,11247940,0,58,0.3
2025-05-18,35-59,28508100,15105176,1,100,0.4
2025-05-18,60-79,18749279,5296774,2,156,0.8
2025-05-18,80+,6112952,1818540,1,122,2
2025-05-19,00-04,3988681,1051500,1,31,0.8
2025-05-19,00+,84358845,39059096,3,491,0.6
2025-05-19,05-14,7940296,4507214,1,28,0.4
2025-05-19,15-34,19059537,11247940,0,58,0.3
2025-05-19,35-59,28508100,15105176,0,98,0.3
2025-05-19,60-79,18749279,5296775,1,155,0.8
2025-05-19,80+,6112952,1818540,0,121,2
2025-05-20,00-04,3988681,1051506,6,29,0.7
2025-05-20,00+,84358845,39059254,158,516,0.6
2025-05-20,05-14,7940296,4507215,1,24,0.3
2025-05-20,15-34,19059537,11247964,24,68,0.4
2025-05-20,35-59,28508100,15105204,28,102,0.4
2025-05-20,60-79,18749279,5296833,58,168,0.9
2025-05-20,80+,6112952,1818580,40,124,2
2025-05-21,00-04,3988681,1051515,9,34,0.9
2025-05-21,00+,84358845,39059385,131,528,0.6
2025-05-21,05-14,7940296,4507217,2,19,0.2
2025-05-21,15-34,19059537,11247980,16,72,0.4
2025-05-21,35-59,28508100,15105227,23,103,0.4
2025-05-21,60-79,18749279,5296881,48,171,0.9
2025-05-21,80+,6112952,1818613,33,128,2.1
2025-05-22,00-04,3988681,1051522,7,37,0.9
2025-05-22,00+,84358845,39059483,98,548,0.6
2025-05-22,05-14,7940296,4507218,1,14,0.2
2025-05-22,15-34,19059537,11247990,10,73,0.4
2025-05-22,35-59,28508100,15105244,17,101,0.4
2025-05-22,60-79,18749279,5296915,34,187,1
2025-05-22,80+,6112952,1818642,29,135,2.2
2025-05-23,00-04,3988681,1051531,9,38,1
2025-05-23,00+,84358845,39059580,97,565,0.7
2025-05-23,05-14,7940296,4507219,1,13,0.2
2025-05-23,15-34,19059537,11248002,12,71,0.4
2025-05-23,35-59,28508100,15105271,27,110,0.4
2025-05-23,60-79,18749279,5296937,22,189,1
2025-05-23,80+,6112952,1818668,26,143,2.3
2025-05-24,00-04,3988681,1051533,2,35,0.9
2025-05-24,00+,84358845,39059662,82,575,0.7
2025-05-24,05-14,7940296,4507220,1,8,0.1
2025-05-24,15-34,19059537,11248008,6,68,0.4
2025-05-24,35-59,28508100,15105293,22,118,0.4
2025-05-24,60-79,18749279,5296964,27,192,1
2025-05-24,80+,6112952,1818692,24,153,2.5
2025-05-25,00-04,3988681,1051533,0,34,0.9
2025-05-25,00+,84358845,39059673,11,580,0.7
2025-05-25,05-14,7940296,4507220,0,7,0.1
2025-05-25,15-34,19059537,11248010,2,70,0.4
2025-05-25,35-59,28508100,15105296,3,120,0.4
2025-05-25,60-79,18749279,5296970,6,196,1
2025-05-25,80+,6112952,1818692,0,152,2.5
2025-05-26,00-04,3988681,1051533,0,33,0.8
2025-05-26,00+,84358845,39059678,5,582,0.7
2025-05-26,05-14,7940296,4507220,0,6,0.1
2025-05-26,15-34,19059537,11248011,1,71,0.4
2025-05-26,35-59,28508100,15105297,1,121,0.4
2025-05-26,60-79,18749279,5296971,1,196,1
2025-05-26,80+,6112952,1818694,2,154,2.5
2025-05-27,00-04,3988681,1051554,21,48,1.2
2025-05-27,00+,84358845,39059862,184,608,0.7
2025-05-27,05-14,7940296,4507225,5,10,0.1
2025-05-27,15-34,19059537,11248027,16,63,0.3
2025-05-27,35-59,28508100,15105327,30,123,0.4
2025-05-27,60-79,18749279,5297034,63,201,1.1
2025-05-27,80+,6112952,1818743,49,163,2.7
2025-05-28,00-04,3988681,1051564,10,49,1.2
2025-05-28,00+,84358845,39060010,148,625,0.7
2025-05-28,05-14,7940296,4507229,4,12,0.2
2025-05-28,15-34,19059537,11248041,14,61,0.3
2025-05-28,35-59,28508100,15105357,30,130,0.5
2025-05-28,60-79,18749279,5297083,49,202,1.1
2025-05-28,80+,6112952,1818784,41,171,2.8
2025-05-29,00-04,3988681,1051574,10,52,1.3
2025-05-29,00+,84358845,39060153,143,670,0.8
2025-05-29,05-14,7940296,4507231,2,13,0.2
2025-05-29,15-34,19059537,11248056,15,66,0.3
2025-05-29,35-59,28508100,15105391,34,147,0.5
2025-05-29,60-79,18749279,5297132,49,217,1.2
2025-05-29,80+,6112952,1818817,33,175,2.9
2025-05-30,00-04,3988681,1051574,0,43,1.1
2025-05-30,00+,84358845,39060159,6,579,0.7
2025-05-30,05-14,7940296,4507231,0,12,0.2
2025-05-30,15-34,19059537,11248057,1,55,0.3
2025-05-30,35-59,28508100,15105391,0,120,0.4
2025-05-30,60-79,18749279,5297135,3,198,1.1
2025-05-30,80+,6112952,1818819,2,151,2.5
2025-05-31,00-04,3988681,1051586,12,53,1.3
2025-05-31,00+,84358845,39060298,139,636,0.8
2025-05-31,05-14,7940296,4507234,3,14,0.2
2025-05-31,15-34,19059537,11248069,12,61,0.3
2025-05-31,35-59,28508100,15105419,28,126,0.4
2025-05-31,60-79,18749279,5297181,46,217,1.2
2025-05-31,80+,6112952,1818857,38,165,2.7
2025-06-01,00-04,3988681,1051586,0,53,1.3
2025-06-01,00+,84358845,39060304,6,631,0.7
2025-06-01,05-14,7940296,4507234,0,14,0.2
2025-06-01,15-34,19059537,11248072,3,62,0.3
2025-06-01,35-59,28508100,15105419,0,123,0.4
2025-06-01,60-79,18749279,5297182,1,212,1.1
2025-06-01,80+,6112952,1818859,2,167,2.7
2025-06-02,00-04,3988681,1051588,2,55,1.4
2025-06-02,00+,84358845,39060313,9,635,0.8
2025-06-02,05-14,7940296,4507234,0,14,0.2
2025-06-02,15-34,19059537,11248072,0,61,0.3
2025-06-02,35-59,28508100,15105419,0,122,0.4
2025-06-02,60-79,18749279,5297183,1,212,1.1
2025-06-02,80+,6112952,1818865,6,171,2.8
2025-06-03,00-04,3988681,1051614,26,60,1.5
2025-06-03,00+,84358845,39060543,230,681,0.8
2025-06-03,05-14,7940296,4507236,2,11,0.1
2025-06-03,15-34,19059537,11248093,21,66,0.3
2025-06-03,35-59,28508100,15105461,42,134,0.5
2025-06-03,60-79,18749279,5297257,74,223,1.2
2025-06-03,80+,6112952,1818930,65,187,3.1
2025-06-04,00-04,3988681,1051619,5,55,1.4
2025-06-04,00+,84358845,39060690,147,680,0.8
2025-06-04,05-14,7940296,4507238,2,9,0.1
2025-06-04,15-34,19059537,11248114,21,73,0.4
2025-06-04,35-59,28508100,15105503,42,146,0.5
2025-06-04,60-79,18749279,5297299,42,216,1.2
2025-06-04,80+,6112952,1818965,35,181,3
2025-06-05,00-04,3988681,1051625,6,51,1.3
2025-06-05,00+,84358845,39060825,135,672,0.8
2025-06-05,05-14,7940296,4507239,1,8,0.1
2025-06-05,15-34,19059537,11248140,26,84,0.4
2025-06-05,35-59,28508100,15105535,32,144,0.5
2025-06-05,60-79,18749279,5297339,40,207,1.1
2025-06-05,80+,6112952,1818995,30,178,2.9
2025-06-06,00-04,3988681,1051634,9,60,1.5
2025-06-06,00+,84358845,39060981,156,822,1
2025-06-06,05-14,7940296,4507242,3,11,0.1
2025-06-06,15-34,19059537,11248159,19,102,0.5
2025-06-06,35-59,28508100,15105579,44,188,0.7
2025-06-06,60-79,18749279,5297386,47,251,1.3
2025-06-06,80+,6112952,1819029,34,210,3.4
2025-06-07,00-04,3988681,1051639,5,53,1.3
2025-06-07,00+,84358845,39061069,88,771,0.9
2025-06-07,05-14,7940296,4507242,0,8,0.1
2025-06-07,15-34,19059537,11248170,11,101,0.5
2025-06-07,35-59,28508100,15105598,19,179,0.6
2025-06-07,60-79,18749279,5297416,30,235,1.3
2025-06-07,80+,6112952,1819050,21,193,3.2
2025-06-08,00-04,3988681,1051640,1,54,1.4
2025-06-08,00+,84358845,39061078,9,774,0.9
2025-06-08,05-14,7940296,4507242,0,8,0.1
2025-06-08,15-34,19059537,11248170,0,98,0.5
2025-06-08,35-59,28508100,15105600,2,181,0.6
2025-06-08,60-79,18749279,5297419,3,237,1.3
2025-06-08,80+,6112952,1819053,3,194,3.2
2025-06-09,00-04,3988681,1051641,1,53,1.3
2025-06-09,00+,84358845,39061081,3,768,0.9
2025-06-09,05-14,7940296,4507242,0,8,0.1
2025-06-09,15-34,19059537,11248170,0,98,0.5
2025-06-09,35-59,28508100,15105600,0,181,0.6
2025-06-09,60-79,18749279,5297421,2,238,1.3
2025-06-09,80+,6112952,1819053,0,188,3.1
2025-06-10,00-04,3988681,1051642,1,28,0.7
2025-06-10,00+,84358845,39061088,7,545,0.6
2025-06-10,05-14,7940296,4507242,0,6,0.1
2025-06-10,15-34,19059537,11248171,1,78,0.4
2025-06-10,35-59,28508100,15105601,1,140,0.5
2025-06-10,60-79,18749279,5297423,2,166,0.9
2025-06-10,80+,6112952,1819055,2,125,2
2025-06-11,00-04,3988681,1051663,21,44,1.1
2025-06-11,00+,84358845,39061285,197,595,0.7
2025-06-11,05-14,7940296,4507246,4,8,0.1
2025-06-11,15-34,19059537,11248188,17,74,0.4
2025-06-11,35-59,28508100,15105644,43,141,0.5
2025-06-11,60-79,18749279,5297476,53,177,0.9
2025-06-11,80+,6112952,1819114,59,149,2.4
2025-06-12,00-04,3988681,1051670,7,45,1.1
2025-06-12,00+,84358845,39061414,129,589,0.7
2025-06-12,05-14,7940296,4507248,2,9,0.1
2025-06-12,15-34,19059537,11248209,21,69,0.4
2025-06-12,35-59,28508100,15105674,30,139,0.5
2025-06-12,60-79,18749279,5297524,48,185,1
2025-06-12,80+,6112952,1819135,21,140,2.3
2025-06-13,00-04,3988681,1051681,11,47,1.2
2025-06-13,00+,84358845,39061560,146,579,0.7
2025-06-13,05-14,7940296,4507249,1,7,0.1
2025-06-13,15-34,19059537,11248234,25,75,0.4
2025-06-13,35-59,28508100,15105704,30,125,0.4
2025-06-13,60-79,18749279,5297571,47,185,1
2025-06-13,80+,6112952,1819167,32,138,2.3
2025-06-14,00-04,3988681,1051691,10,52,1.3
2025-06-14,00+,84358845,39061661,101,592,0.7
2025-06-14,05-14,7940296,4507251,2,9,0.1
2025-06-14,15-34,19059537,11248249,15,79,0.4
2025-06-14,35-59,28508100,15105725,21,127,0.4
2025-06-14,60-79,18749279,5297598,27,182,1
2025-06-14,80+,6112952,1819193,26,143,2.3
2025-06-15,00-04,3988681,1051692,1,52,1.3
2025-06-15,00+,84358845,39061667,6,589,0.7
2025-06-15,05-14,7940296,4507251,0,9,0.1
2025-06-15,15-34,19059537,11248249,0,79,0.4
2025-06-15,35-59,28508100,15105728,3,128,0.4
2025-06-15,60-79,18749279,5297599,1,180,1
2025-06-15,80+,6112952,1819194,1,141,2.3
2025-06-16,00-04,3988681,1051694,2,53,1.3
2025-06-16,00+,84358845,39061677,10,596,0.7
2025-06-16,05-14,7940296,4507252,1,10,0.1
2025-06-16,15-34,19059537,11248250,1,80,0.4
2025-06-16,35-59,28508100,15105729,1,129,0.5
2025-06-16,60-79,18749279,5297601,2,180,1
2025-06-16,80+,6112952,1819197,3,144,2.4
2025-06-17,00-04,3988681,1051710,16,68,1.7
2025-06-17,00+,84358845,39061879,202,791,0.9
2025-06-17,05-14,7940296,4507253,1,11,0.1
2025-06-17,15-34,19059537,11248290,40,119,0.6
2025-06-17,35-59,28508100,15105767,38,166,0.6
2025-06-17,60-79,18749279,5297662,61,239,1.3
2025-06-17,80+,6112952,1819243,46,188,3.1
2025-06-18,00-04,3988681,1051718,8,55,1.4
2025-06-18,00+,84358845,39062089,210,804,1
2025-06-18,05-14,7940296,4507253,0,7,0.1
2025-06-18,15-34,19059537,11248313,23,125,0.7
2025-06-18,35-59,28508100,15105809,42,165,0.6
2025-06-18,60-79,18749279,5297717,55,241,1.3
2025-06-18,80+,6112952,1819324,81,210,3.4
2025-06-19,00-04,3988681,1051729,11,59,1.5
2025-06-19,00+,84358845,39062254,165,840,1
2025-06-19,05-14,7940296,4507255,2,7,0.1
2025-06-19,15-34,19059537,11248330,17,121,0.6
2025-06-19,35-59,28508100,15105844,35,170,0.6
2025-06-19,60-79,18749279,5297777,60,253,1.3
2025-06-19,80+,6112952,1819364,40,229,3.7
2025-06-20,00-04,3988681,1051732,3,51,1.3
2025-06-20,00+,84358845,39062312,58,752,0.9
2025-06-20,05-14,7940296,4507255,0,6,0.1
2025-06-20,15-34,19059537,11248334,4,100,0.5
2025-06-20,35-59,28508100,15105861,17,157,0.6
2025-06-20,60-79,18749279,5297795,18,224,1.2
2025-06-20,80+,6112952,1819380,16,213,3.5
2025-06-21,00-04,3988681,1051742,10,51,1.3
2025-06-21,00+,84358845,39062423,111,762,0.9
2025-06-21,05-14,7940296,4507256,1,5,0.1
2025-06-21,15-34,19059537,11248352,18,103,0.5
2025-06-21,35-59,28508100,15105876,15,151,0.5
2025-06-21,60-79,18749279,5297830,35,232,1.2
2025-06-21,80+,6112952,1819412,32,219,3.6
2025-06-22,00-04,3988681,1051744,2,52,1.3
2025-06-22,00+,84358845,39062431,8,764,0.9
2025-06-22,05-14,7940296,4507256,0,5,0.1
2025-06-22,15-34,19059537,11248353,1,104,0.5
2025-06-22,35-59,28508100,15105879,3,151,0.5
2025-06-22,60-79,18749279,5297832,2,233,1.2
2025-06-22,80+,6112952,1819412,0,218,3.6
2025-06-23,00-04,3988681,1051745,1,51,1.3
2025-06-23,00+,84358845,39062437,6,760,0.9
2025-06-23,05-14,7940296,4507256,0,4,0.1
2025-06-23,15-34,19059537,11248354,1,104,0.5
2025-06-23,35-59,28508100,15105879,0,150,0.5
2025-06-23,60-79,18749279,5297835,3,234,1.2
2025-06-23,80+,6112952,1819413,1,216,3.5
2025-06-24,00-04,3988681,1051755,10,45,1.1
2025-06-24,00+,84358845,39062633,196,754,0.9
2025-06-24,05-14,7940296,4507260,4,7,0.1
2025-06-24,15-34,19059537,11248396,42,106,0.6
2025-06-24,35-59,28508100,15105913,34,146,0.5
2025-06-24,60-79,18749279,5297891,56,229,1.2
2025-06-24,80+,6112952,1819463,50,220,3.6
2025-06-25,00-04,3988681,1051759,4,41,1
2025-06-25,00+,84358845,39062786,153,697,0.8
2025-06-25,05-14,7940296,4507261,1,8,0.1
2025-06-25,15-34,19059537,11248419,23,106,0.6
2025-06-25,35-59,28508100,15105952,39,143,0.5
2025-06-25,60-79,18749279,5297932,41,215,1.1
2025-06-25,80+,6112952,1819508,45,184,3
2025-06-26,00-04,3988681,1051767,8,38,1
2025-06-26,00+,84358845,39062922,136,668,0.8
2025-06-26,05-14,7940296,4507265,4,10,0.1
2025-06-26,15-34,19059537,11248438,19,108,0.6
2025-06-26,35-59,28508100,15105997,45,153,0.5
2025-06-26,60-79,18749279,5297967,35,190,1
2025-06-26,80+,6112952,1819533,25,169,2.8
2025-06-27,00-04,3988681,1051772,5,40,1
2025-06-27,00+,84358845,39063025,103,713,0.8
2025-06-27,05-14,7940296,4507267,2,12,0.2
2025-06-27,15-34,19059537,11248448,10,114,0.6
2025-06-27,35-59,28508100,15106014,17,153,0.5
2025-06-27,60-79,18749279,5298004,37,209,1.1
2025-06-27,80+,6112952,1819565,32,185,3
2025-06-28,00-04,3988681,1051779,7,37,0.9
2025-06-28,00+,84358845,39063131,106,708,0.8
2025-06-28,05-14,7940296,4507268,1,12,0.2
2025-06-28,15-34,19059537,11248460,12,108,0.6
2025-06-28,35-59,28508100,15106033,19,157,0.6
2025-06-28,60-79,18749279,5298043,39,213,1.1
2025-06-28,80+,6112952,1819593,28,181,3
2025-06-29,00-04,3988681,1051781,2,37,0.9
2025-06-29,00+,84358845,39063137,6,706,0.8
2025-06-29,05-14,7940296,4507268,0,12,0.2
2025-06-29,15-34,19059537,11248461,1,108,0.6
2025-06-29,35-59,28508100,15106033,0,154,0.5
2025-06-29,60-79,18749279,5298044,1,212,1.1
2025-06-29,80+,6112952,1819595,2,183,3
2025-06-30,00-04,3988681,1051781,0,36,0.9
2025-06-30,00+,84358845,39063140,3,703,0.8
2025-06-30,05-14,7940296,4507268,0,12,0.2
2025-06-30,15-34,19059537,11248461,0,107,0.6
2025-06-30,35-59,28508100,15106034,1,155,0.5
2025-06-30,60-79,18749279,5298045,1,210,1.1
2025-06-30,80+,6112952,1819596,1,183,3
2025-07-01,00-04,3988681,1051796,15,41,1
2025-07-01,00+,84358845,39063292,152,659,0.8
2025-07-01,05-14,7940296,4507270,2,10,0.1
2025-07-01,15-34,19059537,11248484,23,88,0.5
2025-07-01,35-59,28508100,15106069,35,156,0.5
2025-07-01,60-79,18749279,5298089,44,198,1.1
2025-07-01,80+,6112952,1819629,33,166,2.7
2025-07-02,00-04,3988681,1051804,8,45,1.1
2025-07-02,00+,84358845,39063403,111,617,0.7
2025-07-02,05-14,7940296,4507270,0,9,0.1
2025-07-02,15-34,19059537,11248506,22,87,0.5
2025-07-02,35-59,28508100,15106100,31,148,0.5
2025-07-02,60-79,18749279,5298116,27,184,1
2025-07-02,80+,6112952,1819652,23,144,2.4
2025-07-03,00-04,3988681,1051816,12,49,1.2
2025-07-03,00+,84358845,39063504,101,582,0.7
2025-07-03,05-14,7940296,4507272,2,7,0.1
2025-07-03,15-34,19059537,11248517,11,79,0.4
2025-07-03,35-59,28508100,15106127,27,130,0.5
2025-07-03,60-79,18749279,5298148,32,181,1
2025-07-03,80+,6112952,1819669,17,136,2.2
2025-07-04,00-04,3988681,1051825,9,53,1.3
2025-07-04,00+,84358845,39063624,120,599,0.7
2025-07-04,05-14,7940296,4507274,2,7,0.1
2025-07-04,15-34,19059537,11248534,17,86,0.5
2025-07-04,35-59,28508100,15106161,34,147,0.5
2025-07-04,60-79,18749279,5298174,26,170,0.9
2025-07-04,80+,6112952,1819701,32,136,2.2
2025-07-05,00-04,3988681,1051836,11,57,1.4
2025-07-05,00+,84358845,39063715,91,584,0.7
2025-07-05,05-14,7940296,4507275,1,7,0.1
2025-07-05,15-34,19059537,11248548,14,88,0.5
2025-07-05,35-59,28508100,15106183,22,150,0.5
2025-07-05,60-79,18749279,5298199,25,156,0.8
2025-07-05,80+,6112952,1819719,18,126,2.1
2025-07-06,00-04,3988681,1051837,1,56,1.4
2025-07-06,00+,84358845,39063722,7,585,0.7
2025-07-06,05-14,7940296,4507275,0,7,0.1
2025-07-06,15-34,19059537,11248552,4,91,0.5
2025-07-06,35-59,28508100,15106184,1,151,0.5
2025-07-06,60-79,18749279,5298200,1,156,0.8
2025-07-06,80+,6112952,1819719,0,124,2
2025-07-07,00-04,3988681,1051838,1,57,1.4
2025-07-07,00+,84358845,39063728,6,588,0.7
2025-07-07,05-14,7940296,4507275,0,7,0.1
2025-07-07,15-34,19059537,11248552,0,91,0.5
2025-07-07,35-59,28508100,15106184,0,150,0.5
2025-07-07,60-79,18749279,5298201,1,156,0.8
2025-07-07,80+,6112952,1819723,4,127,2.1
2025-07-08,00-04,3988681,1051861,23,65,1.6
2025-07-08,00+,84358845,39063918,190,626,0.7
2025-07-08,05-14,7940296,4507279,4,9,0.1
2025-07-08,15-34,19059537,11248582,30,98,0.5
2025-07-08,35-59,28508100,15106224,40,155,0.5
2025-07-08,60-79,18749279,5298246,45,157,0.8
2025-07-08,80+,6112952,1819771,48,142,2.3
2025-07-09,00-04,3988681,1051870,9,66,1.7
2025-07-09,00+,84358845,39064030,112,627,0.7
2025-07-09,05-14,7940296,4507283,4,13,0.2
2025-07-09,15-34,19059537,11248601,19,95,0.5
2025-07-09,35-59,28508100,15106254,30,154,0.5
2025-07-09,60-79,18749279,5298273,27,157,0.8
2025-07-09,80+,6112952,1819794,23,142,2.3
2025-07-10,00-04,3988681,1051882,12,66,1.7
2025-07-10,00+,84358845,39064137,107,633,0.8
2025-07-10,05-14,7940296,4507287,4,15,0.2
2025-07-10,15-34,19059537,11248616,15,99,0.5
2025-07-10,35-59,28508100,15106281,27,154,0.5
2025-07-10,60-79,18749279,5298300,27,152,0.8
2025-07-10,80+,6112952,1819816,22,147,2.4
2025-07-11,00-04,3988681,1051894,12,69,1.7
2025-07-11,00+,84358845,39064235,98,611,0.7
2025-07-11,05-14,7940296,4507288,1,14,0.2
2025-07-11,15-34,19059537,11248632,16,98,0.5
2025-07-11,35-59,28508100,15106308,27,147,0.5
2025-07-11,60-79,18749279,5298325,25,151,0.8
2025-07-11,80+,6112952,1819833,17,132,2.2
2025-07-12,00-04,3988681,1051906,12,70,1.8
2025-07-12,00+,84358845,39064338,103,623,0.7
2025-07-12,05-14,7940296,4507290,2,15,0.2
2025-07-12,15-34,19059537,11248645,13,97,0.5
2025-07-12,35-59,28508100,15106331,23,148,0.5
2025-07-12,60-79,18749279,5298356,31,157,0.8
2025-07-12,80+,6112952,1819855,22,136,2.2
2025-07-13,00-04,3988681,1051907,1,70,1.8
2025-07-13,00+,84358845,39064349,11,627,0.7
2025-07-13,05-14,7940296,4507290,0,15,0.2
2025-07-13,15-34,19059537,11248646,1,94,0.5
2025-07-13,35-59,28508100,15106335,4,151,0.5
2025-07-13,60-79,18749279,5298359,3,159,0.8
2025-07-13,80+,6112952,1819857,2,138,2.3
2025-07-14,00-04,3988681,1051908,1,70,1.8
2025-07-14,00+,84358845,39064358,9,630,0.7
2025-07-14,05-14,7940296,4507290,0,15,0.2
2025-07-14,15-34,19059537,11248648,2,96,0.5
2025-07-14,35-59,28508100,15106335,0,151,0.5
2025-07-14,60-79,18749279,5298361,2,160,0.9
2025-07-14,80+,6112952,1819861,4,138,2.3
2025-07-15,00-04,3988681,1051924,16,63,1.6
2025-07-15,00+,84358845,39064534,176,616,0.7
2025-07-15,05-14,7940296,4507291,1,12,0.2
2025-07-15,15-34,19059537,11248676,28,94,0.5
2025-07-15,35-59,28508100,15106376,41,152,0.5
2025-07-15,60-79,18749279,5298411,50,165,0.9
2025-07-15,80+,6112952,1819901,40,130,2.1
2025-07-16,00-04,3988681,1051937,13,67,1.7
2025-07-16,00+,84358845,39064671,137,641,0.8
2025-07-16,05-14,7940296,4507291,0,8,0.1
2025-07-16,15-34,19059537,11248695,19,94,0.5
2025-07-16,35-59,28508100,15106409,33,155,0.5
2025-07-16,60-79,18749279,5298450,39,177,0.9
2025-07-16,80+,6112952,1819933,32,139,2.3
2025-07-17,00-04,3988681,1051949,12,67,1.7
2025-07-17,00+,84358845,39064797,126,660,0.8
2025-07-17,05-14,7940296,4507293,2,6,0.1
2025-07-17,15-34,19059537,11248718,23,102,0.5
2025-07-17,35-59,28508100,15106437,28,156,0.5
2025-07-17,60-79,18749279,5298492,42,192,1
2025-07-17,80+,6112952,1819952,19,136,2.2
2025-07-18,00-04,3988681,1051964,15,70,1.8
2025-07-18,00+,84358845,39064945,148,710,0.8
2025-07-18,05-14,7940296,4507298,5,10,0.1
2025-07-18,15-34,19059537,11248746,28,114,0.6
2025-07-18,35-59,28508100,15106471,34,163,0.6
2025-07-18,60-79,18749279,5298524,32,199,1.1
2025-07-18,80+,6112952,1819986,34,153,2.5
2025-07-19,00-04,3988681,1051973,9,67,1.7
2025-07-19,00+,84358845,39065069,124,731,0.9
2025-07-19,05-14,7940296,4507300,2,10,0.1
2025-07-19,15-34,19059537,11248773,27,128,0.7
2025-07-19,35-59,28508100,15106500,29,169,0.6
2025-07-19,60-79,18749279,5298564,40,208,1.1
2025-07-19,80+,6112952,1820003,17,148,2.4
2025-07-20,00-04,3988681,1051973,0,66,1.7
2025-07-20,00+,84358845,39065076,7,727,0.9
2025-07-20,05-14,7940296,4507301,1,11,0.1
2025-07-20,15-34,19059537,11248775,2,129,0.7
2025-07-20,35-59,28508100,15106501,1,166,0.6
2025-07-20,60-79,18749279,5298565,1,206,1.1
2025-07-20,80+,6112952,1820005,2,148,2.4
2025-07-21,00-04,3988681,1051974,1,66,1.7
2025-07-21,00+,84358845,39065079,3,721,0.9
2025-07-21,05-14,7940296,4507301,0,11,0.1
2025-07-21,15-34,19059537,11248775,0,127,0.7
2025-07-21,35-59,28508100,15106502,1,167,0.6
2025-07-21,60-79,18749279,5298565,0,204,1.1
2025-07-21,80+,6112952,1820006,1,145,2.4
2025-07-22,00-04,3988681,1052007,33,83,2.1
2025-07-22,00+,84358845,39065303,224,769,0.9
2025-07-22,05-14,7940296,4507308,7,17,0.2
2025-07-22,15-34,19059537,11248800,25,124,0.7
2025-07-22,35-59,28508100,15106538,36,162,0.6
2025-07-22,60-79,18749279,5298632,67,221,1.2
2025-07-22,80+,6112952,1820062,56,161,2.6
2025-07-23,00-04,3988681,1052025,18,88,2.2
2025-07-23,00+,84358845,39065457,154,786,0.9
2025-07-23,05-14,7940296,4507309,1,18,0.2
2025-07-23,15-34,19059537,11248836,36,141,0.7
2025-07-23,35-59,28508100,15106573,35,164,0.6
2025-07-23,60-79,18749279,5298667,35,217,1.2
2025-07-23,80+,6112952,1820090,28,157,2.6
2025-07-24,00-04,3988681,1052032,7,83,2.1
2025-07-24,00+,84358845,39065607,150,810,1
2025-07-24,05-14,7940296,4507309,0,16,0.2
2025-07-24,15-34,19059537,11248863,27,145,0.8
2025-07-24,35-59,28508100,15106612,39,175,0.6
2025-07-24,60-79,18749279,5298711,44,219,1.2
2025-07-24,80+,6112952,1820123,33,171,2.8
2025-07-25,00-04,3988681,1052037,5,73,1.8
2025-07-25,00+,84358845,39065735,128,790,0.9
2025-07-25,05-14,7940296,4507312,3,14,0.2
2025-07-25,15-34,19059537,11248877,14,131,0.7
2025-07-25,35-59,28508100,15106644,32,173,0.6
2025-07-25,60-79,18749279,5298753,42,229,1.2
2025-07-25,80+,6112952,1820155,32,169,2.8
2025-07-26,00-04,3988681,1052047,10,74,1.9
2025-07-26,00+,84358845,39065851,116,782,0.9
2025-07-26,05-14,7940296,4507312,0,12,0.2
2025-07-26,15-34,19059537,11248905,28,132,0.7
2025-07-26,35-59,28508100,15106665,21,165,0.6
2025-07-26,60-79,18749279,5298781,28,217,1.2
2025-07-26,80+,6112952,1820184,29,181,3
2025-07-27,00-04,3988681,1052048,1,75,1.9
2025-07-27,00+,84358845,39065861,10,785,0.9
2025-07-27,05-14,7940296,4507312,0,11,0.1
2025-07-27,15-34,19059537,11248908,3,133,0.7
2025-07-27,35-59,28508100,15106668,3,167,0.6
2025-07-27,60-79,18749279,5298783,2,218,1.2
2025-07-27,80+,6112952,1820185,1,180,2.9
2025-07-28,00-04,3988681,1052048,0,74,1.9
2025-07-28,00+,84358845,39065865,4,786,0.9
2025-07-28,05-14,7940296,4507312,0,11,0.1
2025-07-28,15-34,19059537,11248908,0,133,0.7
2025-07-28,35-59,28508100,15106669,1,167,0.6
2025-07-28,60-79,18749279,5298786,3,221,1.2
2025-07-28,80+,6112952,1820185,0,179,2.9
2025-07-29,00-04,3988681,1052067,19,60,1.5
2025-07-29,00+,84358845,39066089,224,786,0.9
2025-07-29,05-14,7940296,4507315,3,7,0.1
2025-07-29,15-34,19059537,11248934,26,134,0.7
2025-07-29,35-59,28508100,15106720,51,182,0.6
2025-07-29,60-79,18749279,5298852,66,220,1.2
2025-07-29,80+,6112952,1820243,58,181,3
2025-07-30,00-04,3988681,1052079,12,54,1.4
2025-07-30,00+,84358845,39066262,173,805,1
2025-07-30,05-14,7940296,4507318,3,9,0.1
2025-07-30,15-34,19059537,11248960,26,124,0.7
2025-07-30,35-59,28508100,15106761,41,188,0.7
2025-07-30,60-79,18749279,5298900,48,233,1.2
2025-07-30,80+,6112952,1820286,43,196,3.2
2025-07-31,00-04,3988681,1052094,15,62,1.6
2025-07-31,00+,84358845,39066406,144,799,0.9
2025-07-31,05-14,7940296,4507320,2,11,0.1
2025-07-31,15-34,19059537,11248983,23,120,0.6
2025-07-31,35-59,28508100,15106791,30,179,0.6
2025-07-31,60-79,18749279,5298941,41,230,1.2
2025-07-31,80+,6112952,1820318,32,195,3.2
2025-08-01,00-04,3988681,1052106,12,69,1.7
2025-08-01,00+,84358845,39066534,128,799,0.9
2025-08-01,05-14,7940296,4507323,3,11,0.1
2025-08-01,15-34,19059537,11249006,23,129,0.7
2025-08-01,35-59,28508100,15106825,34,181,0.6
2025-08-01,60-79,18749279,5298977,36,224,1.2
2025-08-01,80+,6112952,1820338,20,183,3
2025-08-02,00-04,3988681,1052113,7,66,1.7
2025-08-02,00+,84358845,39066644,110,793,0.9
2025-08-02,05-14,7940296,4507324,1,12,0.2
2025-08-02,15-34,19059537,11249019,13,114,0.6
2025-08-02,35-59,28508100,15106852,27,187,0.7
2025-08-02,60-79,18749279,5299007,30,226,1.2
2025-08-02,80+,6112952,1820370,32,186,3
2025-08-03,00-04,3988681,1052114,1,66,1.7
2025-08-03,00+,84358845,39066656,12,795,0.9
2025-08-03,05-14,7940296,4507324,0,12,0.2
2025-08-03,15-34,19059537,11249020,1,112,0.6
2025-08-03,35-59,28508100,15106856,4,188,0.7
2025-08-03,60-79,18749279,5299013,6,230,1.2
2025-08-03,80+,6112952,1820370,0,185,3
2025-08-04,00-04,3988681,1052115,1,67,1.7
2025-08-04,00+,84358845,39066660,4,795,0.9
2025-08-04,05-14,7940296,4507325,1,13,0.2
2025-08-04,15-34,19059537,11249020,0,112,0.6
2025-08-04,35-59,28508100,15106857,1,188,0.7
2025-08-04,60-79,18749279,5299014,1,228,1.2
2025-08-04,80+,6112952,1820370,0,185,3
2025-08-05,00-04,3988681,1052140,25,73,1.8
2025-08-05,00+,84358845,39066942,282,853,1
2025-08-05,05-14,7940296,4507332,7,17,0.2
2025-08-05,15-34,19059537,11249054,34,120,0.6
2025-08-05,35-59,28508100,15106912,55,192,0.7
2025-08-05,60-79,18749279,5299095,81,243,1.3
2025-08-05,80+,6112952,1820449,79,206,3.4
2025-08-06,00-04,3988681,1052155,15,76,1.9
2025-08-06,00+,84358845,39067119,177,857,1
2025-08-06,05-14,7940296,4507338,6,20,0.3
2025-08-06,15-34,19059537,11249091,37,131,0.7
2025-08-06,35-59,28508100,15106951,39,190,0.7
2025-08-06,60-79,18749279,5299148,53,248,1.3
2025-08-06,80+,6112952,1820476,27,190,3.1
2025-08-07,00-04,3988681,1052169,14,75,1.9
2025-08-07,00+,84358845,39067280,161,874,1
2025-08-07,05-14,7940296,4507339,1,19,0.2
2025-08-07,15-34,19059537,11249116,25,133,0.7
2025-08-07,35-59,28508100,15106996,45,205,0.7
2025-08-07,60-79,18749279,5299193,45,252,1.3
2025-08-07,80+,6112952,1820507,31,189,3.1
2025-08-08,00-04,3988681,1052186,17,80,2
2025-08-08,00+,84358845,39067473,193,939,1.1
2025-08-08,05-14,7940296,4507343,4,20,0.3
2025-08-08,15-34,19059537,11249142,26,136,0.7
2025-08-08,35-59,28508100,15107044,48,219,0.8
2025-08-08,60-79,18749279,5299251,58,274,1.5
2025-08-08,80+,6112952,1820547,40,209,3.4
2025-08-09,00-04,3988681,1052203,17,90,2.3
2025-08-09,00+,84358845,39067647,174,1003,1.2
2025-08-09,05-14,7940296,4507344,1,20,0.3
2025-08-09,15-34,19059537,11249173,31,154,0.8
2025-08-09,35-59,28508100,15107084,40,232,0.8
2025-08-09,60-79,18749279,5299290,39,283,1.5
2025-08-09,80+,6112952,1820593,46,223,3.6
2025-08-10,00-04,3988681,1052204,1,90,2.3
2025-08-10,00+,84358845,39067665,18,1009,1.2
2025-08-10,05-14,7940296,4507344,0,20,0.3
2025-08-10,15-34,19059537,11249175,2,155,0.8
2025-08-10,35-59,28508100,15107089,5,233,0.8
2025-08-10,60-79,18749279,5299293,3,280,1.5
2025-08-10,80+,6112952,1820600,7,230,3.8
2025-08-11,00-04,3988681,1052206,2,91,2.3
2025-08-11,00+,84358845,39067683,18,1023,1.2
2025-08-11,05-14,7940296,4507344,0,19,0.2
2025-08-11,15-34,19059537,11249176,1,156,0.8
2025-08-11,35-59,28508100,15107093,4,236,0.8
2025-08-11,60-79,18749279,5299296,3,282,1.5
2025-08-11,80+,6112952,1820608,8,238,3.9
2025-08-12,00-04,3988681,1052257,51,117,2.9
2025-08-12,00+,84358845,39068016,333,1074,1.3
2025-08-12,05-14,7940296,4507348,4,16,0.2
2025-08-12,15-34,19059537,11249215,39,161,0.8
2025-08-12,35-59,28508100,15107164,71,252,0.9
2025-08-12,60-79,18749279,5299388,92,293,1.6
2025-08-12,80+,6112952,1820683,75,234,3.8
2025-08-13,00-04,3988681,1052277,20,122,3.1
2025-08-13,00+,84358845,39068247,231,1128,1.3
2025-08-13,05-14,7940296,4507351,3,13,0.2
2025-08-13,15-34,19059537,11249245,30,154,0.8
2025-08-13,35-59,28508100,15107217,53,266,0.9
2025-08-13,60-79,18749279,5299460,72,312,1.7
2025-08-13,80+,6112952,1820736,53,260,4.3
2025-08-14,00-04,3988681,1052302,25,133,3.3
2025-08-14,00+,84358845,39068482,235,1202,1.4
2025-08-14,05-14,7940296,4507353,2,14,0.2
2025-08-14,15-34,19059537,11249297,52,181,0.9
2025-08-14,35-59,28508100,15107277,60,281,1
2025-08-14,60-79,18749279,5299515,55,322,1.7
2025-08-14,80+,6112952,1820777,41,270,4.4
2025-08-15,00-04,3988681,1052319,17,133,3.3
2025-08-15,00+,84358845,39068704,222,1231,1.5
2025-08-15,05-14,7940296,4507357,4,14,0.2
2025-08-15,15-34,19059537,11249332,35,190,1
2025-08-15,35-59,28508100,15107330,53,286,1
2025-08-15,60-79,18749279,5299580,65,329,1.8
2025-08-15,80+,6112952,1820825,48,278,4.5
2025-08-16,00-04,3988681,1052335,16,132,3.3
2025-08-16,00+,84358845,39068895,191,1248,1.5
2025-08-16,05-14,7940296,4507361,4,17,0.2
2025-08-16,15-34,19059537,11249368,36,195,1
2025-08-16,35-59,28508100,15107375,45,291,1
2025-08-16,60-79,18749279,5299622,42,332,1.8
2025-08-16,80+,6112952,1820873,48,280,4.6
2025-08-17,00-04,3988681,1052337,2,133,3.3
2025-08-17,00+,84358845,39068912,17,1247,1.5
2025-08-17,05-14,7940296,4507361,0,17,0.2
2025-08-17,15-34,19059537,11249371,3,196,1
2025-08-17,35-59,28508100,15107380,5,291,1
2025-08-17,60-79,18749279,5299623,1,330,1.8
2025-08-17,80+,6112952,1820879,6,279,4.6
2025-08-18,00-04,3988681,1052340,3,134,3.4
2025-08-18,00+,84358845,39068922,10,1239,1.5
2025-08-18,05-14,7940296,4507361,0,17,0.2
2025-08-18,15-34,19059537,11249373,2,197,1
2025-08-18,35-59,28508100,15107380,0,287,1
2025-08-18,60-79,18749279,5299624,1,328,1.7
2025-08-18,80+,6112952,1820883,4,275,4.5
2025-08-19,00-04,3988681,1052390,50,133,3.3
2025-08-19,00+,84358845,39069326,404,1310,1.6
2025-08-19,05-14,7940296,4507368,7,20,0.3
2025-08-19,15-34,19059537,11249445,72,230,1.2
2025-08-19,35-59,28508100,15107472,92,308,1.1
2025-08-19,60-79,18749279,5299717,93,329,1.8
2025-08-19,80+,6112952,1820973,90,290,4.7
2025-08-20,00-04,3988681,1052411,21,134,3.4
2025-08-20,00+,84358845,39069575,249,1328,1.6
2025-08-20,05-14,7940296,4507376,8,25,0.3
2025-08-20,15-34,19059537,11249486,41,241,1.3
2025-08-20,35-59,28508100,15107534,62,317,1.1
2025-08-20,60-79,18749279,5299778,61,318,1.7
2025-08-20,80+,6112952,1821029,56,293,4.8
2025-08-21,00-04,3988681,1052437,26,135,3.4
2025-08-21,00+,84358845,39069838,263,1356,1.6
2025-08-21,05-14,7940296,4507387,11,34,0.4
2025-08-21,15-34,19059537,11249532,46,235,1.2
2025-08-21,35-59,28508100,15107595,61,318,1.1
2025-08-21,60-79,18749279,5299834,56,319,1.7
2025-08-21,80+,6112952,1821092,63,315,5.2
2025-08-22,00-04,3988681,1052459,22,140,3.5
2025-08-22,00+,84358845,39070093,255,1389,1.6
2025-08-22,05-14,7940296,4507397,10,40,0.5
2025-08-22,15-34,19059537,11249577,45,245,1.3
2025-08-22,35-59,28508100,15107655,60,325,1.1
2025-08-22,60-79,18749279,5299907,73,327,1.7
2025-08-22,80+,6112952,1821137,45,312,5.1
2025-08-23,00-04,3988681,1052480,21,145,3.6
2025-08-23,00+,84358845,39070313,220,1418,1.7
2025-08-23,05-14,7940296,4507405,8,44,0.6
2025-08-23,15-34,19059537,11249620,43,252,1.3
2025-08-23,35-59,28508100,15107711,56,336,1.2
2025-08-23,60-79,18749279,5299959,52,337,1.8
2025-08-23,80+,6112952,1821176,39,303,5
2025-08-24,00-04,3988681,1052482,2,145,3.6
2025-08-24,00+,84358845,39070326,13,1414,1.7
2025-08-24,05-14,7940296,4507406,1,45,0.6
2025-08-24,15-34,19059537,11249625,5,254,1.3
2025-08-24,35-59,28508100,15107713,2,333,1.2
2025-08-24,60-79,18749279,5299961,2,338,1.8
2025-08-24,80+,6112952,1821177,1,298,4.9
2025-08-25,00-04,3988681,1052485,3,145,3.6
2025-08-25,00+,84358845,39070340,14,1418,1.7
2025-08-25,05-14,7940296,4507406,0,45,0.6
2025-08-25,15-34,19059537,11249628,3,255,1.3
2025-08-25,35-59,28508100,15107715,2,335,1.2
2025-08-25,60-79,18749279,5299962,1,338,1.8
2025-08-25,80+,6112952,1821182,5,299,4.9
2025-08-26,00-04,3988681,1052544,59,154,3.9
2025-08-26,00+,84358845,39070737,397,1411,1.7
2025-08-26,05-14,7940296,4507418,12,50,0.6
2025-08-26,15-34,19059537,11249688,60,243,1.3
2025-08-26,35-59,28508100,15107814,99,342,1.2
2025-08-26,60-79,18749279,5300061,99,344,1.8
2025-08-26,80+,6112952,1821250,68,277,4.5
2025-08-27,00-04,3988681,1052585,41,174,4.4
2025-08-27,00+,84358845,39071069,332,1494,1.8
2025-08-27,05-14,7940296,4507428,10,52,0.7
2025-08-27,15-34,19059537,11249733,45,247,1.3
2025-08-27,35-59,28508100,15107885,71,351,1.2
2025-08-27,60-79,18749279,5300144,83,366,2
2025-08-27,80+,6112952,1821328,78,299,4.9
2025-08-28,00-04,3988681,1052617,32,180,4.5
2025-08-28,00+,84358845,39071394,325,1556,1.8
2025-08-28,05-14,7940296,4507439,11,52,0.7
2025-08-28,15-34,19059537,11249778,45,246,1.3
2025-08-28,35-59,28508100,15107972,87,377,1.3
2025-08-28,60-79,18749279,5300218,74,384,2
2025-08-28,80+,6112952,1821404,76,312,5.1
2025-08-29,00-04,3988681,1052644,27,185,4.6
2025-08-29,00+,84358845,39071736,342,1643,1.9
2025-08-29,05-14,7940296,4507446,7,49,0.6
2025-08-29,15-34,19059537,11249846,68,269,1.4
2025-08-29,35-59,28508100,15108054,82,399,1.4
2025-08-29,60-79,18749279,5300309,91,402,2.1
2025-08-29,80+,6112952,1821470,66,333,5.4
2025-08-30,00-04,3988681,1052665,21,185,4.6
2025-08-30,00+,84358845,39071989,253,1676,2
2025-08-30,05-14,7940296,4507454,8,49,0.6
2025-08-30,15-34,19059537,11249892,46,272,1.4
2025-08-30,35-59,28508100,15108115,61,404,1.4
2025-08-30,60-79,18749279,5300364,55,405,2.2
2025-08-30,80+,6112952,1821530,60,354,5.8
2025-08-31,00-04,3988681,1052666,1,184,4.6
2025-08-31,00+,84358845,39072011,22,1685,2
2025-08-31,05-14,7940296,4507454,0,48,0.6
2025-08-31,15-34,19059537,11249897,5,272,1.4
2025-08-31,35-59,28508100,15108119,4,406,1.4
2025-08-31,60-79,18749279,5300371,7,410,2.2
2025-08-31,80+,6112952,1821535,5,358,5.9
2025-09-01,00-04,3988681,1052671,5,186,4.7
2025-09-01,00+,84358845,39072039,28,1699,2
2025-09-01,05-14,7940296,4507454,0,48,0.6
2025-09-01,15-34,19059537,11249902,5,274,1.4
2025-09-01,35-59,28508100,15108127,8,412,1.4
2025-09-01,60-79,18749279,5300376,5,414,2.2
2025-09-01,80+,6112952,1821540,5,358,5.9
2025-09-02,00-04,3988681,1052753,82,209,5.2
2025-09-02,00+,84358845,39072611,572,1874,2.2
2025-09-02,05-14,7940296,4507464,10,46,0.6
2025-09-02,15-34,19059537,11249976,74,288,1.5
2025-09-02,35-59,28508100,15108252,125,438,1.5
2025-09-02,60-79,18749279,5300522,146,461,2.5
2025-09-02,80+,6112952,1821674,134,424,6.9
2025-09-03,00-04,3988681,1052804,51,219,5.5
2025-09-03,00+,84358845,39073050,439,1981,2.3
2025-09-03,05-14,7940296,4507473,9,45,0.6
2025-09-03,15-34,19059537,11250046,70,313,1.6
2025-09-03,35-59,28508100,15108361,109,476,1.7
2025-09-03,60-79,18749279,5300625,103,481,2.6
2025-09-03,80+,6112952,1821770,96,442,7.2
2025-09-04,00-04,3988681,1052845,41,228,5.7
2025-09-04,00+,84358845,39073474,424,2080,2.5
2025-09-04,05-14,7940296,4507486,13,47,0.6
2025-09-04,15-34,19059537,11250115,69,337,1.8
2025-09-04,35-59,28508100,15108484,123,512,1.8
2025-09-04,60-79,18749279,5300730,105,512,2.7
2025-09-04,80+,6112952,1821843,73,439,7.2
2025-09-05,00-04,3988681,1052879,34,235,5.9
2025-09-05,00+,84358845,39073850,376,2114,2.5
2025-09-05,05-14,7940296,4507500,14,54,0.7
2025-09-05,15-34,19059537,11250193,78,347,1.8
2025-09-05,35-59,28508100,15108577,93,523,1.8
2025-09-05,60-79,18749279,5300813,83,504,2.7
2025-09-05,80+,6112952,1821917,74,447,7.3
2025-09-06,00-04,3988681,1052909,30,244,6.1
2025-09-06,00+,84358845,39074162,312,2173,2.6
2025-09-06,05-14,7940296,4507513,13,59,0.7
2025-09-06,15-34,19059537,11250242,49,350,1.8
2025-09-06,35-59,28508100,15108663,86,548,1.9
2025-09-06,60-79,18749279,5300889,76,525,2.8
2025-09-06,80+,6112952,1821975,58,445,7.3
2025-09-07,00-04,3988681,1052911,2,245,6.1
2025-09-07,00+,84358845,39074196,34,2185,2.6
2025-09-07,05-14,7940296,4507513,0,59,0.7
2025-09-07,15-34,19059537,11250244,2,347,1.8
2025-09-07,35-59,28508100,15108675,12,556,2
2025-09-07,60-79,18749279,5300898,9,527,2.8
2025-09-07,80+,6112952,1821984,9,449,7.3
2025-09-08,00-04,3988681,1052915,4,244,6.1
2025-09-08,00+,84358845,39074210,14,2171,2.6
2025-09-08,05-14,7940296,4507513,0,59,0.7
2025-09-08,15-34,19059537,11250244,0,342,1.8
2025-09-08,35-59,28508100,15108678,3,551,1.9
2025-09-08,60-79,18749279,5300903,5,527,2.8
2025-09-08,80+,6112952,1821986,2,446,7.3
2025-09-09,00-04,3988681,1052993,78,240,6
2025-09-09,00+,84358845,39074813,603,2202,2.6
2025-09-09,05-14,7940296,4507527,14,63,0.8
2025-09-09,15-34,19059537,11250318,74,342,1.8
2025-09-09,35-59,28508100,15108801,123,549,1.9
2025-09-09,60-79,18749279,5301058,155,536,2.9
2025-09-09,80+,6112952,1822145,159,471,7.7
2025-09-10,00-04,3988681,1053030,37,226,5.7
2025-09-10,00+,84358845,39075332,519,2282,2.7
2025-09-10,05-14,7940296,4507535,8,62,0.8
2025-09-10,15-34,19059537,11250393,75,347,1.8
2025-09-10,35-59,28508100,15108932,131,571,2
2025-09-10,60-79,18749279,5301214,156,589,3.1
2025-09-10,80+,6112952,1822256,111,486,8
2025-09-11,00-04,3988681,1053061,31,216,5.4
2025-09-11,00+,84358845,39075712,380,2238,2.7
2025-09-11,05-14,7940296,4507544,9,58,0.7
2025-09-11,15-34,19059537,11250451,58,336,1.8
2025-09-11,35-59,28508100,15109032,100,548,1.9
2025-09-11,60-79,18749279,5301309,95,579,3.1
2025-09-11,80+,6112952,1822343,87,500,8.2
2025-09-12,00-04,3988681,1053102,41,223,5.6
2025-09-12,00+,84358845,39076267,555,2417,2.9
2025-09-12,05-14,7940296,4507562,18,62,0.8
2025-09-12,15-34,19059537,11250543,92,350,1.8
2025-09-12,35-59,28508100,15109195,163,618,2.2
2025-09-12,60-79,18749279,5301451,142,638,3.4
2025-09-12,80+,6112952,1822442,99,525,8.6
2025-09-13,00-04,3988681,1053148,46,239,6
2025-09-13,00+,84358845,39076649,382,2487,2.9
2025-09-13,05-14,7940296,4507574,12,61,0.8
2025-09-13,15-34,19059537,11250607,64,365,1.9
2025-09-13,35-59,28508100,15109285,90,622,2.2
2025-09-13,60-79,18749279,5301542,91,653,3.5
2025-09-13,80+,6112952,1822521,79,546,8.9
2025-09-14,00-04,3988681,1053148,0,237,5.9
2025-09-14,00+,84358845,39076684,35,2488,2.9
2025-09-14,05-14,7940296,4507575,1,62,0.8
2025-09-14,15-34,19059537,11250611,4,367,1.9
2025-09-14,35-59,28508100,15109294,9,619,2.2
2025-09-14,60-79,18749279,5301552,10,654,3.5
2025-09-14,80+,6112952,1822532,11,548,9
2025-09-15,00-04,3988681,1053154,6,239,6
2025-09-15,00+,84358845,39076710,26,2500,3
2025-09-15,05-14,7940296,4507577,2,64,0.8
2025-09-15,15-34,19059537,11250613,2,369,1.9
2025-09-15,35-59,28508100,15109297,3,619,2.2
2025-09-15,60-79,18749279,5301559,7,656,3.5
2025-09-15,80+,6112952,1822538,6,552,9
2025-09-16,00-04,3988681,1053236,82,243,6.1
2025-09-16,00+,84358845,39077490,780,2677,3.2
2025-09-16,05-14,7940296,4507593,16,66,0.8
2025-09-16,15-34,19059537,11250730,117,412,2.2
2025-09-16,35-59,28508100,15109477,180,676,2.4
2025-09-16,60-79,18749279,5301782,223,724,3.9
2025-09-16,80+,6112952,1822700,162,555,9.1
2025-09-17,00-04,3988681,1053275,39,245,6.1
2025-09-17,00+,84358845,39078081,591,2749,3.3
2025-09-17,05-14,7940296,4507612,19,77,1
2025-09-17,15-34,19059537,11250830,100,437,2.3
2025-09-17,35-59,28508100,15109645,168,713,2.5
2025-09-17,60-79,18749279,5301927,145,713,3.8
2025-09-17,80+,6112952,1822820,120,564,9.2
2025-09-18,00-04,3988681,1053312,37,251,6.3
2025-09-18,00+,84358845,39078618,537,2906,3.4
2025-09-18,05-14,7940296,4507624,12,80,1
2025-09-18,15-34,19059537,11250895,65,444,2.3
2025-09-18,35-59,28508100,15109800,155,768,2.7
2025-09-18,60-79,18749279,5302094,167,785,4.2
2025-09-18,80+,6112952,1822921,101,578,9.5
2025-09-19,00-04,3988681,1053353,41,251,6.3
2025-09-19,00+,84358845,39079174,556,2907,3.4
2025-09-19,05-14,7940296,4507642,18,80,1
2025-09-19,15-34,19059537,11250995,100,452,2.4
2025-09-19,35-59,28508100,15109961,161,766,2.7
2025-09-19,60-79,18749279,5302227,133,776,4.1
2025-09-19,80+,6112952,1823023,102,581,9.5
2025-09-20,00-04,3988681,1053403,50,255,6.4
2025-09-20,00+,84358845,39079653,479,3004,3.6
2025-09-20,05-14,7940296,4507650,8,76,1
2025-09-20,15-34,19059537,11251050,55,443,2.3
2025-09-20,35-59,28508100,15110087,126,802,2.8
2025-09-20,60-79,18749279,5302355,128,813,4.3
2025-09-20,80+,6112952,1823133,110,612,10
2025-09-21,00-04,3988681,1053403,0,255,6.4
2025-09-21,00+,84358845,39079705,52,3021,3.6
2025-09-21,05-14,7940296,4507651,1,76,1
2025-09-21,15-34,19059537,11251055,5,444,2.3
2025-09-21,35-59,28508100,15110101,14,807,2.8
2025-09-21,60-79,18749279,5302373,18,821,4.4
2025-09-21,80+,6112952,1823147,14,615,10.1
2025-09-22,00-04,3988681,1053407,4,253,6.3
2025-09-22,00+,84358845,39079731,26,3021,3.6
2025-09-22,05-14,7940296,4507651,0,74,0.9
2025-09-22,15-34,19059537,11251057,2,444,2.3
2025-09-22,35-59,28508100,15110104,3,807,2.8
2025-09-22,60-79,18749279,5302382,9,823,4.4
2025-09-22,80+,6112952,1823155,8,617,10.1
2025-09-23,00-04,3988681,1053497,90,261,6.5
2025-09-23,00+,84358845,39080698,967,3208,3.8
2025-09-23,05-14,7940296,4507673,22,80,1
2025-09-23,15-34,19059537,11251179,122,449,2.4
2025-09-23,35-59,28508100,15110320,216,843,3
2025-09-23,60-79,18749279,5302646,264,864,4.6
2025-09-23,80+,6112952,1823406,251,706,11.5
2025-09-24,00-04,3988681,1053547,50,272,6.8
2025-09-24,00+,84358845,39081370,672,3289,3.9
2025-09-24,05-14,7940296,4507687,14,75,0.9
2025-09-24,15-34,19059537,11251281,102,451,2.4
2025-09-24,35-59,28508100,15110509,189,864,3
2025-09-24,60-79,18749279,5302814,168,887,4.7
2025-09-24,80+,6112952,1823554,148,734,12
2025-09-25,00-04,3988681,1053584,37,272,6.8
2025-09-25,00+,84358845,39082020,650,3402,4
2025-09-25,05-14,7940296,4507712,25,88,1.1
2025-09-25,15-34,19059537,11251370,89,475,2.5
2025-09-25,35-59,28508100,15110679,170,879,3.1
2025-09-25,60-79,18749279,5302986,172,892,4.8
2025-09-25,80+,6112952,1823709,155,788,12.9
2025-09-26,00-04,3988681,1053622,38,269,6.7
2025-09-26,00+,84358845,39082698,678,3524,4.2
2025-09-26,05-14,7940296,4507725,13,83,1
2025-09-26,15-34,19059537,11251476,106,481,2.5
2025-09-26,35-59,28508100,15110860,181,899,3.2
2025-09-26,60-79,18749279,5303168,182,941,5
2025-09-26,80+,6112952,1823866,157,843,13.8
2025-09-27,00-04,3988681,1053665,43,262,6.6
2025-09-27,00+,84358845,39083226,528,3573,4.2
2025-09-27,05-14,7940296,4507738,13,88,1.1
2025-09-27,15-34,19059537,11251556,80,506,2.7
2025-09-27,35-59,28508100,15110986,126,899,3.2
2025-09-27,60-79,18749279,5303305,137,950,5.1
2025-09-27,80+,6112952,1823995,129,862,14.1
2025-09-28,00-04,3988681,1053668,3,265,6.6
2025-09-28,00+,84358845,39083262,36,3557,4.2
2025-09-28,05-14,7940296,4507738,0,87,1.1
2025-09-28,15-34,19059537,11251562,6,507,2.7
2025-09-28,35-59,28508100,15111000,14,899,3.2
2025-09-28,60-79,18749279,5303315,10,942,5
2025-09-28,80+,6112952,1823998,3,851,13.9
2025-09-29,00-04,3988681,1053671,3,264,6.6
2025-09-29,00+,84358845,39083276,14,3545,4.2
2025-09-29,05-14,7940296,4507738,0,87,1.1
2025-09-29,15-34,19059537,11251563,1,506,2.7
2025-09-29,35-59,28508100,15111001,1,897,3.1
2025-09-29,60-79,18749279,5303322,7,940,5
2025-09-29,80+,6112952,1824000,2,845,13.8
2025-09-30,00-04,3988681,1053763,92,266,6.7
2025-09-30,00+,84358845,39084420,1144,3722,4.4
2025-09-30,05-14,7940296,4507769,31,96,1.2
2025-09-30,15-34,19059537,11251706,143,527,2.8
2025-09-30,35-59,28508100,15111230,229,910,3.2
2025-09-30,60-79,18749279,5303646,324,1000,5.3
2025-09-30,80+,6112952,1824317,317,911,14.9
2025-10-01,00-04,3988681,1053824,61,277,6.9
2025-10-01,00+,84358845,39085382,962,4012,4.8
2025-10-01,05-14,7940296,4507793,24,106,1.3
2025-10-01,15-34,19059537,11251851,145,570,3
2025-10-01,35-59,28508100,15111437,207,928,3.3
2025-10-01,60-79,18749279,5303901,255,1087,5.8
2025-10-01,80+,6112952,1824585,268,1031,16.9
2025-10-02,00-04,3988681,1053869,45,285,7.1
2025-10-02,00+,84358845,39086254,872,4234,5
2025-10-02,05-14,7940296,4507811,18,99,1.2
2025-10-02,15-34,19059537,11251977,126,607,3.2
2025-10-02,35-59,28508100,15111658,221,979,3.4
2025-10-02,60-79,18749279,5304132,231,1146,6.1
2025-10-02,80+,6112952,1824816,231,1107,18.1
2025-10-03,00-04,3988681,1053918,49,296,7.4
2025-10-03,00+,84358845,39087049,795,4351,5.2
2025-10-03,05-14,7940296,4507821,10,96,1.2
2025-10-03,15-34,19059537,11252086,109,610,3.2
2025-10-03,35-59,28508100,15111865,207,1005,3.5
2025-10-03,60-79,18749279,5304368,236,1200,6.4
2025-10-03,80+,6112952,1824998,182,1132,18.5
2025-10-04,00-04,3988681,1053922,4,257,6.4
2025-10-04,00+,84358845,39087095,46,3869,4.6
2025-10-04,05-14,7940296,4507822,1,84,1.1
2025-10-04,15-34,19059537,11252089,3,533,2.8
2025-10-04,35-59,28508100,15111875,10,889,3.1
2025-10-04,60-79,18749279,5304381,13,1076,5.7
2025-10-04,80+,6112952,1825013,15,1018,16.7
2025-10-05,00-04,3988681,1053927,5,259,6.5
2025-10-05,00+,84358845,39087169,74,3907,4.6
2025-10-05,05-14,7940296,4507822,0,84,1.1
2025-10-05,15-34,19059537,11252098,9,536,2.8
2025-10-05,35-59,28508100,15111890,15,890,3.1
2025-10-05,60-79,18749279,5304403,22,1088,5.8
2025-10-05,80+,6112952,1825036,23,1038,17
2025-10-06,00-04,3988681,1053930,3,259,6.5
2025-10-06,00+,84358845,39087225,56,3949,4.7
2025-10-06,05-14,7940296,4507822,0,84,1.1
2025-10-06,15-34,19059537,11252107,9,544,2.9
2025-10-06,35-59,28508100,15111902,12,901,3.2
2025-10-06,60-79,18749279,5304420,17,1098,5.9
2025-10-06,80+,6112952,1825051,15,1051,17.2
2025-10-07,00-04,3988681,1054054,124,291,7.3
2025-10-07,00+,84358845,39088990,1765,4570,5.4
2025-10-07,05-14,7940296,4507861,39,92,1.2
2025-10-07,15-34,19059537,11252280,173,574,3
2025-10-07,35-59,28508100,15112236,334,1006,3.5
2025-10-07,60-79,18749279,5304957,537,1311,7
2025-10-07,80+,6112952,1825608,557,1291,21.1
2025-10-08,00-04,3988681,1054104,50,280,7
2025-10-08,00+,84358845,39090298,1308,4916,5.8
2025-10-08,05-14,7940296,4507881,20,88,1.1
2025-10-08,15-34,19059537,11252445,165,594,3.1
2025-10-08,35-59,28508100,15112583,347,1146,4
2025-10-08,60-79,18749279,5305323,366,1422,7.6
2025-10-08,80+,6112952,1825964,356,1379,22.6
2025-10-09,00-04,3988681,1054167,63,298,7.5
2025-10-09,00+,84358845,39091548,1250,5294,6.3
2025-10-09,05-14,7940296,4507901,20,90,1.1
2025-10-09,15-34,19059537,11252636,191,659,3.5
2025-10-09,35-59,28508100,15112903,320,1245,4.4
2025-10-09,60-79,18749279,5305648,325,1516,8.1
2025-10-09,80+,6112952,1826292,328,1476,24.1
2025-10-10,00-04,3988681,1054229,62,311,7.8
2025-10-10,00+,84358845,39092883,1335,5834,6.9
2025-10-10,05-14,7940296,4507913,12,92,1.2
2025-10-10,15-34,19059537,11252830,194,744,3.9
2025-10-10,35-59,28508100,15113226,323,1361,4.8
2025-10-10,60-79,18749279,5306023,375,1655,8.8
2025-10-10,80+,6112952,1826653,361,1655,27.1
2025-10-11,00-04,3988681,1054284,55,362,9.1
2025-10-11,00+,84358845,39093930,1047,6835,8.1
2025-10-11,05-14,7940296,4507930,17,108,1.4
2025-10-11,15-34,19059537,11252972,142,883,4.6
2025-10-11,35-59,28508100,15113484,258,1609,5.6
2025-10-11,60-79,18749279,5306310,287,1929,10.3
2025-10-11,80+,6112952,1826941,288,1928,31.5
2025-10-12,00-04,3988681,1054294,10,367,9.2
2025-10-12,00+,84358845,39094022,92,6853,8.1
2025-10-12,05-14,7940296,4507932,2,110,1.4
2025-10-12,15-34,19059537,11252978,6,880,4.6
2025-10-12,35-59,28508100,15113500,16,1610,5.6
2025-10-12,60-79,18749279,5306337,27,1934,10.3
2025-10-12,80+,6112952,1826972,31,1936,31.7
2025-10-13,00-04,3988681,1054298,4,368,9.2
2025-10-13,00+,84358845,39094086,64,6861,8.1
2025-10-13,05-14,7940296,4507934,2,112,1.4
2025-10-13,15-34,19059537,11252982,4,875,4.6
2025-10-13,35-59,28508100,15113506,6,1604,5.6
2025-10-13,60-79,18749279,5306358,21,1938,10.3
2025-10-13,80+,6112952,1826999,27,1948,31.9
2025-10-14,00-04,3988681,1054415,117,361,9.1
2025-10-14,00+,84358845,39096137,2051,7147,8.5
2025-10-14,05-14,7940296,4507970,36,109,1.4
2025-10-14,15-34,19059537,11253174,192,894,4.7
2025-10-14,35-59,28508100,15113888,382,1652,5.8
2025-10-14,60-79,18749279,5306988,630,2031,10.8
2025-10-14,80+,6112952,1827693,694,2085,34.1
2025-10-15,00-04,3988681,1054481,66,377,9.5
2025-10-15,00+,84358845,39097649,1512,7351,8.7
2025-10-15,05-14,7940296,4507988,18,107,1.3
2025-10-15,15-34,19059537,11253341,167,896,4.7
2025-10-15,35-59,28508100,15114229,341,1646,5.8
2025-10-15,60-79,18749279,5307463,475,2140,11.4
2025-10-15,80+,6112952,1828136,443,2172,35.5
2025-10-16,00-04,3988681,1054531,50,364,9.1
2025-10-16,00+,84358845,39098833,1184,7285,8.6
2025-10-16,05-14,7940296,4508012,24,111,1.4
2025-10-16,15-34,19059537,11253504,163,868,4.6
2025-10-16,35-59,28508100,15114517,288,1614,5.7
2025-10-16,60-79,18749279,5307805,342,2157,11.5
2025-10-16,80+,6112952,1828452,316,2160,35.3
2025-10-17,00-04,3988681,1054588,57,359,9
2025-10-17,00+,84358845,39100088,1255,7205,8.5
2025-10-17,05-14,7940296,4508028,16,115,1.4
2025-10-17,15-34,19059537,11253664,160,834,4.4
2025-10-17,35-59,28508100,15114826,309,1600,5.6
2025-10-17,60-79,18749279,5308182,377,2159,11.5
2025-10-17,80+,6112952,1828784,332,2131,34.9
2025-10-18,00-04,3988681,1054635,47,351,8.8
2025-10-18,00+,84358845,39100985,897,7055,8.4
2025-10-18,05-14,7940296,4508039,11,109,1.4
2025-10-18,15-34,19059537,11253753,89,781,4.1
2025-10-18,35-59,28508100,15115038,212,1554,5.5
2025-10-18,60-79,18749279,5308438,256,2128,11.3
2025-10-18,80+,6112952,1829066,282,2125,34.8
2025-10-19,00-04,3988681,1054644,9,350,8.8
2025-10-19,00+,84358845,39101063,78,7041,8.3
2025-10-19,05-14,7940296,4508039,0,107,1.3
2025-10-19,15-34,19059537,11253759,6,781,4.1
2025-10-19,35-59,28508100,15115056,18,1556,5.5
2025-10-19,60-79,18749279,5308464,26,2127,11.3
2025-10-19,80+,6112952,1829085,19,2113,34.6
2025-10-20,00-04,3988681,1054649,5,351,8.8
2025-10-20,00+,84358845,39101104,41,7018,8.3
2025-10-20,05-14,7940296,4508041,2,107,1.3
2025-10-20,15-34,19059537,11253762,3,780,4.1
2025-10-20,35-59,28508100,15115059,3,1553,5.4
2025-10-20,60-79,18749279,5308477,13,2119,11.3
2025-10-20,80+,6112952,1829100,15,2101,34.4
2025-10-21,00-04,3988681,1054762,113,347,8.7
2025-10-21,00+,84358845,39103049,1945,6912,8.2
2025-10-21,05-14,7940296,4508071,30,101,1.3
2025-10-21,15-34,19059537,11253910,148,736,3.9
2025-10-21,35-59,28508100,15115433,374,1545,5.4
2025-10-21,60-79,18749279,5309091,614,2103,11.2
2025-10-21,80+,6112952,1829761,661,2068,33.8
2025-10-22,00-04,3988681,1054811,49,330,8.3
2025-10-22,00+,84358845,39104240,1191,6591,7.8
2025-10-22,05-14,7940296,4508087,16,99,1.2
2025-10-22,15-34,19059537,11254032,122,691,3.6
2025-10-22,35-59,28508100,15115706,273,1477,5.2
2025-10-22,60-79,18749279,5309459,368,1996,10.6
2025-10-22,80+,6112952,1830123,362,1987,32.5
2025-10-23,00-04,3988681,1054863,52,332,8.3
2025-10-23,00+,84358845,39105582,1342,6749,8
2025-10-23,05-14,7940296,4508105,18,93,1.2
2025-10-23,15-34,19059537,11254165,133,661,3.5
2025-10-23,35-59,28508100,15115992,286,1475,5.2
2025-10-23,60-79,18749279,5309861,402,2056,11
2025-10-23,80+,6112952,1830563,440,2111,34.5
2025-10-24,00-04,3988681,1054925,62,337,8.4
2025-10-24,00+,84358845,39106774,1192,6686,7.9
2025-10-24,05-14,7940296,4508124,19,96,1.2
2025-10-24,15-34,19059537,11254279,114,615,3.2
2025-10-24,35-59,28508100,15116273,281,1447,5.1
2025-10-24,60-79,18749279,5310233,372,2051,10.9
2025-10-24,80+,6112952,1830907,344,2123,34.7
2025-10-25,00-04,3988681,1054973,48,338,8.5
2025-10-25,00+,84358845,39107748,974,6763,8
2025-10-25,05-14,7940296,4508136,12,97,1.2
2025-10-25,15-34,19059537,11254372,93,619,3.2
2025-10-25,35-59,28508100,15116476,203,1438,5
2025-10-25,60-79,18749279,5310515,282,2077,11.1
2025-10-25,80+,6112952,1831240,333,2174,35.6
2025-10-26,00-04,3988681,1054981,8,337,8.4
2025-10-26,00+,84358845,39107830,82,6767,8
2025-10-26,05-14,7940296,4508140,4,101,1.3
2025-10-26,15-34,19059537,11254380,8,621,3.3
2025-10-26,35-59,28508100,15116487,11,1431,5
2025-10-26,60-79,18749279,5310539,24,2075,11.1
2025-10-26,80+,6112952,1831267,27,2182,35.7
2025-10-27,00-04,3988681,1054984,3,335,8.4
2025-10-27,00+,84358845,39107864,34,6760,8
2025-10-27,05-14,7940296,4508140,0,99,1.2
2025-10-27,15-34,19059537,11254381,1,619,3.2
2025-10-27,35-59,28508100,15116490,3,1431,5
2025-10-27,60-79,18749279,5310546,7,2069,11
2025-10-27,80+,6112952,1831287,20,2187,35.8
2025-10-28,00-04,3988681,1055068,84,306,7.7
2025-10-28,00+,84358845,39109685,1821,6636,7.9
2025-10-28,05-14,7940296,4508160,20,89,1.1
2025-10-28,15-34,19059537,11254515,134,605,3.2
2025-10-28,35-59,28508100,15116811,321,1378,4.8
2025-10-28,60-79,18749279,5311139,593,2048,10.9
2025-10-28,80+,6112952,1831942,655,2181,35.7
2025-10-29,00-04,3988681,1055120,52,309,7.7
2025-10-29,00+,84358845,39110898,1213,6658,7.9
2025-10-29,05-14,7940296,4508184,24,97,1.2
2025-10-29,15-34,19059537,11254623,108,591,3.1
2025-10-29,35-59,28508100,15117112,301,1406,4.9
2025-10-29,60-79,18749279,5311492,353,2033,10.8
2025-10-29,80+,6112952,1832314,372,2191,35.8
2025-10-30,00-04,3988681,1055165,45,302,7.6
2025-10-30,00+,84358845,39112044,1146,6462,7.7
2025-10-30,05-14,7940296,4508197,13,92,1.2
2025-10-30,15-34,19059537,11254752,129,587,3.1
2025-10-30,35-59,28508100,15117386,274,1394,4.9
2025-10-30,60-79,18749279,5311840,348,1979,10.6
2025-10-30,80+,6112952,1832646,332,2083,34.1
2025-10-31,00-04,3988681,1055239,74,314,7.9
2025-10-31,00+,84358845,39113073,1029,6299,7.5
2025-10-31,05-14,7940296,4508215,18,91,1.1
2025-10-31,15-34,19059537,11254854,102,575,3
2025-10-31,35-59,28508100,15117625,239,1352,4.7
2025-10-31,60-79,18749279,5312145,305,1912,10.2
2025-10-31,80+,6112952,1832936,290,2029,33.2
2025-11-01,00-04,3988681,1055282,43,309,7.7
2025-11-01,00+,84358845,39113663,590,5915,7
2025-11-01,05-14,7940296,4508220,5,84,1.1
2025-11-01,15-34,19059537,11254917,63,545,2.9
2025-11-01,35-59,28508100,15117730,105,1254,4.4
2025-11-01,60-79,18749279,5312316,171,1801,9.6
2025-11-01,80+,6112952,1833135,199,1895,31
2025-11-02,00-04,3988681,1055287,5,306,7.7
2025-11-02,00+,84358845,39113719,56,5889,7
2025-11-02,05-14,7940296,4508221,1,81,1
2025-11-02,15-34,19059537,11254925,8,545,2.9
2025-11-02,35-59,28508100,15117744,14,1257,4.4
2025-11-02,60-79,18749279,5312330,14,1791,9.6
2025-11-02,80+,6112952,1833149,14,1882,30.8
2025-11-03,00-04,3988681,1055290,3,306,7.7
2025-11-03,00+,84358845,39113758,39,5894,7
2025-11-03,05-14,7940296,4508221,0,81,1
2025-11-03,15-34,19059537,11254928,3,547,2.9
2025-11-03,35-59,28508100,15117751,7,1261,4.4
2025-11-03,60-79,18749279,5312346,16,1800,9.6
2025-11-03,80+,6112952,1833159,10,1872,30.6
2025-11-04,00-04,3988681,1055394,104,326,8.2
2025-11-04,00+,84358845,39115296,1538,5611,6.7
2025-11-04,05-14,7940296,4508255,34,95,1.2
2025-11-04,15-34,19059537,11255047,119,532,2.8
2025-11-04,35-59,28508100,15117992,241,1181,4.1
2025-11-04,60-79,18749279,5312846,500,1707,9.1
2025-11-04,80+,6112952,1833697,538,1755,28.7
2025-11-05,00-04,3988681,1055454,60,334,8.4
2025-11-05,00+,84358845,39116514,1218,5616,6.7
2025-11-05,05-14,7940296,4508293,38,109,1.4
2025-11-05,15-34,19059537,11255165,118,542,2.8
2025-11-05,35-59,28508100,15118265,273,1153,4
2025-11-05,60-79,18749279,5313196,350,1704,9.1
2025-11-05,80+,6112952,1834067,370,1753,28.7
2025-11-06,00-04,3988681,1055516,62,351,8.8
2025-11-06,00+,84358845,39117564,1050,5520,6.5
2025-11-06,05-14,7940296,4508332,39,135,1.7
2025-11-06,15-34,19059537,11255287,122,535,2.8
2025-11-06,35-59,28508100,15118512,247,1126,3.9
2025-11-06,60-79,18749279,5313477,281,1637,8.7
2025-11-06,80+,6112952,1834365,298,1719,28.1
2025-11-07,00-04,3988681,1055576,60,337,8.4
2025-11-07,00+,84358845,39118499,935,5426,6.4
2025-11-07,05-14,7940296,4508364,32,149,1.9
2025-11-07,15-34,19059537,11255405,118,551,2.9
2025-11-07,35-59,28508100,15118738,226,1113,3.9
2025-11-07,60-79,18749279,5313715,238,1570,8.4
2025-11-07,80+,6112952,1834625,260,1689,27.6
2025-11-08,00-04,3988681,1055628,52,346,8.7
2025-11-08,00+,84358845,39119309,810,5646,6.7
2025-11-08,05-14,7940296,4508383,19,163,2.1
2025-11-08,15-34,19059537,11255488,83,571,3
2025-11-08,35-59,28508100,15118940,202,1210,4.2
2025-11-08,60-79,18749279,5313937,222,1621,8.6
2025-11-08,80+,6112952,1834849,224,1714,28
2025-11-09,00-04,3988681,1055633,5,346,8.7
2025-11-09,00+,84358845,39119356,47,5637,6.7
2025-11-09,05-14,7940296,4508386,3,165,2.1
2025-11-09,15-34,19059537,11255493,5,568,3
2025-11-09,35-59,28508100,15118950,10,1206,4.2
2025-11-09,60-79,18749279,5313951,14,1621,8.6
2025-11-09,80+,6112952,1834859,10,1710,28
2025-11-10,00-04,3988681,1055637,4,347,8.7
2025-11-10,00+,84358845,39119395,39,5637,6.7
2025-11-10,05-14,7940296,4508387,1,166,2.1
2025-11-10,15-34,19059537,11255498,5,570,3
2025-11-10,35-59,28508100,15118962,12,1211,4.2
2025-11-10,60-79,18749279,5313962,11,1616,8.6
2025-11-10,80+,6112952,1834865,6,1706,27.9
2025-11-11,00-04,3988681,1055730,93,336,8.4
2025-11-11,00+,84358845,39120828,1433,5532,6.6
2025-11-11,05-14,7940296,4508424,37,169,2.1
2025-11-11,15-34,19059537,11255655,157,608,3.2
2025-11-11,35-59,28508100,15119251,289,1259,4.4
2025-11-11,60-79,18749279,5314366,404,1520,8.1
2025-11-11,80+,6112952,1835314,449,1617,26.5
2025-11-12,00-04,3988681,1055780,50,326,8.2
2025-11-12,00+,84358845,39121909,1081,5395,6.4
2025-11-12,05-14,7940296,4508474,50,181,2.3
2025-11-12,15-34,19059537,11255767,112,602,3.2
2025-11-12,35-59,28508100,15119548,297,1283,4.5
2025-11-12,60-79,18749279,5314649,283,1453,7.7
2025-11-12,80+,6112952,1835597,283,1530,25
2025-11-13,00-04,3988681,1055851,71,335,8.4
2025-11-13,00+,84358845,39122977,1068,5413,6.4
2025-11-13,05-14,7940296,4508519,45,187,2.4
2025-11-13,15-34,19059537,11255897,130,610,3.2
2025-11-13,35-59,28508100,15119802,254,1290,4.5
2025-11-13,60-79,18749279,5314931,282,1454,7.8
2025-11-13,80+,6112952,1835882,285,1517,24.8
2025-11-14,00-04,3988681,1055917,66,341,8.5
2025-11-14,00+,84358845,39124045,1068,5546,6.6
2025-11-14,05-14,7940296,4508566,47,202,2.5
2025-11-14,15-34,19059537,11256020,123,615,3.2
2025-11-14,35-59,28508100,15120083,281,1345,4.7
2025-11-14,60-79,18749279,5315207,276,1492,8
2025-11-14,80+,6112952,1836157,275,1532,25.1
2025-11-15,00-04,3988681,1055975,58,347,8.7
2025-11-15,00+,84358845,39124884,839,5575,6.6
2025-11-15,05-14,7940296,4508602,36,219,2.8
2025-11-15,15-34,19059537,11256117,97,629,3.3
2025-11-15,35-59,28508100,15120286,203,1346,4.7
2025-11-15,60-79,18749279,5315433,226,1496,8
2025-11-15,80+,6112952,1836367,210,1518,24.8
2025-11-16,00-04,3988681,1055981,6,348,8.7
2025-11-16,00+,84358845,39124978,94,5622,6.7
2025-11-16,05-14,7940296,4508610,8,224,2.8
2025-11-16,15-34,19059537,11256130,13,637,3.3
2025-11-16,35-59,28508100,15120312,26,1362,4.8
2025-11-16,60-79,18749279,5315454,21,1503,8
2025-11-16,80+,6112952,1836386,19,1527,25
2025-11-17,00-04,3988681,1055987,6,350,8.8
2025-11-17,00+,84358845,39125034,56,5639,6.7
2025-11-17,05-14,7940296,4508611,1,224,2.8
2025-11-17,15-34,19059537,11256136,6,638,3.3
2025-11-17,35-59,28508100,15120320,8,1358,4.8
2025-11-17,60-79,18749279,5315473,19,1511,8.1
2025-11-17,80+,6112952,1836402,16,1537,25.1
2025-11-18,00-04,3988681,1056120,133,390,9.8
2025-11-18,00+,84358845,39126617,1583,5789,6.9
2025-11-18,05-14,7940296,4508678,67,254,3.2
2025-11-18,15-34,19059537,11256280,144,625,3.3
2025-11-18,35-59,28508100,15120627,307,1376,4.8
2025-11-18,60-79,18749279,5315937,464,1571,8.4
2025-11-18,80+,6112952,1836864,462,1550,25.4
2025-11-19,00-04,3988681,1056202,82,422,10.6
2025-11-19,00+,84358845,39127823,1206,5914,7
2025-11-19,05-14,7940296,4508751,73,277,3.5
2025-11-19,15-34,19059537,11256422,142,655,3.4
2025-11-19,35-59,28508100,15120933,306,1385,4.9
2025-11-19,60-79,18749279,5316254,317,1605,8.6
2025-11-19,80+,6112952,1837149,285,1552,25.4
2025-11-20,00-04,3988681,1056301,99,450,11.3
2025-11-20,00+,84358845,39128830,1007,5853,6.9
2025-11-20,05-14,7940296,4508804,53,285,3.6
2025-11-20,15-34,19059537,11256536,114,639,3.4
2025-11-20,35-59,28508100,15121187,254,1385,4.9
2025-11-20,60-79,18749279,5316520,266,1589,8.5
2025-11-20,80+,6112952,1837367,218,1485,24.3
2025-11-21,00-04,3988681,1056390,89,473,11.9
2025-11-21,00+,84358845,39129995,1165,5950,7.1
2025-11-21,05-14,7940296,4508870,66,304,3.8
2025-11-21,15-34,19059537,11256674,138,654,3.4
2025-11-21,35-59,28508100,15121504,317,1421,5
2025-11-21,60-79,18749279,5316830,310,1623,8.7
2025-11-21,80+,6112952,1837612,245,1455,23.8
2025-11-22,00-04,3988681,1056453,63,478,12
2025-11-22,00+,84358845,39130866,871,5982,7.1
2025-11-22,05-14,7940296,4508915,45,313,3.9
2025-11-22,15-34,19059537,11256776,102,659,3.5
2025-11-22,35-59,28508100,15121718,214,1432,5
2025-11-22,60-79,18749279,5317075,245,1642,8.8
2025-11-22,80+,6112952,1837813,201,1446,23.7
2025-11-23,00-04,3988681,1056460,7,479,12
2025-11-23,00+,84358845,39130955,89,5977,7.1
2025-11-23,05-14,7940296,4508920,5,310,3.9
2025-11-23,15-34,19059537,11256793,17,663,3.5
2025-11-23,35-59,28508100,15121741,23,1429,5
2025-11-23,60-79,18749279,5317092,17,1638,8.7
2025-11-23,80+,6112952,1837833,20,1447,23.7
2025-11-24,00-04,3988681,1056466,6,479,12
2025-11-24,00+,84358845,39131001,46,5967,7.1
2025-11-24,05-14,7940296,4508921,1,310,3.9
2025-11-24,15-34,19059537,11256795,2,659,3.5
2025-11-24,35-59,28508100,15121747,6,1427,5
2025-11-24,60-79,18749279,5317103,11,1630,8.7
2025-11-24,80+,6112952,1837853,20,1451,23.7
2025-11-25,00-04,3988681,1056624,158,504,12.6
2025-11-25,00+,84358845,39132778,1777,6161,7.3
2025-11-25,05-14,7940296,4509030,109,352,4.4
2025-11-25,15-34,19059537,11256978,183,698,3.7
2025-11-25,35-59,28508100,15122094,347,1467,5.1
2025-11-25,60-79,18749279,5317600,497,1663,8.9
2025-11-25,80+,6112952,1838328,475,1464,23.9
2025-11-26,00-04,3988681,1056712,88,510,12.8
2025-11-26,00+,84358845,39134164,1386,6341,7.5
2025-11-26,05-14,7940296,4509103,73,352,4.4
2025-11-26,15-34,19059537,11257140,162,718,3.8
2025-11-26,35-59,28508100,15122436,342,1503,5.3
2025-11-26,60-79,18749279,5317987,387,1733,9.2
2025-11-26,80+,6112952,1838651,323,1502,24.6
2025-11-27,00-04,3988681,1056816,104,515,12.9
2025-11-27,00+,84358845,39135615,1451,6785,8
2025-11-27,05-14,7940296,4509221,118,417,5.3
2025-11-27,15-34,19059537,11257311,171,775,4.1
2025-11-27,35-59,28508100,15122849,413,1662,5.8
2025-11-27,60-79,18749279,5318338,351,1818,9.7
2025-11-27,80+,6112952,1838944,293,1577,25.8
2025-11-28,00-04,3988681,1056932,116,542,13.6
2025-11-28,00+,84358845,39136949,1334,6954,8.2
2025-11-28,05-14,7940296,4509324,103,454,5.7
2025-11-28,15-34,19059537,11257485,174,811,4.3
2025-11-28,35-59,28508100,15123167,318,1663,5.8
2025-11-28,60-79,18749279,5318686,348,1856,9.9
2025-11-28,80+,6112952,1839218,274,1606,26.3
2025-11-29,00-04,3988681,1057019,87,566,14.2
2025-11-29,00+,84358845,39138098,1149,7232,8.6
2025-11-29,05-14,7940296,4509413,89,498,6.3
2025-11-29,15-34,19059537,11257647,162,871,4.6
2025-11-29,35-59,28508100,15123476,309,1758,6.2
2025-11-29,60-79,18749279,5318936,250,1861,9.9
2025-11-29,80+,6112952,1839469,251,1656,27.1
2025-11-30,00-04,3988681,1057029,10,569,14.3
2025-11-30,00+,84358845,39138201,103,7246,8.6
2025-11-30,05-14,7940296,4509423,10,503,6.3
2025-11-30,15-34,19059537,11257659,12,866,4.5
2025-11-30,35-59,28508100,15123493,17,1752,6.1
2025-11-30,60-79,18749279,5318959,23,1867,10
2025-11-30,80+,6112952,1839500,31,1667,27.3
2025-12-01,00-04,3988681,1057034,5,568,14.2
2025-12-01,00+,84358845,39138251,50,7250,8.6
2025-12-01,05-14,7940296,4509426,3,505,6.4
2025-12-01,15-34,19059537,11257660,1,865,4.5
2025-12-01,35-59,28508100,15123505,12,1758,6.2
2025-12-01,60-79,18749279,5318968,9,1865,9.9
2025-12-01,80+,6112952,1839520,20,1667,27.3
2025-12-02,00-04,3988681,1057243,209,619,15.5
2025-12-02,00+,84358845,39140653,2402,7875,9.3
2025-12-02,05-14,7940296,4509571,145,541,6.8
2025-12-02,15-34,19059537,11257893,233,915,4.8
2025-12-02,35-59,28508100,15124002,497,1908,6.7
2025-12-02,60-79,18749279,5319611,643,2011,10.7
2025-12-02,80+,6112952,1840190,670,1862,30.5
2025-12-03,00-04,3988681,1057423,180,711,17.8
2025-12-03,00+,84358845,39142537,1884,8373,9.9
2025-12-03,05-14,7940296,4509705,134,602,7.6
2025-12-03,15-34,19059537,11258128,235,988,5.2
2025-12-03,35-59,28508100,15124463,461,2027,7.1
2025-12-03,60-79,18749279,5320081,470,2094,11.2
2025-12-03,80+,6112952,1840587,397,1936,31.7
2025-12-04,00-04,3988681,1057552,129,736,18.5
2025-12-04,00+,84358845,39144195,1658,8580,10.2
2025-12-04,05-14,7940296,4509803,98,582,7.3
2025-12-04,15-34,19059537,11258368,240,1057,5.5
2025-12-04,35-59,28508100,15124913,450,2064,7.2
2025-12-04,60-79,18749279,5320473,392,2135,11.4
2025-12-04,80+,6112952,1840935,348,1991,32.6
2025-12-05,00-04,3988681,1057717,165,785,19.7
2025-12-05,00+,84358845,39145942,1747,8993,10.7
2025-12-05,05-14,7940296,4509959,156,635,8
2025-12-05,15-34,19059537,11258623,255,1138,6
2025-12-05,35-59,28508100,15125345,432,2178,7.6
2025-12-05,60-79,18749279,5320861,388,2175,11.6
2025-12-05,80+,6112952,1841286,351,2068,33.8
2025-12-06,00-04,3988681,1057849,132,830,20.8
2025-12-06,00+,84358845,39147341,1399,9243,11
2025-12-06,05-14,7940296,4510053,94,640,8.1
2025-12-06,15-34,19059537,11258816,193,1169,6.1
2025-12-06,35-59,28508100,15125658,313,2182,7.7
2025-12-06,60-79,18749279,5321238,377,2302,12.3
2025-12-06,80+,6112952,1841575,289,2106,34.5
2025-12-07,00-04,3988681,1057860,11,831,20.8
2025-12-07,00+,84358845,39147464,123,9263,11
2025-12-07,05-14,7940296,4510057,4,634,8
2025-12-07,15-34,19059537,11258833,17,1174,6.2
2025-12-07,35-59,28508100,15125684,26,2191,7.7
2025-12-07,60-79,18749279,5321275,37,2316,12.4
2025-12-07,80+,6112952,1841603,28,2103,34.4
2025-12-08,00-04,3988681,1057866,6,832,20.9
2025-12-08,00+,84358845,39147540,76,9289,11
2025-12-08,05-14,7940296,4510058,1,632,8
2025-12-08,15-34,19059537,11258841,8,1181,6.2
2025-12-08,35-59,28508100,15125701,17,2196,7.7
2025-12-08,60-79,18749279,5321290,15,2322,12.4
2025-12-08,80+,6112952,1841632,29,2112,34.5
2025-12-09,00-04,3988681,1058156,290,913,22.9
2025-12-09,00+,84358845,39150319,2779,9666,11.5
2025-12-09,05-14,7940296,4510242,184,671,8.5
2025-12-09,15-34,19059537,11259128,287,1235,6.5
2025-12-09,35-59,28508100,15126352,651,2350,8.2
2025-12-09,60-79,18749279,5322032,742,2421,12.9
2025-12-09,80+,6112952,1842254,622,2064,33.8
2025-12-10,00-04,3988681,1058354,198,931,23.3
2025-12-10,00+,84358845,39152454,2135,9917,11.8
2025-12-10,05-14,7940296,4510393,151,688,8.7
2025-12-10,15-34,19059537,11259403,275,1275,6.7
2025-12-10,35-59,28508100,15126911,559,2448,8.6
2025-12-10,60-79,18749279,5322582,550,2501,13.3
2025-12-10,80+,6112952,1842652,398,2065,33.8
2025-12-11,00-04,3988681,1058542,188,990,24.8
2025-12-11,00+,84358845,39154511,2057,10316,12.2
2025-12-11,05-14,7940296,4510580,187,777,9.8
2025-12-11,15-34,19059537,11259682,279,1314,6.9
2025-12-11,35-59,28508100,15127458,547,2545,8.9
2025-12-11,60-79,18749279,5323024,442,2551,13.6
2025-12-11,80+,6112952,1843059,407,2124,34.7
2025-12-12,00-04,3988681,1058759,217,1042,26.1
2025-12-12,00+,84358845,39156594,2083,10652,12.6
2025-12-12,05-14,7940296,4510737,157,778,9.8
2025-12-12,15-34,19059537,11259965,283,1342,7
2025-12-12,35-59,28508100,15127961,503,2616,9.2
2025-12-12,60-79,18749279,5323508,484,2647,14.1
2025-12-12,80+,6112952,1843472,413,2186,35.8
2025-12-13,00-04,3988681,1058919,160,1070,26.8
2025-12-13,00+,84358845,39158141,1547,10800,12.8
2025-12-13,05-14,7940296,4510870,133,817,10.3
2025-12-13,15-34,19059537,11260168,203,1352,7.1
2025-12-13,35-59,28508100,15128317,356,2659,9.3
2025-12-13,60-79,18749279,5323870,362,2632,14
2025-12-13,80+,6112952,1843800,328,2225,36.4
2025-12-14,00-04,3988681,1058932,13,1072,26.9
2025-12-14,00+,84358845,39158261,120,10797,12.8
2025-12-14,05-14,7940296,4510880,10,823,10.4
2025-12-14,15-34,19059537,11260193,25,1360,7.1
2025-12-14,35-59,28508100,15128340,23,2656,9.3
2025-12-14,60-79,18749279,5323894,24,2619,14
2025-12-14,80+,6112952,1843825,25,2222,36.3
2025-12-15,00-04,3988681,1058942,10,1076,27
2025-12-15,00+,84358845,39158338,77,10798,12.8
2025-12-15,05-14,7940296,4510882,2,824,10.4
2025-12-15,15-34,19059537,11260198,5,1357,7.1
2025-12-15,35-59,28508100,15128353,13,2652,9.3
2025-12-15,60-79,18749279,5323922,28,2632,14
2025-12-15,80+,6112952,1843844,19,2212,36.2
2025-12-16,00-04,3988681,1059230,288,1074,26.9
2025-12-16,00+,84358845,39160886,2548,10567,12.5
2025-12-16,05-14,7940296,4511034,152,792,10
2025-12-16,15-34,19059537,11260469,271,1341,7
2025-12-16,35-59,28508100,15128890,537,2538,8.9
2025-12-16,60-79,18749279,5324585,663,2553,13.6
2025-12-16,80+,6112952,1844474,630,2220,36.3
2025-12-17,00-04,3988681,1059379,149,1025,25.7
2025-12-17,00+,84358845,39162720,1834,10266,12.2
2025-12-17,05-14,7940296,4511168,134,775,9.8
2025-12-17,15-34,19059537,11260708,239,1305,6.8
2025-12-17,35-59,28508100,15129340,450,2429,8.5
2025-12-17,60-79,18749279,5325051,466,2469,13.2
2025-12-17,80+,6112952,1844870,396,2218,36.3
2025-12-18,00-04,3988681,1059567,188,1025,25.7
2025-12-18,00+,84358845,39164322,1602,9811,11.6
2025-12-18,05-14,7940296,4511289,121,709,8.9
2025-12-18,15-34,19059537,11260930,222,1248,6.5
2025-12-18,35-59,28508100,15129712,372,2254,7.9
2025-12-18,60-79,18749279,5325426,375,2402,12.8
2025-12-18,80+,6112952,1845193,323,2134,34.9
2025-12-19,00-04,3988681,1059701,134,942,23.6
2025-12-19,00+,84358845,39165755,1433,9161,10.9
2025-12-19,05-14,7940296,4511389,100,652,8.2
2025-12-19,15-34,19059537,11261115,185,1150,6
2025-12-19,35-59,28508100,15130022,310,2061,7.2
2025-12-19,60-79,18749279,5325813,387,2305,12.3
2025-12-19,80+,6112952,1845500,307,2028,33.2
2025-12-20,00-04,3988681,1059825,124,906,22.7
2025-12-20,00+,84358845,39166870,1115,8729,10.3
2025-12-20,05-14,7940296,4511457,68,587,7.4
2025-12-20,15-34,19059537,11261231,116,1063,5.6
2025-12-20,35-59,28508100,15130260,238,1943,6.8
2025-12-20,60-79,18749279,5326103,290,2233,11.9
2025-12-20,80+,6112952,1845771,271,1971,32.2
2025-12-21,00-04,3988681,1059835,10,903,22.6
2025-12-21,00+,84358845,39166990,120,8729,10.3
2025-12-21,05-14,7940296,4511468,11,588,7.4
2025-12-21,15-34,19059537,11261241,10,1048,5.5
2025-12-21,35-59,28508100,15130284,24,1944,6.8
2025-12-21,60-79,18749279,5326134,31,2240,11.9
2025-12-21,80+,6112952,1845805,34,1980,32.4
2025-12-22,00-04,3988681,1059843,8,901,22.6
2025-12-22,00+,84358845,39167040,50,8702,10.3
2025-12-22,05-14,7940296,4511473,5,591,7.4
2025-12-22,15-34,19059537,11261244,3,1046,5.5
2025-12-22,35-59,28508100,15130287,3,1934,6.8
2025-12-22,60-79,18749279,5326146,12,2224,11.9
2025-12-22,80+,6112952,1845824,19,1980,32.4
2025-12-23,00-04,3988681,1060060,217,830,20.8
2025-12-23,00+,84358845,39169061,2021,8175,9.7
2025-12-23,05-14,7940296,4511580,107,546,6.9
2025-12-23,15-34,19059537,11261415,171,946,5
2025-12-23,35-59,28508100,15130660,373,1770,6.2
2025-12-23,60-79,18749279,5326686,540,2101,11.2
2025-12-23,80+,6112952,1846432,608,1958,32
2025-12-24,00-04,3988681,1060195,135,816,20.5
2025-12-24,00+,84358845,39170398,1337,7678,9.1
2025-12-24,05-14,7940296,4511639,59,471,5.9
2025-12-24,15-34,19059537,11261522,107,814,4.3
2025-12-24,35-59,28508100,15130901,241,1561,5.5
2025-12-24,60-79,18749279,5327082,396,2031,10.8
2025-12-24,80+,6112952,1846830,398,1960,32.1
2025-12-25,00-04,3988681,1060198,3,631,15.8
2025-12-25,00+,84358845,39170487,89,6165,7.3
2025-12-25,05-14,7940296,4511641,2,352,4.4
2025-12-25,15-34,19059537,11261528,6,598,3.1
2025-12-25,35-59,28508100,15130915,14,1203,4.2
2025-12-25,60-79,18749279,5327110,28,1684,9
2025-12-25,80+,6112952,1846865,35,1672,27.4
2025-12-26,00-04,3988681,1060212,14,511,12.8
2025-12-26,00+,84358845,39170589,102,4834,5.7
2025-12-26,05-14,7940296,4511645,4,256,3.2
2025-12-26,15-34,19059537,11261538,10,423,2.2
2025-12-26,35-59,28508100,15130925,10,903,3.2
2025-12-26,60-79,18749279,5327146,36,1333,7.1
2025-12-26,80+,6112952,1846891,26,1391,22.8
2025-12-27,00-04,3988681,1060225,13,400,10
2025-12-27,00+,84358845,39170666,77,3796,4.5
2025-12-27,05-14,7940296,4511647,2,190,2.4
2025-12-27,15-34,19059537,11261541,3,310,1.6
2025-12-27,35-59,28508100,15130931,6,671,2.4
2025-12-27,60-79,18749279,5327169,23,1066,5.7
2025-12-27,80+,6112952,1846921,30,1150,18.8
2025-12-28,00-04,3988681,1060234,9,399,10
2025-12-28,00+,84358845,39170766,100,3776,4.5
2025-12-28,05-14,7940296,4511648,1,180,2.3
2025-12-28,15-34,19059537,11261550,9,309,1.6
2025-12-28,35-59,28508100,15130945,14,661,2.3
2025-12-28,60-79,18749279,5327196,27,1062,5.7
2025-12-28,80+,6112952,1846961,40,1156,18.9
2025-12-29,00-04,3988681,1060249,15,406,10.2
2025-12-29,00+,84358845,39170846,80,3806,4.5
2025-12-29,05-14,7940296,4511649,1,176,2.2
2025-12-29,15-34,19059537,11261555,5,311,1.6
2025-12-29,35-59,28508100,15130950,5,663,2.3
2025-12-29,60-79,18749279,5327222,26,1076,5.7
2025-12-29,80+,6112952,1846989,28,1165,19.1
2025-12-30,00-04,3988681,1060478,229,418,10.5
2025-12-30,00+,84358845,39173009,2163,3948,4.7
2025-12-30,05-14,7940296,4511690,41,110,1.4
2025-12-30,15-34,19059537,11261671,116,256,1.3
2025-12-30,35-59,28508100,15131224,274,564,2
2025-12-30,60-79,18749279,5327900,678,1214,6.5
2025-12-30,80+,6112952,1847813,824,1381,22.6
2025-12-31,00-04,3988681,1060566,88,371,9.3
2025-12-31,00+,84358845,39174078,1069,3680,4.4
2025-12-31,05-14,7940296,4511718,28,79,1
2025-12-31,15-34,19059537,11261759,88,237,1.2
2025-12-31,35-59,28508100,15131392,168,491,1.7
2025-12-31,60-79,18749279,5328211,311,1129,6
2025-12-31,80+,6112952,1848197,384,1367,22.4
2026-01-01,00-04,3988681,1060575,9,377,9.5
2026-01-01,00+,84358845,39174182,104,3695,4.4
2026-01-01,05-14,7940296,4511720,2,79,1
2026-01-01,15-34,19059537,11261766,7,238,1.2
2026-01-01,35-59,28508100,15131408,16,493,1.7
2026-01-01,60-79,18749279,5328253,42,1143,6.1
2026-01-01,80+,6112952,1848225,28,1360,22.2
2026-01-02,00-04,3988681,1060585,10,373,9.4
2026-01-02,00+,84358845,39174253,71,3664,4.3
2026-01-02,05-14,7940296,4511722,2,77,1
2026-01-02,15-34,19059537,11261770,4,232,1.2
2026-01-02,35-59,28508100,15131415,7,490,1.7
2026-01-02,60-79,18749279,5328277,24,1131,6
2026-01-02,80+,6112952,1848249,24,1358,22.2
2026-01-03,00-04,3988681,1060670,85,445,11.2
2026-01-03,00+,84358845,39175252,999,4586,5.4
2026-01-03,05-14,7940296,4511734,12,87,1.1
2026-01-03,15-34,19059537,11261832,62,291,1.5
2026-01-03,35-59,28508100,15131572,157,641,2.2
2026-01-03,60-79,18749279,5328575,298,1406,7.5
2026-01-03,80+,6112952,1848633,384,1712,28
2026-01-04,00-04,3988681,1060672,2,438,11
2026-01-04,00+,84358845,39175318,66,4552,5.4
2026-01-04,05-14,7940296,4511735,1,87,1.1
2026-01-04,15-34,19059537,11261835,3,285,1.5
2026-01-04,35-59,28508100,15131585,13,640,2.2
2026-01-04,60-79,18749279,5328599,24,1403,7.5
2026-01-04,80+,6112952,1848656,23,1695,27.7
2026-01-05,00-04,3988681,1060682,10,433,10.9
2026-01-05,00+,84358845,39175387,69,4541,5.4
2026-01-05,05-14,7940296,4511735,0,86,1.1
2026-01-05,15-34,19059537,11261839,4,284,1.5
2026-01-05,35-59,28508100,15131597,12,647,2.3
2026-01-05,60-79,18749279,5328616,17,1394,7.4
2026-01-05,80+,6112952,1848682,26,1693,27.7
2026-01-06,00-04,3988681,1060816,134,338,8.5
2026-01-06,00+,84358845,39177162,1775,4153,4.9
2026-01-06,05-14,7940296,4511756,21,66,0.8
2026-01-06,15-34,19059537,11261973,134,302,1.6
2026-01-06,35-59,28508100,15131847,250,623,2.2
2026-01-06,60-79,18749279,5329188,572,1288,6.9
2026-01-06,80+,6112952,1849342,660,1529,25
2026-01-07,00-04,3988681,1060869,53,303,7.6
2026-01-07,00+,84358845,39177971,809,3893,4.6
2026-01-07,05-14,7940296,4511768,12,50,0.6
2026-01-07,15-34,19059537,11262056,83,297,1.6
2026-01-07,35-59,28508100,15131991,144,599,2.1
2026-01-07,60-79,18749279,5329443,255,1232,6.6
2026-01-07,80+,6112952,1849604,262,1407,23
2026-01-08,00-04,3988681,1060931,62,356,8.9
2026-01-08,00+,84358845,39179030,1059,4848,5.7
2026-01-08,05-14,7940296,4511783,15,63,0.8
2026-01-08,15-34,19059537,11262140,84,374,2
2026-01-08,35-59,28508100,15132189,198,781,2.7
2026-01-08,60-79,18749279,5329802,359,1549,8.3
2026-01-08,80+,6112952,1849945,341,1720,28.1
2026-01-09,00-04,3988681,1060984,53,399,10
2026-01-09,00+,84358845,39179883,853,5630,6.7
2026-01-09,05-14,7940296,4511802,19,80,1
2026-01-09,15-34,19059537,11262230,90,460,2.4
2026-01-09,35-59,28508100,15132343,154,928,3.3
2026-01-09,60-79,18749279,5330069,267,1792,9.6
2026-01-09,80+,6112952,1850211,266,1962,32.1
2026-01-10,00-04,3988681,1061020,36,350,8.8
2026-01-10,00+,84358845,39180466,583,5214,6.2
2026-01-10,05-14,7940296,4511814,12,80,1
2026-01-10,15-34,19059537,11262296,66,464,2.4
2026-01-10,35-59,28508100,15132463,120,891,3.1
2026-01-10,60-79,18749279,5330228,159,1653,8.8
2026-01-10,80+,6112952,1850398,187,1765,28.9
2026-01-11,00-04,3988681,1061021,1,349,8.7
2026-01-11,00+,84358845,39180519,53,5201,6.2
2026-01-11,05-14,7940296,4511815,1,80,1
2026-01-11,15-34,19059537,11262299,3,464,2.4
2026-01-11,35-59,28508100,15132471,8,886,3.1
2026-01-11,60-79,18749279,5330247,19,1648,8.8
2026-01-11,80+,6112952,1850419,21,1763,28.8
2026-01-12,00-04,3988681,1061021,0,339,8.5
2026-01-12,00+,84358845,39180542,23,5155,6.1
2026-01-12,05-14,7940296,4511816,1,81,1
2026-01-12,15-34,19059537,11262301,2,462,2.4
2026-01-12,35-59,28508100,15132474,3,877,3.1
2026-01-12,60-79,18749279,5330255,8,1639,8.7
2026-01-12,80+,6112952,1850428,9,1746,28.6
2026-01-13,00-04,3988681,1061097,76,281,7
2026-01-13,00+,84358845,39181641,1099,4479,5.3
2026-01-13,05-14,7940296,4511837,21,81,1
2026-01-13,15-34,19059537,11262392,91,419,2.2
2026-01-13,35-59,28508100,15132650,176,803,2.8
2026-01-13,60-79,18749279,5330601,346,1413,7.5
2026-01-13,80+,6112952,1850810,382,1468,24
2026-01-14,00-04,3988681,1061152,55,283,7.1
2026-01-14,00+,84358845,39182431,790,4460,5.3
2026-01-14,05-14,7940296,4511843,6,75,0.9
2026-01-14,15-34,19059537,11262466,74,410,2.2
2026-01-14,35-59,28508100,15132820,170,829,2.9
2026-01-14,60-79,18749279,5330821,220,1378,7.3
2026-01-14,80+,6112952,1851073,263,1469,24
2026-01-15,00-04,3988681,1061194,42,263,6.6
2026-01-15,00+,84358845,39183019,588,3989,4.7
2026-01-15,05-14,7940296,4511854,11,71,0.9
2026-01-15,15-34,19059537,11262531,65,391,2.1
2026-01-15,35-59,28508100,15132936,116,747,2.6
2026-01-15,60-79,18749279,5331005,184,1203,6.4
2026-01-15,80+,6112952,1851243,170,1298,21.2
2026-01-16,00-04,3988681,1061232,38,248,6.2
2026-01-16,00+,84358845,39183616,597,3733,4.4
2026-01-16,05-14,7940296,4511876,22,74,0.9
2026-01-16,15-34,19059537,11262575,44,345,1.8
2026-01-16,35-59,28508100,15133066,130,723,2.5
2026-01-16,60-79,18749279,5331185,180,1116,6
2026-01-16,80+,6112952,1851425,182,1214,19.9
2026-01-17,00-04,3988681,1061265,33,245,6.1
2026-01-17,00+,84358845,39184055,439,3589,4.3
2026-01-17,05-14,7940296,4511886,10,72,0.9
2026-01-17,15-34,19059537,11262612,37,316,1.7
2026-01-17,35-59,28508100,15133150,84,687,2.4
2026-01-17,60-79,18749279,5331305,120,1077,5.7
2026-01-17,80+,6112952,1851576,151,1178,19.3
2026-01-18,00-04,3988681,1061267,2,246,6.2
2026-01-18,00+,84358845,39184100,45,3581,4.2
2026-01-18,05-14,7940296,4511889,3,74,0.9
2026-01-18,15-34,19059537,11262616,4,317,1.7
2026-01-18,35-59,28508100,15133159,9,688,2.4
2026-01-18,60-79,18749279,5331315,10,1068,5.7
2026-01-18,80+,6112952,1851593,17,1174,19.2
2026-01-19,00-04,3988681,1061269,2,248,6.2
2026-01-19,00+,84358845,39184119,19,3577,4.2
2026-01-19,05-14,7940296,4511889,0,73,0.9
2026-01-19,15-34,19059537,11262616,0,315,1.7
2026-01-19,35-59,28508100,15133162,3,688,2.4
2026-01-19,60-79,18749279,5331322,7,1067,5.7
2026-01-19,80+,6112952,1851600,7,1172,19.2
2026-01-20,00-04,3988681,1061339,70,242,6.1
2026-01-20,00+,84358845,39184992,873,3351,4
2026-01-20,05-14,7940296,4511907,18,70,0.9
2026-01-20,15-34,19059537,11262676,60,284,1.5
2026-01-20,35-59,28508100,15133307,145,657,2.3
2026-01-20,60-79,18749279,5331577,255,976,5.2
2026-01-20,80+,6112952,1851921,321,1111,18.2
2026-01-21,00-04,3988681,1061399,60,247,6.2
2026-01-21,00+,84358845,39185574,582,3143,3.7
2026-01-21,05-14,7940296,4511919,12,76,1
2026-01-21,15-34,19059537,11262720,44,254,1.3
2026-01-21,35-59,28508100,15133418,111,598,2.1
2026-01-21,60-79,18749279,5331745,168,924,4.9
2026-01-21,80+,6112952,1852108,187,1035,16.9
2026-01-22,00-04,3988681,1061439,40,245,6.1
2026-01-22,00+,84358845,39186076,502,3057,3.6
2026-01-22,05-14,7940296,4511934,15,80,1
2026-01-22,15-34,19059537,11262770,50,239,1.3
2026-01-22,35-59,28508100,15133528,110,592,2.1
2026-01-22,60-79,18749279,5331875,130,870,4.6
2026-01-22,80+,6112952,1852263,155,1020,16.7
2026-01-23,00-04,3988681,1061475,36,243,6.1
2026-01-23,00+,84358845,39186508,432,2892,3.4
2026-01-23,05-14,7940296,4511951,17,75,0.9
2026-01-23,15-34,19059537,11262815,45,240,1.3
2026-01-23,35-59,28508100,15133612,84,546,1.9
2026-01-23,60-79,18749279,5331983,108,798,4.3
2026-01-23,80+,6112952,1852405,142,980,16
2026-01-24,00-04,3988681,1061504,29,239,6
2026-01-24,00+,84358845,39186924,416,2869,3.4
2026-01-24,05-14,7940296,4511968,17,82,1
2026-01-24,15-34,19059537,11262854,39,242,1.3
2026-01-24,35-59,28508100,15133709,97,559,2
2026-01-24,60-79,18749279,5332095,112,790,4.2
2026-01-24,80+,6112952,1852525,120,949,15.5
2026-01-25,00-04,3988681,1061508,4,241,6
2026-01-25,00+,84358845,39186958,34,2858,3.4
2026-01-25,05-14,7940296,4511969,1,80,1
2026-01-25,15-34,19059537,11262856,2,240,1.3
2026-01-25,35-59,28508100,15133713,4,554,1.9
2026-01-25,60-79,18749279,5332108,13,793,4.2
2026-01-25,80+,6112952,1852535,10,942,15.4
2026-01-26,00-04,3988681,1061510,2,241,6
2026-01-26,00+,84358845,39186981,23,2862,3.4
2026-01-26,05-14,7940296,4511969,0,80,1
2026-01-26,15-34,19059537,11262859,3,243,1.3
2026-01-26,35-59,28508100,15133715,2,553,1.9
2026-01-26,60-79,18749279,5332116,8,794,4.2
2026-01-26,80+,6112952,1852543,8,943,15.4
2026-01-27,00-04,3988681,1061565,55,226,5.7
2026-01-27,00+,84358845,39187712,731,2720,3.2
2026-01-27,05-14,7940296,4511989,20,82,1
2026-01-27,15-34,19059537,11262915,56,239,1.3
2026-01-27,35-59,28508100,15133842,127,535,1.9
2026-01-27,60-79,18749279,5332340,224,763,4.1
2026-01-27,80+,6112952,1852790,247,869,14.2
2026-01-28,00-04,3988681,1061609,44,210,5.3
2026-01-28,00+,84358845,39188217,505,2643,3.1
2026-01-28,05-14,7940296,4512005,16,86,1.1
2026-01-28,15-34,19059537,11262966,51,246,1.3
2026-01-28,35-59,28508100,15133936,94,518,1.8
2026-01-28,60-79,18749279,5332501,161,756,4
2026-01-28,80+,6112952,1852929,139,821,13.4
2026-01-29,00-04,3988681,1061657,48,218,5.5
2026-01-29,00+,84358845,39188760,543,2684,3.2
2026-01-29,05-14,7940296,4512029,24,95,1.2
2026-01-29,15-34,19059537,11263032,66,262,1.4
2026-01-29,35-59,28508100,15134047,111,519,1.8
2026-01-29,60-79,18749279,5332635,134,760,4.1
2026-01-29,80+,6112952,1853085,156,822,13.4
2026-01-30,00-04,3988681,1061708,51,233,5.8
2026-01-30,00+,84358845,39189242,482,2734,3.2
2026-01-30,05-14,7940296,4512046,17,95,1.2
2026-01-30,15-34,19059537,11263082,50,267,1.4
2026-01-30,35-59,28508100,15134146,99,534,1.9
2026-01-30,60-79,18749279,5332776,141,793,4.2
2026-01-30,80+,6112952,1853208,123,803,13.1
2026-01-31,00-04,3988681,1061744,36,240,6
2026-01-31,00+,84358845,39189627,385,2703,3.2
2026-01-31,05-14,7940296,4512062,16,94,1.2
2026-01-31,15-34,19059537,11263116,34,262,1.4
2026-01-31,35-59,28508100,15134212,66,503,1.8
2026-01-31,60-79,18749279,5332890,114,795,4.2
2026-01-31,80+,6112952,1853327,119,802,13.1
2026-02-01,00-04,3988681,1061746,2,238,6
2026-02-01,00+,84358845,39189671,44,2713,3.2
2026-02-01,05-14,7940296,4512062,0,93,1.2
2026-02-01,15-34,19059537,11263121,5,265,1.4
2026-02-01,35-59,28508100,15134223,11,510,1.8
2026-02-01,60-79,18749279,5332901,11,793,4.2
2026-02-01,80+,6112952,1853342,15,807,13.2
2026-02-02,00-04,3988681,1061748,2,238,6
2026-02-02,00+,84358845,39189685,14,2704,3.2
2026-02-02,05-14,7940296,4512062,0,93,1.2
2026-02-02,15-34,19059537,11263121,0,262,1.4
2026-02-02,35-59,28508100,15134226,3,511,1.8
2026-02-02,60-79,18749279,5332903,2,787,4.2
2026-02-02,80+,6112952,1853349,7,806,13.2
2026-02-03,00-04,3988681,1061803,55,238,6
2026-02-03,00+,84358845,39190378,693,2666,3.2
2026-02-03,05-14,7940296,4512083,21,94,1.2
2026-02-03,15-34,19059537,11263178,57,263,1.4
2026-02-03,35-59,28508100,15134328,102,486,1.7
2026-02-03,60-79,18749279,5333125,222,785,4.2
2026-02-03,80+,6112952,1853585,236,795,13
2026-02-04,00-04,3988681,1061831,28,222,5.6
2026-02-04,00+,84358845,39190859,481,2642,3.1
2026-02-04,05-14,7940296,4512101,18,96,1.2
2026-02-04,15-34,19059537,11263220,42,254,1.3
2026-02-04,35-59,28508100,15134437,109,501,1.8
2026-02-04,60-79,18749279,5333266,141,765,4.1
2026-02-04,80+,6112952,1853726,141,797,13
2026-02-05,00-04,3988681,1061869,38,212,5.3
2026-02-05,00+,84358845,39191283,424,2523,3
2026-02-05,05-14,7940296,4512115,14,86,1.1
2026-02-05,15-34,19059537,11263275,55,243,1.3
2026-02-05,35-59,28508100,15134525,88,478,1.7
2026-02-05,60-79,18749279,5333390,124,755,4
2026-02-05,80+,6112952,1853831,105,746,12.2
2026-02-06,00-04,3988681,1061890,21,182,4.6
2026-02-06,00+,84358845,39191654,371,2412,2.9
2026-02-06,05-14,7940296,4512128,13,82,1
2026-02-06,15-34,19059537,11263311,36,229,1.2
2026-02-06,35-59,28508100,15134606,81,460,1.6
2026-02-06,60-79,18749279,5333506,116,730,3.9
2026-02-06,80+,6112952,1853935,104,727,11.9
2026-02-07,00-04,3988681,1061918,28,174,4.4
2026-02-07,00+,84358845,39191971,317,2344,2.8
2026-02-07,05-14,7940296,4512135,7,73,0.9
2026-02-07,15-34,19059537,11263340,29,224,1.2
2026-02-07,35-59,28508100,15134662,56,450,1.6
2026-02-07,60-79,18749279,5333599,93,709,3.8
2026-02-07,80+,6112952,1854039,104,712,11.6
2026-02-08,00-04,3988681,1061921,3,175,4.4
2026-02-08,00+,84358845,39191996,25,2325,2.8
2026-02-08,05-14,7940296,4512136,1,74,0.9
2026-02-08,15-34,19059537,11263342,2,221,1.2
2026-02-08,35-59,28508100,15134668,6,445,1.6
2026-02-08,60-79,18749279,5333604,5,703,3.7
2026-02-08,80+,6112952,1854047,8,705,11.5
2026-02-09,00-04,3988681,1061922,1,174,4.4
2026-02-09,00+,84358845,39192009,13,2324,2.8
2026-02-09,05-14,7940296,4512137,1,75,0.9
2026-02-09,15-34,19059537,11263342,0,221,1.2
2026-02-09,35-59,28508100,15134671,3,445,1.6
2026-02-09,60-79,18749279,5333609,5,706,3.8
2026-02-09,80+,6112952,1854050,3,701,11.5
2026-02-10,00-04,3988681,1061965,43,162,4.1
2026-02-10,00+,84358845,39192539,530,2161,2.6
2026-02-10,05-14,7940296,4512150,13,67,0.8
2026-02-10,15-34,19059537,11263376,34,198,1
2026-02-10,35-59,28508100,15134756,85,428,1.5
2026-02-10,60-79,18749279,5333781,172,656,3.5
2026-02-10,80+,6112952,1854232,182,647,10.6
2026-02-11,00-04,3988681,1061989,24,158,4
2026-02-11,00+,84358845,39192882,343,2023,2.4
2026-02-11,05-14,7940296,4512159,9,58,0.7
2026-02-11,15-34,19059537,11263398,22,178,0.9
2026-02-11,35-59,28508100,15134831,75,394,1.4
2026-02-11,60-79,18749279,5333889,108,623,3.3
2026-02-11,80+,6112952,1854337,105,611,10
2026-02-12,00-04,3988681,1062018,29,149,3.7
2026-02-12,00+,84358845,39193230,348,1947,2.3
2026-02-12,05-14,7940296,4512175,16,60,0.8
2026-02-12,15-34,19059537,11263436,38,161,0.8
2026-02-12,35-59,28508100,15134899,68,374,1.3
2026-02-12,60-79,18749279,5333998,109,608,3.2
2026-02-12,80+,6112952,1854424,87,593,9.7
2026-02-13,00-04,3988681,1062038,20,148,3.7
2026-02-13,00+,84358845,39193540,310,1886,2.2
2026-02-13,05-14,7940296,4512185,10,57,0.7
2026-02-13,15-34,19059537,11263466,30,155,0.8
2026-02-13,35-59,28508100,15134945,46,339,1.2
2026-02-13,60-79,18749279,5334097,99,591,3.2
2026-02-13,80+,6112952,1854529,105,594,9.7
2026-02-14,00-04,3988681,1062062,24,144,3.6
2026-02-14,00+,84358845,39193807,267,1836,2.2
2026-02-14,05-14,7940296,4512192,7,57,0.7
2026-02-14,15-34,19059537,11263490,24,150,0.8
2026-02-14,35-59,28508100,15134984,39,322,1.1
2026-02-14,60-79,18749279,5334182,85,583,3.1
2026-02-14,80+,6112952,1854617,88,578,9.5
2026-02-15,00-04,3988681,1062062,0,141,3.5
2026-02-15,00+,84358845,39193824,17,1828,2.2
2026-02-15,05-14,7940296,4512192,0,56,0.7
2026-02-15,15-34,19059537,11263491,1,149,0.8
2026-02-15,35-59,28508100,15134988,4,320,1.1
2026-02-15,60-79,18749279,5334187,5,583,3.1
2026-02-15,80+,6112952,1854624,7,577,9.4
2026-02-16,00-04,3988681,1062063,1,141,3.5
2026-02-16,00+,84358845,39193849,25,1840,2.2
2026-02-16,05-14,7940296,4512192,0,55,0.7
2026-02-16,15-34,19059537,11263493,2,151,0.8
2026-02-16,35-59,28508100,15134993,5,322,1.1
2026-02-16,60-79,18749279,5334192,5,583,3.1
2026-02-16,80+,6112952,1854636,12,586,9.6
2026-02-17,00-04,3988681,1062085,22,120,3
2026-02-17,00+,84358845,39194213,364,1674,2
2026-02-17,05-14,7940296,4512205,13,55,0.7
2026-02-17,15-34,19059537,11263515,22,139,0.7
2026-02-17,35-59,28508100,15135049,56,293,1
2026-02-17,60-79,18749279,5334325,133,544,2.9
2026-02-17,80+,6112952,1854753,117,521,8.5
2026-02-18,00-04,3988681,1062106,21,117,2.9
2026-02-18,00+,84358845,39194557,344,1675,2
2026-02-18,05-14,7940296,4512212,7,53,0.7
2026-02-18,15-34,19059537,11263540,25,142,0.7
2026-02-18,35-59,28508100,15135107,58,276,1
2026-02-18,60-79,18749279,5334447,122,558,3
2026-02-18,80+,6112952,1854861,108,524,8.6
2026-02-19,00-04,3988681,1062128,22,110,2.8
2026-02-19,00+,84358845,39194826,269,1596,1.9
2026-02-19,05-14,7940296,4512219,7,44,0.6
2026-02-19,15-34,19059537,11263571,31,135,0.7
2026-02-19,35-59,28508100,15135168,61,269,0.9
2026-02-19,60-79,18749279,5334529,82,531,2.8
2026-02-19,80+,6112952,1854927,66,503,8.2
2026-02-20,00-04,3988681,1062143,15,105,2.6
2026-02-20,00+,84358845,39195074,248,1534,1.8
2026-02-20,05-14,7940296,4512220,1,35,0.4
2026-02-20,15-34,19059537,11263597,26,131,0.7
2026-02-20,35-59,28508100,15135219,51,274,1
2026-02-20,60-79,18749279,5334611,82,514,2.7
2026-02-20,80+,6112952,1854999,72,470,7.7
2026-02-21,00-04,3988681,1062162,19,100,2.5
2026-02-21,00+,84358845,39195267,193,1460,1.7
2026-02-21,05-14,7940296,4512223,3,31,0.4
2026-02-21,15-34,19059537,11263620,23,130,0.7
2026-02-21,35-59,28508100,15135261,42,277,1
2026-02-21,60-79,18749279,5334666,55,484,2.6
2026-02-21,80+,6112952,1855049,50,432,7.1
2026-02-22,00-04,3988681,1062163,1,101,2.5
2026-02-22,00+,84358845,39195278,11,1454,1.7
2026-02-22,05-14,7940296,4512223,0,31,0.4
2026-02-22,15-34,19059537,11263624,4,133,0.7
2026-02-22,35-59,28508100,15135262,1,274,1
2026-02-22,60-79,18749279,5334670,4,483,2.6
2026-02-22,80+,6112952,1855050,1,426,7
2026-02-23,00-04,3988681,1062164,1,101,2.5
2026-02-23,00+,84358845,39195286,8,1437,1.7
2026-02-23,05-14,7940296,4512223,0,31,0.4
2026-02-23,15-34,19059537,11263625,1,132,0.7
2026-02-23,35-59,28508100,15135264,2,271,1
2026-02-23,60-79,18749279,5334673,3,481,2.6
2026-02-23,80+,6112952,1855051,1,415,6.8
2026-02-24,00-04,3988681,1062185,21,100,2.5
2026-02-24,00+,84358845,39195630,344,1417,1.7
2026-02-24,05-14,7940296,4512228,5,23,0.3
2026-02-24,15-34,19059537,11263652,27,137,0.7
2026-02-24,35-59,28508100,15135308,44,259,0.9
2026-02-24,60-79,18749279,5334790,117,465,2.5
2026-02-24,80+,6112952,1855181,130,428,7
2026-02-25,00-04,3988681,1062201,16,95,2.4
2026-02-25,00+,84358845,39195854,224,1297,1.5
2026-02-25,05-14,7940296,4512233,5,21,0.3
2026-02-25,15-34,19059537,11263662,10,122,0.6
2026-02-25,35-59,28508100,15135350,42,243,0.9
2026-02-25,60-79,18749279,5334872,82,425,2.3
2026-02-25,80+,6112952,1855249,68,388,6.3
2026-02-26,00-04,3988681,1062209,8,81,2
2026-02-26,00+,84358845,39196066,212,1240,1.5
2026-02-26,05-14,7940296,4512238,5,19,0.2
2026-02-26,15-34,19059537,11263690,28,119,0.6
2026-02-26,35-59,28508100,15135394,44,226,0.8
2026-02-26,60-79,18749279,5334934,62,405,2.2
2026-02-26,80+,6112952,1855314,65,387,6.3
2026-02-27,00-04,3988681,1062224,15,81,2
2026-02-27,00+,84358845,39196246,180,1172,1.4
2026-02-27,05-14,7940296,4512242,4,22,0.3
2026-02-27,15-34,19059537,11263709,19,112,0.6
2026-02-27,35-59,28508100,15135432,38,213,0.7
2026-02-27,60-79,18749279,5334986,52,375,2
2026-02-27,80+,6112952,1855366,52,367,6
2026-02-28,00-04,3988681,1062229,5,67,1.7
2026-02-28,00+,84358845,39196378,132,1111,1.3
2026-02-28,05-14,7940296,4512244,2,21,0.3
2026-02-28,15-34,19059537,11263722,13,102,0.5
2026-02-28,35-59,28508100,15135468,36,207,0.7
2026-02-28,60-79,18749279,5335027,41,361,1.9
2026-02-28,80+,6112952,1855401,35,352,5.8
2026-03-01,00-04,3988681,1062230,1,67,1.7
2026-03-01,00+,84358845,39196393,15,1115,1.3
2026-03-01,05-14,7940296,4512244,0,21,0.3
2026-03-01,15-34,19059537,11263724,2,100,0.5
2026-03-01,35-59,28508100,15135469,1,207,0.7
2026-03-01,60-79,18749279,5335032,5,362,1.9
2026-03-01,80+,6112952,1855407,6,357,5.8
2026-03-02,00-04,3988681,1062230,0,66,1.7
2026-03-02,00+,84358845,39196399,6,1113,1.3
2026-03-02,05-14,7940296,4512244,0,21,0.3
2026-03-02,15-34,19059537,11263724,0,99,0.5
2026-03-02,35-59,28508100,15135471,2,207,0.7
2026-03-02,60-79,18749279,5335034,2,361,1.9
2026-03-02,80+,6112952,1855409,2,358,5.9
2026-03-03,00-04,3988681,1062248,18,63,1.6
2026-03-03,00+,84358845,39196652,253,1022,1.2
2026-03-03,05-14,7940296,4512248,4,20,0.3
2026-03-03,15-34,19059537,11263745,21,93,0.5
2026-03-03,35-59,28508100,15135514,43,206,0.7
2026-03-03,60-79,18749279,5335119,85,329,1.8
2026-03-03,80+,6112952,1855491,82,310,5.1
2026-03-04,00-04,3988681,1062254,6,53,1.3
2026-03-04,00+,84358845,39196823,171,969,1.1
2026-03-04,05-14,7940296,4512254,6,21,0.3
2026-03-04,15-34,19059537,11263754,9,92,0.5
2026-03-04,35-59,28508100,15135551,37,201,0.7
2026-03-04,60-79,18749279,5335186,67,314,1.7
2026-03-04,80+,6112952,1855537,46,288,4.7
2026-03-05,00-04,3988681,1062267,13,58,1.5
2026-03-05,00+,84358845,39196952,129,886,1.1
2026-03-05,05-14,7940296,4512256,2,18,0.2
2026-03-05,15-34,19059537,11263757,3,67,0.4
2026-03-05,35-59,28508100,15135573,22,179,0.6
2026-03-05,60-79,18749279,5335235,49,301,1.6
2026-03-05,80+,6112952,1855577,40,263,4.3
2026-03-06,00-04,3988681,1062284,17,60,1.5
2026-03-06,00+,84358845,39197062,110,816,1
2026-03-06,05-14,7940296,4512257,1,15,0.2
2026-03-06,15-34,19059537,11263761,4,52,0.3
2026-03-06,35-59,28508100,15135592,19,160,0.6
2026-03-06,60-79,18749279,5335272,37,286,1.5
2026-03-06,80+,6112952,1855609,32,243,4
2026-03-07,00-04,3988681,1062288,4,59,1.5
2026-03-07,00+,84358845,39197144,82,766,0.9
2026-03-07,05-14,7940296,4512257,0,13,0.2
2026-03-07,15-34,19059537,11263763,2,41,0.2
2026-03-07,35-59,28508100,15135612,20,144,0.5
2026-03-07,60-79,18749279,5335300,28,273,1.5
2026-03-07,80+,6112952,1855637,28,236,3.9
2026-03-08,00-04,3988681,1062292,4,62,1.6
2026-03-08,00+,84358845,39197155,11,762,0.9
2026-03-08,05-14,7940296,4512257,0,13,0.2
2026-03-08,15-34,19059537,11263764,1,40,0.2
2026-03-08,35-59,28508100,15135616,4,147,0.5
2026-03-08,60-79,18749279,5335301,1,269,1.4
2026-03-08,80+,6112952,1855638,1,231,3.8
2026-03-09,00-04,3988681,1062292,0,62,1.6
2026-03-09,00+,84358845,39197159,4,760,0.9
2026-03-09,05-14,7940296,4512257,0,13,0.2
2026-03-09,15-34,19059537,11263764,0,40,0.2
2026-03-09,35-59,28508100,15135617,1,146,0.5
2026-03-09,60-79,18749279,5335303,2,269,1.4
2026-03-09,80+,6112952,1855639,1,230,3.8
2026-03-10,00-04,3988681,1062300,8,52,1.3
2026-03-10,00+,84358845,39197331,172,679,0.8
2026-03-10,05-14,7940296,4512261,4,13,0.2
2026-03-10,15-34,19059537,11263773,9,28,0.1
2026-03-10,35-59,28508100,15135644,27,130,0.5
2026-03-10,60-79,18749279,5335374,71,255,1.4
2026-03-10,80+,6112952,1855692,53,201,3.3
2026-03-11,00-04,3988681,1062306,6,52,1.3
2026-03-11,00+,84358845,39197449,118,626,0.7
2026-03-11,05-14,7940296,4512266,5,12,0.2
2026-03-11,15-34,19059537,11263785,12,31,0.2
2026-03-11,35-59,28508100,15135669,25,118,0.4
2026-03-11,60-79,18749279,5335416,42,230,1.2
2026-03-11,80+,6112952,1855720,28,183,3
2026-03-12,00-04,3988681,1062313,7,46,1.2
2026-03-12,00+,84358845,39197555,106,603,0.7
2026-03-12,05-14,7940296,4512269,3,13,0.2
2026-03-12,15-34,19059537,11263794,9,37,0.2
2026-03-12,35-59,28508100,15135683,14,110,0.4
2026-03-12,60-79,18749279,5335451,35,216,1.2
2026-03-12,80+,6112952,1855758,38,181,3
2026-03-13,00-04,3988681,1062319,6,35,0.9
2026-03-13,00+,84358845,39197649,94,587,0.7
2026-03-13,05-14,7940296,4512273,4,16,0.2
2026-03-13,15-34,19059537,11263797,3,36,0.2
2026-03-13,35-59,28508100,15135702,19,110,0.4
2026-03-13,60-79,18749279,5335483,32,211,1.1
2026-03-13,80+,6112952,1855788,30,179,2.9
2026-03-14,00-04,3988681,1062323,4,35,0.9
2026-03-14,00+,84358845,39197714,65,570,0.7
2026-03-14,05-14,7940296,4512275,2,18,0.2
2026-03-14,15-34,19059537,11263802,5,39,0.2
2026-03-14,35-59,28508100,15135716,14,104,0.4
2026-03-14,60-79,18749279,5335507,24,207,1.1
2026-03-14,80+,6112952,1855804,16,167,2.7
2026-03-15,00-04,3988681,1062323,0,31,0.8
2026-03-15,00+,84358845,39197721,7,566,0.7
2026-03-15,05-14,7940296,4512275,0,18,0.2
2026-03-15,15-34,19059537,11263803,1,39,0.2
2026-03-15,35-59,28508100,15135717,1,101,0.4
2026-03-15,60-79,18749279,5335508,1,207,1.1
2026-03-15,80+,6112952,1855808,4,170,2.8
2026-03-16,00-04,3988681,1062324,1,32,0.8
2026-03-16,00+,84358845,39197723,2,564,0.7
2026-03-16,05-14,7940296,4512275,0,18,0.2
2026-03-16,15-34,19059537,11263803,0,39,0.2
2026-03-16,35-59,28508100,15135717,0,100,0.4
2026-03-16,60-79,18749279,5335508,0,205,1.1
2026-03-16,80+,6112952,1855809,1,170,2.8
2026-03-17,00-04,3988681,1062346,22,46,1.2
2026-03-17,00+,84358845,39197951,228,620,0.7
2026-03-17,05-14,7940296,4512280,5,19,0.2
2026-03-17,15-34,19059537,11263817,14,44,0.2
2026-03-17,35-59,28508100,15135745,28,101,0.4
2026-03-17,60-79,18749279,5335574,66,200,1.1
2026-03-17,80+,6112952,1855902,93,210,3.4
2026-03-18,00-04,3988681,1062352,6,46,1.2
2026-03-18,00+,84358845,39198046,95,597,0.7
2026-03-18,05-14,7940296,4512283,3,17,0.2
2026-03-18,15-34,19059537,11263822,5,37,0.2
2026-03-18,35-59,28508100,15135756,11,87,0.3
2026-03-18,60-79,18749279,5335602,28,186,1
2026-03-18,80+,6112952,1855942,40,222,3.6
2026-03-19,00-04,3988681,1062356,4,43,1.1
2026-03-19,00+,84358845,39198131,85,576,0.7
2026-03-19,05-14,7940296,4512285,2,16,0.2
2026-03-19,15-34,19059537,11263830,8,36,0.2
2026-03-19,35-59,28508100,15135774,18,91,0.3
2026-03-19,60-79,18749279,5335627,25,176,0.9
2026-03-19,80+,6112952,1855970,28,212,3.5
2026-03-20,00-04,3988681,1062360,4,41,1
2026-03-20,00+,84358845,39198209,78,560,0.7
2026-03-20,05-14,7940296,4512287,2,14,0.2
2026-03-20,15-34,19059537,11263835,5,38,0.2
2026-03-20,35-59,28508100,15135790,16,88,0.3
2026-03-20,60-79,18749279,5335657,30,174,0.9
2026-03-20,80+,6112952,1855991,21,203,3.3
2026-03-21,00-04,3988681,1062367,7,44,1.1
2026-03-21,00+,84358845,39198252,43,538,0.6
2026-03-21,05-14,7940296,4512289,2,14,0.2
2026-03-21,15-34,19059537,11263837,2,35,0.2
2026-03-21,35-59,28508100,15135797,7,81,0.3
2026-03-21,60-79,18749279,5335669,12,162,0.9
2026-03-21,80+,6112952,1856004,13,200,3.3
2026-03-22,00-04,3988681,1062368,1,45,1.1
2026-03-22,00+,84358845,39198255,3,534,0.6
2026-03-22,05-14,7940296,4512289,0,14,0.2
2026-03-22,15-34,19059537,11263837,0,34,0.2
2026-03-22,35-59,28508100,15135797,0,80,0.3
2026-03-22,60-79,18749279,5335669,0,161,0.9
2026-03-22,80+,6112952,1856006,2,198,3.2
2026-03-23,00-04,3988681,1062368,0,44,1.1
2026-03-23,00+,84358845,39198257,2,534,0.6
2026-03-23,05-14,7940296,4512289,0,14,0.2
2026-03-23,15-34,19059537,11263837,0,34,0.2
2026-03-23,35-59,28508100,15135797,0,80,0.3
2026-03-23,60-79,18749279,5335669,0,161,0.9
2026-03-23,80+,6112952,1856008,2,199,3.3
2026-03-24,00-04,3988681,1062372,4,26,0.7
2026-03-24,00+,84358845,39198363,106,412,0.5
2026-03-24,05-14,7940296,4512292,3,12,0.2
2026-03-24,15-34,19059537,11263847,10,30,0.2
2026-03-24,35-59,28508100,15135814,17,69,0.2
2026-03-24,60-79,18749279,5335702,33,128,0.7
2026-03-24,80+,6112952,1856047,39,145,2.4
2026-03-25,00-04,3988681,1062376,4,24,0.6
2026-03-25,00+,84358845,39198420,57,374,0.4
2026-03-25,05-14,7940296,4512294,2,11,0.1
2026-03-25,15-34,19059537,11263848,1,26,0.1
2026-03-25,35-59,28508100,15135827,13,71,0.2
2026-03-25,60-79,18749279,5335721,19,119,0.6
2026-03-25,80+,6112952,1856065,18,123,2
2026-03-26,00-04,3988681,1062382,6,26,0.7
2026-03-26,00+,84358845,39198487,67,356,0.4
2026-03-26,05-14,7940296,4512294,0,9,0.1
2026-03-26,15-34,19059537,11263851,3,21,0.1
2026-03-26,35-59,28508100,15135843,16,69,0.2
2026-03-26,60-79,18749279,5335741,20,114,0.6
2026-03-26,80+,6112952,1856087,22,117,1.9
2026-03-27,00-04,3988681,1062387,5,27,0.7
2026-03-27,00+,84358845,39198536,49,327,0.4
2026-03-27,05-14,7940296,4512294,0,7,0.1
2026-03-27,15-34,19059537,11263855,4,20,0.1
2026-03-27,35-59,28508100,15135851,8,61,0.2
2026-03-27,60-79,18749279,5335757,16,100,0.5
2026-03-27,80+,6112952,1856103,16,112,1.8
2026-03-28,00-04,3988681,1062391,4,24,0.6
2026-03-28,00+,84358845,39198575,39,323,0.4
2026-03-28,05-14,7940296,4512295,1,6,0.1
2026-03-28,15-34,19059537,11263860,5,23,0.1
2026-03-28,35-59,28508100,15135857,6,60,0.2
2026-03-28,60-79,18749279,5335766,9,97,0.5
2026-03-28,80+,6112952,1856117,14,113,1.8
2026-03-29,00-04,3988681,1062391,0,23,0.6
2026-03-29,00+,84358845,39198580,5,325,0.4
2026-03-29,05-14,7940296,4512295,0,6,0.1
2026-03-29,15-34,19059537,11263860,0,23,0.1
2026-03-29,35-59,28508100,15135858,1,61,0.2
2026-03-29,60-79,18749279,5335768,2,99,0.5
2026-03-29,80+,6112952,1856119,2,113,1.8
2026-03-30,00-04,3988681,1062391,0,23,0.6
2026-03-30,00+,84358845,39198588,8,331,0.4
2026-03-30,05-14,7940296,4512295,0,6,0.1
2026-03-30,15-34,19059537,11263860,0,23,0.1
2026-03-30,35-59,28508100,15135858,0,61,0.2
2026-03-30,60-79,18749279,5335772,4,103,0.5
2026-03-30,80+,6112952,1856123,4,115,1.9
2026-03-31,00-04,3988681,1062398,7,26,0.7
2026-03-31,00+,84358845,39198688,100,325,0.4
2026-03-31,05-14,7940296,4512296,1,4,0.1
2026-03-31,15-34,19059537,11263870,10,23,0.1
2026-03-31,35-59,28508100,15135877,19,63,0.2
2026-03-31,60-79,18749279,5335803,31,101,0.5
2026-03-31,80+,6112952,1856155,32,108,1.8
2026-04-01,00-04,3988681,1062402,4,26,0.7
2026-04-01,00+,84358845,39198734,46,314,0.4
2026-04-01,05-14,7940296,4512297,1,3,0
2026-04-01,15-34,19059537,11263875,5,27,0.1
2026-04-01,35-59,28508100,15135890,13,63,0.2
2026-04-01,60-79,18749279,5335815,12,94,0.5
2026-04-01,80+,6112952,1856166,11,101,1.7
2026-04-02,00-04,3988681,1062403,1,21,0.5
2026-04-02,00+,84358845,39198790,56,303,0.4
2026-04-02,05-14,7940296,4512297,0,3,0
2026-04-02,15-34,19059537,11263881,6,30,0.2
2026-04-02,35-59,28508100,15135898,8,55,0.2
2026-04-02,60-79,18749279,5335839,24,98,0.5
2026-04-02,80+,6112952,1856183,17,96,1.6
2026-04-03,00-04,3988681,1062408,5,21,0.5
2026-04-03,00+,84358845,39198842,52,306,0.4
2026-04-03,05-14,7940296,4512301,4,7,0.1
2026-04-03,15-34,19059537,11263884,3,29,0.2
2026-04-03,35-59,28508100,15135907,9,56,0.2
2026-04-03,60-79,18749279,5335855,16,98,0.5
2026-04-03,80+,6112952,1856198,15,95,1.6
2026-04-04,00-04,3988681,1062408,0,17,0.4
2026-04-04,00+,84358845,39198848,6,273,0.3
2026-04-04,05-14,7940296,4512301,0,6,0.1
2026-04-04,15-34,19059537,11263885,1,25,0.1
2026-04-04,35-59,28508100,15135907,0,50,0.2
2026-04-04,60-79,18749279,5335857,2,91,0.5
2026-04-04,80+,6112952,1856201,3,84,1.4
2026-04-05,00-04,3988681,1062409,1,18,0.5
2026-04-05,00+,84358845,39198853,5,273,0.3
2026-04-05,05-14,7940296,4512301,0,6,0.1
2026-04-05,15-34,19059537,11263885,0,25,0.1
2026-04-05,35-59,28508100,15135907,0,49,0.2
2026-04-05,60-79,18749279,5335860,3,92,0.5
2026-04-05,80+,6112952,1856202,1,83,1.4
2026-04-06,00-04,3988681,1062410,1,19,0.5
2026-04-06,00+,84358845,39198860,7,272,0.3
2026-04-06,05-14,7940296,4512301,0,6,0.1
2026-04-06,15-34,19059537,11263886,1,26,0.1
2026-04-06,35-59,28508100,15135908,1,50,0.2
2026-04-06,60-79,18749279,5335861,1,89,0.5
2026-04-06,80+,6112952,1856205,3,82,1.3
2026-04-07,00-04,3988681,1062410,0,12,0.3
2026-04-07,00+,84358845,39198864,4,176,0.2
2026-04-07,05-14,7940296,4512302,1,6,0.1
2026-04-07,15-34,19059537,11263887,1,17,0.1
2026-04-07,35-59,28508100,15135908,0,31,0.1
2026-04-07,60-79,18749279,5335862,1,59,0.3
2026-04-07,80+,6112952,1856206,1,51,0.8
2026-04-08,00-04,3988681,1062415,5,13,0.3
2026-04-08,00+,84358845,39198971,107,237,0.3
2026-04-08,05-14,7940296,4512302,0,5,0.1
2026-04-08,15-34,19059537,11263894,7,19,0.1
2026-04-08,35-59,28508100,15135921,13,31,0.1
2026-04-08,60-79,18749279,5335903,41,88,0.5
2026-04-08,80+,6112952,1856247,41,81,1.3
2026-04-09,00-04,3988681,1062416,1,13,0.3
2026-04-09,00+,84358845,39199028,57,238,0.3
2026-04-09,05-14,7940296,4512303,1,6,0.1
2026-04-09,15-34,19059537,11263899,5,18,0.1
2026-04-09,35-59,28508100,15135927,6,29,0.1
2026-04-09,60-79,18749279,5335926,23,87,0.5
2026-04-09,80+,6112952,1856268,21,85,1.4
2026-04-10,00-04,3988681,1062417,1,9,0.2
2026-04-10,00+,84358845,39199085,57,243,0.3
2026-04-10,05-14,7940296,4512303,0,2,0
2026-04-10,15-34,19059537,11263901,2,17,0.1
2026-04-10,35-59,28508100,15135933,6,26,0.1
2026-04-10,60-79,18749279,5335949,23,94,0.5
2026-04-10,80+,6112952,1856293,25,95,1.6
2026-04-11,00-04,3988681,1062418,1,10,0.3
2026-04-11,00+,84358845,39199117,32,269,0.3
2026-04-11,05-14,7940296,4512304,1,3,0
2026-04-11,15-34,19059537,11263904,3,19,0.1
2026-04-11,35-59,28508100,15135943,10,36,0.1
2026-04-11,60-79,18749279,5335957,8,100,0.5
2026-04-11,80+,6112952,1856302,9,101,1.7
2026-04-12,00-04,3988681,1062418,0,9,0.2
2026-04-12,00+,84358845,39199121,4,268,0.3
2026-04-12,05-14,7940296,4512304,0,3,0
2026-04-12,15-34,19059537,11263904,0,19,0.1
2026-04-12,35-59,28508100,15135943,0,36,0.1
2026-04-12,60-79,18749279,5335958,1,98,0.5
2026-04-12,80+,6112952,1856305,3,103,1.7
2026-04-13,00-04,3988681,1062418,0,8,0.2
2026-04-13,00+,84358845,39199124,3,264,0.3
2026-04-13,05-14,7940296,4512304,0,3,0
2026-04-13,15-34,19059537,11263905,1,19,0.1
2026-04-13,35-59,28508100,15135943,0,35,0.1
2026-04-13,60-79,18749279,5335958,0,97,0.5
2026-04-13,80+,6112952,1856307,2,102,1.7
2026-04-14,00-04,3988681,1062422,4,12,0.3
2026-04-14,00+,84358845,39199194,70,330,0.4
2026-04-14,05-14,7940296,4512306,2,4,0.1
2026-04-14,15-34,19059537,11263907,2,20,0.1
2026-04-14,35-59,28508100,15135953,10,45,0.2
2026-04-14,60-79,18749279,5335984,26,122,0.7
2026-04-14,80+,6112952,1856333,26,127,2.1
2026-04-15,00-04,3988681,1062426,4,11,0.3
2026-04-15,00+,84358845,39199240,46,269,0.3
2026-04-15,05-14,7940296,4512306,0,4,0.1
2026-04-15,15-34,19059537,11263909,2,15,0.1
2026-04-15,35-59,28508100,15135960,7,39,0.1
2026-04-15,60-79,18749279,5335999,15,96,0.5
2026-04-15,80+,6112952,1856351,18,104,1.7
2026-04-16,00-04,3988681,1062427,1,11,0.3
2026-04-16,00+,84358845,39199271,31,243,0.3
2026-04-16,05-14,7940296,4512306,0,3,0
2026-04-16,15-34,19059537,11263910,1,11,0.1
2026-04-16,35-59,28508100,15135965,5,38,0.1
2026-04-16,60-79,18749279,5336014,15,88,0.5
2026-04-16,80+,6112952,1856360,9,92,1.5
2026-04-17,00-04,3988681,1062429,2,12,0.3
2026-04-17,00+,84358845,39199302,31,217,0.3
2026-04-17,05-14,7940296,4512306,0,3,0
2026-04-17,15-34,19059537,11263910,0,9,0
2026-04-17,35-59,28508100,15135975,10,42,0.1
2026-04-17,60-79,18749279,5336020,6,71,0.4
2026-04-17,80+,6112952,1856373,13,80,1.3
2026-04-18,00-04,3988681,1062430,1,12,0.3
2026-04-18,00+,84358845,39199337,35,220,0.3
2026-04-18,05-14,7940296,4512307,1,3,0
2026-04-18,15-34,19059537,11263914,4,10,0.1
2026-04-18,35-59,28508100,15135980,5,37,0.1
2026-04-18,60-79,18749279,5336035,15,78,0.4
2026-04-18,80+,6112952,1856382,9,80,1.3
2026-04-19,00-04,3988681,1062430,0,12,0.3
2026-04-19,00+,84358845,39199340,3,219,0.3
2026-04-19,05-14,7940296,4512307,0,3,0
2026-04-19,15-34,19059537,11263914,0,10,0.1
2026-04-19,35-59,28508100,15135981,1,38,0.1
2026-04-19,60-79,18749279,5336035,0,77,0.4
2026-04-19,80+,6112952,1856384,2,79,1.3
2026-04-20,00-04,3988681,1062430,0,12,0.3
2026-04-20,00+,84358845,39199342,2,218,0.3
2026-04-20,05-14,7940296,4512307,0,3,0
2026-04-20,15-34,19059537,11263914,0,9,0
2026-04-20,35-59,28508100,15135981,0,38,0.1
2026-04-20,60-79,18749279,5336036,1,78,0.4
2026-04-20,80+,6112952,1856385,1,78,1.3
2026-04-21,00-04,3988681,1062433,3,11,0.3
2026-04-21,00+,84358845,39199397,55,203,0.2
2026-04-21,05-14,7940296,4512308,1,2,0
2026-04-21,15-34,19059537,11263917,3,10,0.1
2026-04-21,35-59,28508100,15135982,1,29,0.1
2026-04-21,60-79,18749279,5336054,18,70,0.4
2026-04-21,80+,6112952,1856414,29,81,1.3
2026-04-22,00-04,3988681,1062434,1,8,0.2
2026-04-22,00+,84358845,39199435,38,195,0.2
2026-04-22,05-14,7940296,4512310,2,4,0.1
2026-04-22,15-34,19059537,11263921,4,12,0.1
2026-04-22,35-59,28508100,15135991,9,31,0.1
2026-04-22,60-79,18749279,5336067,13,68,0.4
2026-04-22,80+,6112952,1856423,9,72,1.2
2026-04-23,00-04,3988681,1062437,3,10,0.3
2026-04-23,00+,84358845,39199473,38,202,0.2
2026-04-23,05-14,7940296,4512312,2,6,0.1
2026-04-23,15-34,19059537,11263925,4,15,0.1
2026-04-23,35-59,28508100,15135997,6,32,0.1
2026-04-23,60-79,18749279,5336082,15,68,0.4
2026-04-23,80+,6112952,1856431,8,71,1.2
2026-04-24,00-04,3988681,1062439,2,10,0.3
2026-04-24,00+,84358845,39199488,15,186,0.2
2026-04-24,05-14,7940296,4512312,0,6,0.1
2026-04-24,15-34,19059537,11263925,0,15,0.1
2026-04-24,35-59,28508100,15135998,1,23,0.1
2026-04-24,60-79,18749279,5336089,7,69,0.4
2026-04-24,80+,6112952,1856436,5,63,1
2026-04-25,00-04,3988681,1062439,0,9,0.2
2026-04-25,00+,84358845,39199502,14,165,0.2
2026-04-25,05-14,7940296,4512313,1,6,0.1
2026-04-25,15-34,19059537,11263925,0,11,0.1
2026-04-25,35-59,28508100,15136000,2,20,0.1
2026-04-25,60-79,18749279,5336094,5,59,0.3
2026-04-25,80+,6112952,1856442,6,60,1
2026-04-26,00-04,3988681,1062439,0,9,0.2
2026-04-26,00+,84358845,39199502,0,162,0.2
2026-04-26,05-14,7940296,4512313,0,6,0.1
2026-04-26,15-34,19059537,11263925,0,11,0.1
2026-04-26,35-59,28508100,15136000,0,19,0.1
2026-04-26,60-79,18749279,5336094,0,59,0.3
2026-04-26,80+,6112952,1856442,0,58,0.9
2026-04-27,00-04,3988681,1062439,0,9,0.2
2026-04-27,00+,84358845,39199503,1,161,0.2
2026-04-27,05-14,7940296,4512313,0,6,0.1
2026-04-27,15-34,19059537,11263925,0,11,0.1
2026-04-27,35-59,28508100,15136000,0,19,0.1
2026-04-27,60-79,18749279,5336094,0,58,0.3
2026-04-27,80+,6112952,1856443,1,58,0.9
2026-04-28,00-04,3988681,1062441,2,8,0.2
2026-04-28,00+,84358845,39199562,59,165,0.2
2026-04-28,05-14,7940296,4512314,1,6,0.1
2026-04-28,15-34,19059537,11263928,3,11,0.1
2026-04-28,35-59,28508100,15136003,3,21,0.1
2026-04-28,60-79,18749279,5336116,22,62,0.3
2026-04-28,80+,6112952,1856463,20,49,0.8
2026-04-29,00-04,3988681,1062442,1,8,0.2
2026-04-29,00+,84358845,39199595,33,160,0.2
2026-04-29,05-14,7940296,4512315,1,5,0.1
2026-04-29,15-34,19059537,11263932,4,11,0.1
2026-04-29,35-59,28508100,15136007,4,16,0.1
2026-04-29,60-79,18749279,5336129,13,62,0.3
2026-04-29,80+,6112952,1856473,10,50,0.8
2026-04-30,00-04,3988681,1062442,0,5,0.1
2026-04-30,00+,84358845,39199616,21,143,0.2
2026-04-30,05-14,7940296,4512315,0,3,0
2026-04-30,15-34,19059537,11263933,1,8,0
2026-04-30,35-59,28508100,15136012,5,15,0.1
2026-04-30,60-79,18749279,5336137,8,55,0.3
2026-04-30,80+,6112952,1856480,7,49,0.8
2026-05-01,00-04,3988681,1062445,3,6,0.2
2026-05-01,00+,84358845,39199648,32,160,0.2
2026-05-01,05-14,7940296,4512316,1,4,0.1
2026-05-01,15-34,19059537,11263937,4,12,0.1
2026-05-01,35-59,28508100,15136015,3,17,0.1
2026-05-01,60-79,18749279,5336145,8,56,0.3
2026-05-01,80+,6112952,1856493,13,57,0.9
2026-05-02,00-04,3988681,1062445,0,6,0.2
2026-05-02,00+,84358845,39199648,0,146,0.2
2026-05-02,05-14,7940296,4512316,0,3,0
2026-05-02,15-34,19059537,11263937,0,12,0.1
2026-05-02,35-59,28508100,15136015,0,15,0.1
2026-05-02,60-79,18749279,5336145,0,51,0.3
2026-05-02,80+,6112952,1856493,0,51,0.8
2026-05-03,00-04,3988681,1062445,0,6,0.2
2026-05-03,00+,84358845,39199651,3,149,0.2
2026-05-03,05-14,7940296,4512316,0,3,0
2026-05-03,15-34,19059537,11263937,0,12,0.1
2026-05-03,35-59,28508100,15136015,0,15,0.1
2026-05-03,60-79,18749279,5336146,1,52,0.3
2026-05-03,80+,6112952,1856495,2,53,0.9
2026-05-04,00-04,3988681,1062446,1,7,0.2
2026-05-04,00+,84358845,39199653,2,150,0.2
2026-05-04,05-14,7940296,4512316,0,3,0
2026-05-04,15-34,19059537,11263937,0,12,0.1
2026-05-04,35-59,28508100,15136015,0,15,0.1
2026-05-04,60-79,18749279,5336146,0,52,0.3
2026-05-04,80+,6112952,1856496,1,53,0.9
2026-05-05,00-04,3988681,1062452,6,11,0.3
2026-05-05,00+,84358845,39199701,48,139,0.2
2026-05-05,05-14,7940296,4512318,2,4,0.1
2026-05-05,15-34,19059537,11263941,4,13,0.1
2026-05-05,35-59,28508100,15136020,5,17,0.1
2026-05-05,60-79,18749279,5336158,12,42,0.2
2026-05-05,80+,6112952,1856515,19,52,0.9
2026-05-06,00-04,3988681,1062452,0,10,0.3
2026-05-06,00+,84358845,39199729,28,134,0.2
2026-05-06,05-14,7940296,4512318,0,3,0
2026-05-06,15-34,19059537,11263946,5,14,0.1
2026-05-06,35-59,28508100,15136027,7,20,0.1
2026-05-06,60-79,18749279,5336166,8,37,0.2
2026-05-06,80+,6112952,1856523,8,50,0.8
2026-05-07,00-04,3988681,1062452,0,10,0.3
2026-05-07,00+,84358845,39199752,23,136,0.2
2026-05-07,05-14,7940296,4512318,0,3,0
2026-05-07,15-34,19059537,11263949,3,16,0.1
2026-05-07,35-59,28508100,15136031,4,19,0.1
2026-05-07,60-79,18749279,5336172,6,35,0.2
2026-05-07,80+,6112952,1856531,8,51,0.8
2026-05-08,00-04,3988681,1062452,0,7,0.2
2026-05-08,00+,84358845,39199769,17,121,0.1
2026-05-08,05-14,7940296,4512318,0,2,0
2026-05-08,15-34,19059537,11263951,2,14,0.1
2026-05-08,35-59,28508100,15136034,3,19,0.1
2026-05-08,60-79,18749279,5336177,5,32,0.2
2026-05-08,80+,6112952,1856538,7,45,0.7
2026-05-09,00-04,3988681,1062453,1,8,0.2
2026-05-09,00+,84358845,39199790,21,142,0.2
2026-05-09,05-14,7940296,4512319,1,3,0
2026-05-09,15-34,19059537,11263953,2,16,0.1
2026-05-09,35-59,28508100,15136037,3,22,0.1
2026-05-09,60-79,18749279,5336184,7,39,0.2
2026-05-09,80+,6112952,1856545,7,52,0.9
2026-05-10,00-04,3988681,1062453,0,8,0.2
2026-05-10,00+,84358845,39199791,1,140,0.2
2026-05-10,05-14,7940296,4512319,0,3,0
2026-05-10,15-34,19059537,11263954,1,17,0.1
2026-05-10,35-59,28508100,15136037,0,22,0.1
2026-05-10,60-79,18749279,5336184,0,38,0.2
2026-05-10,80+,6112952,1856545,0,50,0.8
2026-05-11,00-04,3988681,1062454,1,8,0.2
2026-05-11,00+,84358845,39199792,1,139,0.2
2026-05-11,05-14,7940296,4512319,0,3,0
2026-05-11,15-34,19059537,11263954,0,17,0.1
2026-05-11,35-59,28508100,15136037,0,22,0.1
2026-05-11,60-79,18749279,5336184,0,38,0.2
2026-05-11,80+,6112952,1856545,0,49,0.8
2026-05-12,00-04,3988681,1062456,2,4,0.1
2026-05-12,00+,84358845,39199825,33,124,0.1
2026-05-12,05-14,7940296,4512319,0,1,0
2026-05-12,15-34,19059537,11263956,2,15,0.1
2026-05-12,35-59,28508100,15136044,7,24,0.1
2026-05-12,60-79,18749279,5336197,13,39,0.2
2026-05-12,80+,6112952,1856554,9,39,0.6
2026-05-13,00-04,3988681,1062457,1,5,0.1
2026-05-13,00+,84358845,39199847,22,118,0.1
2026-05-13,05-14,7940296,4512319,0,1,0
2026-05-13,15-34,19059537,11263958,2,12,0.1
2026-05-13,35-59,28508100,15136048,4,21,0.1
2026-05-13,60-79,18749279,5336202,5,36,0.2
2026-05-13,80+,6112952,1856564,10,41,0.7
2026-05-14,00-04,3988681,1062460,3,8,0.2
2026-05-14,00+,84358845,39199870,23,118,0.1
2026-05-14,05-14,7940296,4512319,0,1,0
2026-05-14,15-34,19059537,11263959,1,10,0.1
2026-05-14,35-59,28508100,15136053,5,22,0.1
2026-05-14,60-79,18749279,5336213,11,41,0.2
2026-05-14,80+,6112952,1856567,3,36,0.6
2026-05-15,00-04,3988681,1062460,0,8,0.2
2026-05-15,00+,84358845,39199871,1,102,0.1
2026-05-15,05-14,7940296,4512319,0,1,0
2026-05-15,15-34,19059537,11263959,0,8,0
2026-05-15,35-59,28508100,15136054,1,20,0.1
2026-05-15,60-79,18749279,5336213,0,36,0.2
2026-05-15,80+,6112952,1856567,0,29,0.5
2026-05-16,00-04,3988681,1062461,1,8,0.2
2026-05-16,00+,84358845,39199887,16,97,0.1
2026-05-16,05-14,7940296,4512319,0,0,0
2026-05-16,15-34,19059537,11263959,0,6,0
2026-05-16,35-59,28508100,15136060,6,23,0.1
2026-05-16,60-79,18749279,5336216,3,32,0.2
2026-05-16,80+,6112952,1856573,6,28,0.5
2026-05-17,00-04,3988681,1062461,0,8,0.2
2026-05-17,00+,84358845,39199889,2,98,0.1
2026-05-17,05-14,7940296,4512319,0,0,0
2026-05-17,15-34,19059537,11263959,0,5,0
2026-05-17,35-59,28508100,15136060,0,23,0.1
2026-05-17,60-79,18749279,5336218,2,34,0.2
2026-05-17,80+,6112952,1856573,0,28,0.5
2026-05-18,00-04,3988681,1062462,1,8,0.2
2026-05-18,00+,84358845,39199891,2,99,0.1
2026-05-18,05-14,7940296,4512319,0,0,0
2026-05-18,15-34,19059537,11263959,0,5,0
2026-05-18,35-59,28508100,15136060,0,23,0.1
2026-05-18,60-79,18749279,5336218,0,34,0.2
2026-05-18,80+,6112952,1856574,1,29,0.5
2026-05-19,00-04,3988681,1062462,0,6,0.2
2026-05-19,00+,84358845,39199920,29,95,0.1
2026-05-19,05-14,7940296,4512319,0,0,0
2026-05-19,15-34,19059537,11263965,6,9,0
2026-05-19,35-59,28508100,15136066,6,22,0.1
2026-05-19,60-79,18749279,5336228,10,31,0.2
2026-05-19,80+,6112952,1856581,7,27,0.4
2026-05-20,00-04,3988681,1062462,0,5,0.1
2026-05-20,00+,84358845,39199946,26,99,0.1
2026-05-20,05-14,7940296,4512320,1,1,0
2026-05-20,15-34,19059537,11263969,4,11,0.1
2026-05-20,35-59,28508100,15136074,8,26,0.1
2026-05-20,60-79,18749279,5336237,9,35,0.2
2026-05-20,80+,6112952,1856585,4,21,0.3
2026-05-21,00-04,3988681,1062462,0,2,0.1
2026-05-21,00+,84358845,39199961,15,91,0.1
2026-05-21,05-14,7940296,4512320,0,1,0
2026-05-21,15-34,19059537,11263971,2,12,0.1
2026-05-21,35-59,28508100,15136077,3,24,0.1
2026-05-21,60-79,18749279,5336242,5,29,0.2
2026-05-21,80+,6112952,1856590,5,23,0.4
2026-05-22,00-04,3988681,1062463,1,3,0.1
2026-05-22,00+,84358845,39199976,15,105,0.1
2026-05-22,05-14,7940296,4512320,0,1,0
2026-05-22,15-34,19059537,11263973,2,14,0.1
2026-05-22,35-59,28508100,15136080,3,26,0.1
2026-05-22,60-79,18749279,5336246,4,33,0.2
2026-05-22,80+,6112952,1856595,5,28,0.5
2026-05-23,00-04,3988681,1062463,0,2,0.1
2026-05-23,00+,84358845,39199982,6,95,0.1
2026-05-23,05-14,7940296,4512320,0,1,0
2026-05-23,15-34,19059537,11263973,0,14,0.1
2026-05-23,35-59,28508100,15136081,1,21,0.1
2026-05-23,60-79,18749279,5336249,3,33,0.2
2026-05-23,80+,6112952,1856597,2,24,0.4
2026-05-24,00-04,3988681,1062463,0,2,0.1
2026-05-24,00+,84358845,39199982,0,93,0.1
2026-05-24,05-14,7940296,4512320,0,1,0
2026-05-24,15-34,19059537,11263973,0,14,0.1
2026-05-24,35-59,28508100,15136081,0,21,0.1
2026-05-24,60-79,18749279,5336249,0,31,0.2
2026-05-24,80+,6112952,1856597,0,24,0.4
2026-05-25,00-04,3988681,1062463,0,1,0
2026-05-25,00+,84358845,39199982,0,91,0.1
2026-05-25,05-14,7940296,4512320,0,1,0
2026-05-25,15-34,19059537,11263973,0,14,0.1
2026-05-25,35-59,28508100,15136081,0,21,0.1
2026-05-25,60-79,18749279,5336249,0,31,0.2
2026-05-25,80+,6112952,1856597,0,23,0.4
2026-05-26,00-04,3988681,1062463,0,1,0
2026-05-26,00+,84358845,39199983,1,63,0.1
2026-05-26,05-14,7940296,4512320,0,1,0
2026-05-26,15-34,19059537,11263973,0,8,0
2026-05-26,35-59,28508100,15136081,0,15,0.1
2026-05-26,60-79,18749279,5336249,0,21,0.1
2026-05-26,80+,6112952,1856598,1,17,0.3
2026-05-27,00-04,3988681,1062464,1,2,0.1
2026-05-27,00+,84358845,39200017,34,71,0.1
2026-05-27,05-14,7940296,4512320,0,0,0
2026-05-27,15-34,19059537,11263975,2,6,0
2026-05-27,35-59,28508100,15136090,9,16,0.1
2026-05-27,60-79,18749279,5336266,17,29,0.2
2026-05-27,80+,6112952,1856603,5,18,0.3
2026-05-28,00-04,3988681,1062466,2,4,0.1
2026-05-28,00+,84358845,39200039,22,78,0.1
2026-05-28,05-14,7940296,4512321,1,1,0
2026-05-28,15-34,19059537,11263976,1,5,0
2026-05-28,35-59,28508100,15136096,6,19,0.1
2026-05-28,60-79,18749279,5336276,10,34,0.2
2026-05-28,80+,6112952,1856605,2,15,0.2
2026-05-29,00-04,3988681,1062467,1,4,0.1
2026-05-29,00+,84358845,39200053,14,77,0.1
2026-05-29,05-14,7940296,4512322,1,2,0
2026-05-29,15-34,19059537,11263981,5,8,0
2026-05-29,35-59,28508100,15136096,0,16,0.1
2026-05-29,60-79,18749279,5336280,4,34,0.2
2026-05-29,80+,6112952,1856608,3,13,0.2
2026-05-30,00-04,3988681,1062467,0,4,0.1
2026-05-30,00+,84358845,39200061,8,79,0.1
2026-05-30,05-14,7940296,4512322,0,2,0
2026-05-30,15-34,19059537,11263982,1,9,0
2026-05-30,35-59,28508100,15136099,3,18,0.1
2026-05-30,60-79,18749279,5336283,3,34,0.2
2026-05-30,80+,6112952,1856609,1,12,0.2
2026-05-31,00-04,3988681,1062467,0,4,0.1
2026-05-31,00+,84358845,39200062,1,80,0.1
2026-05-31,05-14,7940296,4512322,0,2,0
2026-05-31,15-34,19059537,11263982,0,9,0
2026-05-31,35-59,28508100,15136099,0,18,0.1
2026-05-31,60-79,18749279,5336284,1,35,0.2
2026-05-31,80+,6112952,1856609,0,12,0.2
2026-06-01,00-04,3988681,1062467,0,4,0.1
2026-06-01,00+,84358845,39200064,2,82,0.1
2026-06-01,05-14,7940296,4512322,0,2,0
2026-06-01,15-34,19059537,11263982,0,9,0
2026-06-01,35-59,28508100,15136099,0,18,0.1
2026-06-01,60-79,18749279,5336284,0,35,0.2
2026-06-01,80+,6112952,1856611,2,14,0.2
2026-06-02,00-04,3988681,1062468,1,5,0.1
2026-06-02,00+,84358845,39200079,15,96,0.1
2026-06-02,05-14,7940296,4512322,0,2,0
2026-06-02,15-34,19059537,11263984,2,11,0.1
2026-06-02,35-59,28508100,15136100,1,19,0.1
2026-06-02,60-79,18749279,5336290,6,41,0.2
2026-06-02,80+,6112952,1856616,5,18,0.3
2026-06-03,00-04,3988681,1062468,0,4,0.1
2026-06-03,00+,84358845,39200093,14,76,0.1
2026-06-03,05-14,7940296,4512322,0,2,0
2026-06-03,15-34,19059537,11263986,2,11,0.1
2026-06-03,35-59,28508100,15136103,3,13,0
2026-06-03,60-79,18749279,5336296,6,30,0.2
2026-06-03,80+,6112952,1856619,3,16,0.3
2026-06-04,00-04,3988681,1062468,0,2,0.1
2026-06-04,00+,84358845,39200108,15,69,0.1
2026-06-04,05-14,7940296,4512322,0,1,0
2026-06-04,15-34,19059537,11263987,1,11,0.1
2026-06-04,35-59,28508100,15136106,3,10,0
2026-06-04,60-79,18749279,5336302,6,26,0.1
2026-06-04,80+,6112952,1856624,5,19,0.3
2026-06-05,00-04,3988681,1062468,0,1,0
2026-06-05,00+,84358845,39200113,5,60,0.1
2026-06-05,05-14,7940296,4512322,0,0,0
2026-06-05,15-34,19059537,11263987,0,6,0
2026-06-05,35-59,28508100,15136108,2,12,0
2026-06-05,60-79,18749279,5336304,2,24,0.1
2026-06-05,80+,6112952,1856625,1,17,0.3
2026-06-06,00-04,3988681,1062469,1,2,0.1
2026-06-06,00+,84358845,39200124,11,63,0.1
2026-06-06,05-14,7940296,4512322,0,0,0
2026-06-06,15-34,19059537,11263989,2,7,0
2026-06-06,35-59,28508100,15136111,3,12,0
2026-06-06,60-79,18749279,5336305,1,22,0.1
2026-06-06,80+,6112952,1856629,4,20,0.3
2026-06-07,00-04,3988681,1062469,0,2,0.1
2026-06-07,00+,84358845,39200128,4,66,0.1
2026-06-07,05-14,7940296,4512322,0,0,0
2026-06-07,15-34,19059537,11263989,0,7,0
2026-06-07,35-59,28508100,15136113,2,14,0
2026-06-07,60-79,18749279,5336306,1,22,0.1
2026-06-07,80+,6112952,1856630,1,21,0.3
2026-06-08,00-04,3988681,1062469,0,2,0.1
2026-06-08,00+,84358845,39200129,1,65,0.1
2026-06-08,05-14,7940296,4512322,0,0,0
2026-06-08,15-34,19059537,11263989,0,7,0
2026-06-08,35-59,28508100,15136113,0,14,0
2026-06-08,60-79,18749279,5336307,1,23,0.1
2026-06-08,80+,6112952,1856630,0,19,0.3
2026-06-09,00-04,3988681,1062469,0,1,0
2026-06-09,00+,84358845,39200149,20,70,0.1
2026-06-09,05-14,7940296,4512322,0,0,0
2026-06-09,15-34,19059537,11263991,2,7,0
2026-06-09,35-59,28508100,15136119,6,19,0.1
2026-06-09,60-79,18749279,5336312,5,22,0.1
2026-06-09,80+,6112952,1856637,7,21,0.3
2026-06-10,00-04,3988681,1062469,0,1,0
2026-06-10,00+,84358845,39200158,9,65,0.1
2026-06-10,05-14,7940296,4512322,0,0,0
2026-06-10,15-34,19059537,11263993,2,7,0
2026-06-10,35-59,28508100,15136123,4,20,0.1
2026-06-10,60-79,18749279,5336314,2,18,0.1
2026-06-10,80+,6112952,1856638,1,19,0.3
2026-06-11,00-04,3988681,1062471,2,3,0.1
2026-06-11,00+,84358845,39200178,20,70,0.1
2026-06-11,05-14,7940296,4512322,0,0,0
2026-06-11,15-34,19059537,11263995,2,8,0
2026-06-11,35-59,28508100,15136126,3,20,0.1
2026-06-11,60-79,18749279,5336323,9,21,0.1
2026-06-11,80+,6112952,1856642,4,18,0.3
2026-06-12,00-04,3988681,1062471,0,3,0.1
2026-06-12,00+,84358845,39200185,7,72,0.1
2026-06-12,05-14,7940296,4512322,0,0,0
2026-06-12,15-34,19059537,11263997,2,10,0.1
2026-06-12,35-59,28508100,15136128,2,20,0.1
2026-06-12,60-79,18749279,5336324,1,20,0.1
2026-06-12,80+,6112952,1856644,2,19,0.3
2026-06-13,00-04,3988681,1062471,0,2,0.1
2026-06-13,00+,84358845,39200197,12,73,0.1
2026-06-13,05-14,7940296,4512323,1,1,0
2026-06-13,15-34,19059537,11263997,0,8,0
2026-06-13,35-59,28508100,15136133,5,22,0.1
2026-06-13,60-79,18749279,5336327,3,22,0.1
2026-06-13,80+,6112952,1856647,3,18,0.3
2026-06-14,00-04,3988681,1062471,0,2,0.1
2026-06-14,00+,84358845,39200197,0,69,0.1
2026-06-14,05-14,7940296,4512323,0,1,0
2026-06-14,15-34,19059537,11263997,0,8,0
2026-06-14,35-59,28508100,15136133,0,20,0.1
2026-06-14,60-79,18749279,5336327,0,21,0.1
2026-06-14,80+,6112952,1856647,0,17,0.3
2026-06-15,00-04,3988681,1062472,1,3,0.1
2026-06-15,00+,84358845,39200198,1,69,0.1
2026-06-15,05-14,7940296,4512323,0,1,0
2026-06-15,15-34,19059537,11263997,0,8,0
2026-06-15,35-59,28508100,15136133,0,20,0.1
2026-06-15,60-79,18749279,5336327,0,20,0.1
2026-06-15,80+,6112952,1856647,0,17,0.3
2026-06-16,00-04,3988681,1062473,1,4,0.1
2026-06-16,00+,84358845,39200213,15,64,0.1
2026-06-16,05-14,7940296,4512324,1,2,0
2026-06-16,15-34,19059537,11264001,4,10,0.1
2026-06-16,35-59,28508100,15136134,1,15,0.1
2026-06-16,60-79,18749279,5336331,4,19,0.1
2026-06-16,80+,6112952,1856651,4,14,0.2
2026-06-17,00-04,3988681,1062473,0,4,0.1
2026-06-17,00+,84358845,39200227,14,69,0.1
2026-06-17,05-14,7940296,4512324,0,2,0
2026-06-17,15-34,19059537,11264001,0,8,0
2026-06-17,35-59,28508100,15136137,3,14,0
2026-06-17,60-79,18749279,5336340,9,26,0.1
2026-06-17,80+,6112952,1856653,2,15,0.2
2026-06-18,00-04,3988681,1062475,2,4,0.1
2026-06-18,00+,84358845,39200243,16,65,0.1
2026-06-18,05-14,7940296,4512324,0,2,0
2026-06-18,15-34,19059537,11264005,4,10,0.1
2026-06-18,35-59,28508100,15136140,3,14,0
2026-06-18,60-79,18749279,5336345,5,22,0.1
2026-06-18,80+,6112952,1856655,2,13,0.2
2026-06-19,00-04,3988681,1062475,0,4,0.1
2026-06-19,00+,84358845,39200259,16,74,0.1
2026-06-19,05-14,7940296,4512326,2,4,0.1
2026-06-19,15-34,19059537,11264005,0,8,0
2026-06-19,35-59,28508100,15136142,2,14,0
2026-06-19,60-79,18749279,5336353,8,29,0.2
2026-06-19,80+,6112952,1856659,4,15,0.2
2026-06-20,00-04,3988681,1062477,2,6,0.2
2026-06-20,00+,84358845,39200265,6,68,0.1
2026-06-20,05-14,7940296,4512326,0,3,0
2026-06-20,15-34,19059537,11264005,0,8,0
2026-06-20,35-59,28508100,15136145,3,12,0
2026-06-20,60-79,18749279,5336353,0,26,0.1
2026-06-20,80+,6112952,1856660,1,13,0.2
2026-06-21,00-04,3988681,1062477,0,6,0.2
2026-06-21,00+,84358845,39200265,0,68,0.1
2026-06-21,05-14,7940296,4512326,0,3,0
2026-06-21,15-34,19059537,11264005,0,8,0
2026-06-21,35-59,28508100,15136145,0,12,0
2026-06-21,60-79,18749279,5336353,0,26,0.1
2026-06-21,80+,6112952,1856660,0,13,0.2
2026-06-22,00-04,3988681,1062477,0,5,0.1
2026-06-22,00+,84358845,39200265,0,67,0.1
2026-06-22,05-14,7940296,4512326,0,3,0
2026-06-22,15-34,19059537,11264005,0,8,0
2026-06-22,35-59,28508100,15136145,0,12,0
2026-06-22,60-79,18749279,5336353,0,26,0.1
2026-06-22,80+,6112952,1856660,0,13,0.2
2026-06-23,00-04,3988681,1062479,2,6,0.2
2026-06-23,00+,84358845,39200286,21,73,0.1
2026-06-23,05-14,7940296,4512326,0,2,0
2026-06-23,15-34,19059537,11264009,4,8,0
2026-06-23,35-59,28508100,15136149,4,15,0.1
2026-06-23,60-79,18749279,5336359,6,28,0.1
2026-06-23,80+,6112952,1856665,5,14,0.2
2026-06-24,00-04,3988681,1062480,1,7,0.2
2026-06-24,00+,84358845,39200297,11,70,0.1
2026-06-24,05-14,7940296,4512326,0,2,0
2026-06-24,15-34,19059537,11264010,1,9,0
2026-06-24,35-59,28508100,15136152,3,15,0.1
2026-06-24,60-79,18749279,5336364,5,24,0.1
2026-06-24,80+,6112952,1856666,1,13,0.2
2026-06-25,00-04,3988681,1062481,1,6,0.2
2026-06-25,00+,84358845,39200307,10,64,0.1
2026-06-25,05-14,7940296,4512326,0,2,0
2026-06-25,15-34,19059537,11264010,0,5,0
2026-06-25,35-59,28508100,15136158,6,18,0.1
2026-06-25,60-79,18749279,5336367,3,22,0.1
2026-06-25,80+,6112952,1856666,0,11,0.2
2026-06-26,00-04,3988681,1062481,0,6,0.2
2026-06-26,00+,84358845,39200314,7,55,0.1
2026-06-26,05-14,7940296,4512326,0,0,0
2026-06-26,15-34,19059537,11264014,4,9,0
2026-06-26,35-59,28508100,15136160,2,18,0.1
2026-06-26,60-79,18749279,5336367,0,14,0.1
2026-06-26,80+,6112952,1856667,1,8,0.1
2026-06-27,00-04,3988681,1062481,0,4,0.1
2026-06-27,00+,84358845,39200319,5,54,0.1
2026-06-27,05-14,7940296,4512326,0,0,0
2026-06-27,15-34,19059537,11264014,0,9,0
2026-06-27,35-59,28508100,15136162,2,17,0.1
2026-06-27,60-79,18749279,5336370,3,17,0.1
2026-06-27,80+,6112952,1856667,0,7,0.1
2026-06-28,00-04,3988681,1062481,0,4,0.1
2026-06-28,00+,84358845,39200319,0,54,0.1
2026-06-28,05-14,7940296,4512326,0,0,0
2026-06-28,15-34,19059537,11264014,0,9,0
2026-06-28,35-59,28508100,15136162,0,17,0.1
2026-06-28,60-79,18749279,5336370,0,17,0.1
2026-06-28,80+,6112952,1856667,0,7,0.1
2026-06-29,00-04,3988681,1062481,0,4,0.1
2026-06-29,00+,84358845,39200320,1,55,0.1
2026-06-29,05-14,7940296,4512326,0,0,0
2026-06-29,15-34,19059537,11264014,0,9,0
2026-06-29,35-59,28508100,15136162,0,17,0.1
2026-06-29,60-79,18749279,5336371,1,18,0.1
2026-06-29,80+,6112952,1856667,0,7,0.1
2026-06-30,00-04,3988681,1062482,1,3,0.1
2026-06-30,00+,84358845,39200340,20,54,0.1
2026-06-30,05-14,7940296,4512328,2,2,0
2026-06-30,15-34,19059537,11264019,5,10,0.1
2026-06-30,35-59,28508100,15136163,1,14,0
2026-06-30,60-79,18749279,5336378,7,19,0.1
2026-06-30,80+,6112952,1856671,4,6,0.1
2026-07-01,00-04,3988681,1062482,0,2,0.1
2026-07-01,00+,84358845,39200347,7,50,0.1
2026-07-01,05-14,7940296,4512328,0,2,0
2026-07-01,15-34,19059537,11264019,0,9,0
2026-07-01,35-59,28508100,15136166,3,14,0
2026-07-01,60-79,18749279,5336379,1,15,0.1
2026-07-01,80+,6112952,1856674,3,8,0.1
2026-07-02,00-04,3988681,1062482,0,1,0
2026-07-02,00+,84358845,39200354,7,47,0.1
2026-07-02,05-14,7940296,4512329,1,3,0
2026-07-02,15-34,19059537,11264022,3,12,0.1
2026-07-02,35-59,28508100,15136168,2,10,0
2026-07-02,60-79,18749279,5336380,1,13,0.1
2026-07-02,80+,6112952,1856674,0,8,0.1
2026-07-03,00-04,3988681,1062482,0,1,0
2026-07-03,00+,84358845,39200369,15,55,0.1
2026-07-03,05-14,7940296,4512330,1,4,0.1
2026-07-03,15-34,19059537,11264025,3,11,0.1
2026-07-03,35-59,28508100,15136175,7,15,0.1
2026-07-03,60-79,18749279,5336381,1,14,0.1
2026-07-03,80+,6112952,1856677,3,10,0.2
2026-07-04,00-04,3988681,1062483,1,2,0.1
2026-07-04,00+,84358845,39200378,9,59,0.1
2026-07-04,05-14,7940296,4512330,0,4,0.1
2026-07-04,15-34,19059537,11264027,2,13,0.1
2026-07-04,35-59,28508100,15136176,1,14,0
2026-07-04,60-79,18749279,5336384,3,14,0.1
2026-07-04,80+,6112952,1856679,2,12,0.2
2026-07-05,00-04,3988681,1062483,0,2,0.1
2026-07-05,00+,84358845,39200378,0,59,0.1
2026-07-05,05-14,7940296,4512330,0,4,0.1
2026-07-05,15-34,19059537,11264027,0,13,0.1
2026-07-05,35-59,28508100,15136176,0,14,0
2026-07-05,60-79,18749279,5336384,0,14,0.1
2026-07-05,80+,6112952,1856679,0,12,0.2
2026-07-06,00-04,3988681,1062483,0,2,0.1
2026-07-06,00+,84358845,39200378,0,58,0.1
2026-07-06,05-14,7940296,4512330,0,4,0.1
2026-07-06,15-34,19059537,11264027,0,13,0.1
2026-07-06,35-59,28508100,15136176,0,14,0
2026-07-06,60-79,18749279,5336384,0,13,0.1
2026-07-06,80+,6112952,1856679,0,12,0.2
2026-07-07,00-04,3988681,1062486,3,4,0.1
2026-07-07,00+,84358845,39200394,16,54,0.1
2026-07-07,05-14,7940296,4512331,1,3,0
2026-07-07,15-34,19059537,11264027,0,8,0
2026-07-07,35-59,28508100,15136180,4,17,0.1
2026-07-07,60-79,18749279,5336387,3,9,0
2026-07-07,80+,6112952,1856684,5,13,0.2
2026-07-08,00-04,3988681,1062486,0,4,0.1
2026-07-08,00+,84358845,39200410,16,63,0.1
2026-07-08,05-14,7940296,4512331,0,3,0
2026-07-08,15-34,19059537,11264027,0,8,0
2026-07-08,35-59,28508100,15136183,3,17,0.1
2026-07-08,60-79,18749279,5336394,7,15,0.1
2026-07-08,80+,6112952,1856690,6,16,0.3
2026-07-09,00-04,3988681,1062486,0,4,0.1
2026-07-09,00+,84358845,39200429,19,75,0.1
2026-07-09,05-14,7940296,4512332,1,3,0
2026-07-09,15-34,19059537,11264031,4,9,0
2026-07-09,35-59,28508100,15136187,4,19,0.1
2026-07-09,60-79,18749279,5336399,5,19,0.1
2026-07-09,80+,6112952,1856695,5,21,0.3
2026-07-10,00-04,3988681,1062486,0,4,0.1
2026-07-10,00+,84358845,39200444,15,75,0.1
2026-07-10,05-14,7940296,4512332,0,2,0
2026-07-10,15-34,19059537,11264033,2,8,0
2026-07-10,35-59,28508100,15136190,3,15,0.1
2026-07-10,60-79,18749279,5336404,5,23,0.1
2026-07-10,80+,6112952,1856700,5,23,0.4
2026-07-11,00-04,3988681,1062486,0,3,0.1
2026-07-11,00+,84358845,39200451,7,73,0.1
2026-07-11,05-14,7940296,4512332,0,2,0
2026-07-11,15-34,19059537,11264034,1,7,0
2026-07-11,35-59,28508100,15136190,0,14,0
2026-07-11,60-79,18749279,5336408,4,24,0.1
2026-07-11,80+,6112952,1856702,2,23,0.4
2026-07-12,00-04,3988681,1062486,0,3,0.1
2026-07-12,00+,84358845,39200453,2,75,0.1
2026-07-12,05-14,7940296,4512332,0,2,0
2026-07-12,15-34,19059537,11264035,1,8,0
2026-07-12,35-59,28508100,15136191,1,15,0.1
2026-07-12,60-79,18749279,5336408,0,24,0.1
2026-07-12,80+,6112952,1856702,0,23,0.4
2026-07-13,00-04,3988681,1062486,0,3,0.1
2026-07-13,00+,84358845,39200453,0,75,0.1
2026-07-13,05-14,7940296,4512332,0,2,0
2026-07-13,15-34,19059537,11264035,0,8,0
2026-07-13,35-59,28508100,15136191,0,15,0.1
2026-07-13,60-79,18749279,5336408,0,24,0.1
2026-07-13,80+,6112952,1856702,0,23,0.4
2026-07-14,00-04,3988681,1062488,2,2,0.1
2026-07-14,00+,84358845,39200467,14,73,0.1
2026-07-14,05-14,7940296,4512332,0,1,0
2026-07-14,15-34,19059537,11264036,1,9,0
2026-07-14,35-59,28508100,15136196,5,16,0.1
2026-07-14,60-79,18749279,5336412,4,25,0.1
2026-07-14,80+,6112952,1856704,2,20,0.3
2026-07-15,00-04,3988681,1062489,1,3,0.1
2026-07-15,00+,84358845,39200475,8,65,0.1
2026-07-15,05-14,7940296,4512332,0,1,0
2026-07-15,15-34,19059537,11264037,1,10,0.1
2026-07-15,35-59,28508100,15136197,1,14,0
2026-07-15,60-79,18749279,5336416,4,22,0.1
2026-07-15,80+,6112952,1856705,1,15,0.2
2026-07-16,00-04,3988681,1062489,0,3,0.1
2026-07-16,00+,84358845,39200491,16,62,0.1
2026-07-16,05-14,7940296,4512332,0,0,0
2026-07-16,15-34,19059537,11264039,2,8,0
2026-07-16,35-59,28508100,15136201,4,14,0
2026-07-16,60-79,18749279,5336421,5,22,0.1
2026-07-16,80+,6112952,1856710,5,15,0.2
2026-07-17,00-04,3988681,1062490,1,4,0.1
2026-07-17,00+,84358845,39200508,17,64,0.1
2026-07-17,05-14,7940296,4512333,1,1,0
2026-07-17,15-34,19059537,11264045,6,12,0.1
2026-07-17,35-59,28508100,15136205,4,15,0.1
2026-07-17,60-79,18749279,5336424,3,20,0.1
2026-07-17,80+,6112952,1856712,2,12,0.2
2026-07-18,00-04,3988681,1062492,2,6,0.2
2026-07-18,00+,84358845,39200519,11,68,0.1
2026-07-18,05-14,7940296,4512333,0,1,0
2026-07-18,15-34,19059537,11264051,6,17,0.1
2026-07-18,35-59,28508100,15136207,2,17,0.1
2026-07-18,60-79,18749279,5336424,0,16,0.1
2026-07-18,80+,6112952,1856713,1,11,0.2
2026-07-19,00-04,3988681,1062492,0,6,0.2
2026-07-19,00+,84358845,39200519,0,66,0.1
2026-07-19,05-14,7940296,4512333,0,1,0
2026-07-19,15-34,19059537,11264051,0,16,0.1
2026-07-19,35-59,28508100,15136207,0,16,0.1
2026-07-19,60-79,18749279,5336424,0,16,0.1
2026-07-19,80+,6112952,1856713,0,11,0.2
2026-07-20,00-04,3988681,1062492,0,6,0.2
2026-07-20,00+,84358845,39200519,0,66,0.1
2026-07-20,05-14,7940296,4512333,0,1,0
2026-07-20,15-34,19059537,11264051,0,16,0.1
2026-07-20,35-59,28508100,15136207,0,16,0.1
2026-07-20,60-79,18749279,5336424,0,16,0.1
2026-07-20,80+,6112952,1856713,0,11,0.2
2026-07-21,00-04,3988681,1062493,1,5,0.1
2026-07-21,00+,84358845,39200536,17,69,0.1
2026-07-21,05-14,7940296,4512333,0,1,0
2026-07-21,15-34,19059537,11264056,5,20,0.1
2026-07-21,35-59,28508100,15136211,4,15,0.1
2026-07-21,60-79,18749279,5336428,4,16,0.1
2026-07-21,80+,6112952,1856716,3,12,0.2
2026-07-22,00-04,3988681,1062495,2,6,0.2
2026-07-22,00+,84358845,39200547,11,72,0.1
2026-07-22,05-14,7940296,4512333,0,1,0
2026-07-22,15-34,19059537,11264057,1,20,0.1
2026-07-22,35-59,28508100,15136213,2,16,0.1
2026-07-22,60-79,18749279,5336431,3,15,0.1
2026-07-22,80+,6112952,1856719,3,14,0.2
2026-07-23,00-04,3988681,1062496,1,7,0.2
2026-07-23,00+,84358845,39200556,9,65,0.1
2026-07-23,05-14,7940296,4512333,0,1,0
2026-07-23,15-34,19059537,11264060,3,21,0.1
2026-07-23,35-59,28508100,15136215,2,14,0
2026-07-23,60-79,18749279,5336434,3,13,0.1
2026-07-23,80+,6112952,1856719,0,9,0.1
2026-07-24,00-04,3988681,1062497,1,7,0.2
2026-07-24,00+,84358845,39200571,15,63,0.1
2026-07-24,05-14,7940296,4512333,0,0,0
2026-07-24,15-34,19059537,11264065,5,20,0.1
2026-07-24,35-59,28508100,15136217,2,12,0
2026-07-24,60-79,18749279,5336436,2,12,0.1
2026-07-24,80+,6112952,1856724,5,12,0.2
2026-07-25,00-04,3988681,1062498,1,6,0.2
2026-07-25,00+,84358845,39200579,8,60,0.1
2026-07-25,05-14,7940296,4512333,0,0,0
2026-07-25,15-34,19059537,11264068,3,17,0.1
2026-07-25,35-59,28508100,15136219,2,12,0
2026-07-25,60-79,18749279,5336436,0,12,0.1
2026-07-25,80+,6112952,1856726,2,13,0.2
2026-07-26,00-04,3988681,1062498,0,6,0.2
2026-07-26,00+,84358845,39200579,0,60,0.1
2026-07-26,05-14,7940296,4512333,0,0,0
2026-07-26,15-34,19059537,11264068,0,17,0.1
2026-07-26,35-59,28508100,15136219,0,12,0
2026-07-26,60-79,18749279,5336436,0,12,0.1
2026-07-26,80+,6112952,1856726,0,13,0.2
2026-07-27,00-04,3988681,1062498,0,6,0.2
2026-07-27,00+,84358845,39200579,0,60,0.1
2026-07-27,05-14,7940296,4512333,0,0,0
2026-07-27,15-34,19059537,11264068,0,17,0.1
2026-07-27,35-59,28508100,15136219,0,12,0
2026-07-27,60-79,18749279,5336436,0,12,0.1
2026-07-27,80+,6112952,1856726,0,13,0.2
2026-07-28,00-04,3988681,1062500,2,7,0.2
2026-07-28,00+,84358845,39200600,21,64,0.1
2026-07-28,05-14,7940296,4512334,1,1,0
2026-07-28,15-34,19059537,11264071,3,15,0.1
2026-07-28,35-59,28508100,15136222,3,11,0
2026-07-28,60-79,18749279,5336442,6,14,0.1
2026-07-28,80+,6112952,1856732,6,16,0.3
2026-07-29,00-04,3988681,1062500,0,5,0.1
2026-07-29,00+,84358845,39200611,11,64,0.1
2026-07-29,05-14,7940296,4512334,0,1,0
2026-07-29,15-34,19059537,11264075,4,18,0.1
2026-07-29,35-59,28508100,15136224,2,11,0
2026-07-29,60-79,18749279,5336445,3,14,0.1
2026-07-29,80+,6112952,1856734,2,15,0.2
2026-07-30,00-04,3988681,1062502,2,6,0.2
2026-07-30,00+,84358845,39200624,13,68,0.1
2026-07-30,05-14,7940296,4512334,0,1,0
2026-07-30,15-34,19059537,11264077,2,17,0.1
2026-07-30,35-59,28508100,15136227,3,12,0
2026-07-30,60-79,18749279,5336447,2,13,0.1
2026-07-30,80+,6112952,1856738,4,19,0.3
2026-07-31,00-04,3988681,1062503,1,6,0.2
2026-07-31,00+,84358845,39200633,9,62,0.1
2026-07-31,05-14,7940296,4512334,0,1,0
2026-07-31,15-34,19059537,11264081,4,16,0.1
2026-07-31,35-59,28508100,15136227,0,10,0
2026-07-31,60-79,18749279,5336450,3,14,0.1
2026-07-31,80+,6112952,1856739,1,15,0.2
2026-08-01,00-04,3988681,1062504,1,6,0.2
2026-08-01,00+,84358845,39200646,13,67,0.1
2026-08-01,05-14,7940296,4512335,1,2,0
2026-08-01,15-34,19059537,11264083,2,15,0.1
2026-08-01,35-59,28508100,15136230,3,11,0
2026-08-01,60-79,18749279,5336454,4,18,0.1
2026-08-01,80+,6112952,1856741,2,15,0.2
2026-08-02,00-04,3988681,1062504,0,6,0.2
2026-08-02,00+,84358845,39200646,0,67,0.1
2026-08-02,05-14,7940296,4512335,0,2,0
2026-08-02,15-34,19059537,11264083,0,15,0.1
2026-08-02,35-59,28508100,15136230,0,11,0
2026-08-02,60-79,18749279,5336454,0,18,0.1
2026-08-02,80+,6112952,1856741,0,15,0.2
2026-08-03,00-04,3988681,1062504,0,6,0.2
2026-08-03,00+,84358845,39200646,0,67,0.1
2026-08-03,05-14,7940296,4512335,0,2,0
2026-08-03,15-34,19059537,11264083,0,15,0.1
2026-08-03,35-59,28508100,15136230,0,11,0
2026-08-03,60-79,18749279,5336454,0,18,0.1
2026-08-03,80+,6112952,1856741,0,15,0.2
2026-08-04,00-04,3988681,1062509,5,9,0.2
2026-08-04,00+,84358845,39200686,40,86,0.1
2026-08-04,05-14,7940296,4512335,0,1,0
2026-08-04,15-34,19059537,11264091,8,20,0.1
2026-08-04,35-59,28508100,15136236,6,14,0
2026-08-04,60-79,18749279,5336464,10,22,0.1
2026-08-04,80+,6112952,1856752,11,20,0.3
2026-08-05,00-04,3988681,1062512,3,12,0.3
2026-08-05,00+,84358845,39200708,22,97,0.1
2026-08-05,05-14,7940296,4512335,0,1,0
2026-08-05,15-34,19059537,11264098,7,23,0.1
2026-08-05,35-59,28508100,15136241,5,17,0.1
2026-08-05,60-79,18749279,5336469,5,24,0.1
2026-08-05,80+,6112952,1856754,2,20,0.3
2026-08-06,00-04,3988681,1062514,2,12,0.3
2026-08-06,00+,84358845,39200728,20,104,0.1
2026-08-06,05-14,7940296,4512335,0,1,0
2026-08-06,15-34,19059537,11264102,4,25,0.1
2026-08-06,35-59,28508100,15136248,7,21,0.1
2026-08-06,60-79,18749279,5336473,4,26,0.1
2026-08-06,80+,6112952,1856757,3,19,0.3
2026-08-07,00-04,3988681,1062516,2,13,0.3
2026-08-07,00+,84358845,39200749,21,116,0.1
2026-08-07,05-14,7940296,4512336,1,2,0
2026-08-07,15-34,19059537,11264108,6,27,0.1
2026-08-07,35-59,28508100,15136254,6,27,0.1
2026-08-07,60-79,18749279,5336479,6,29,0.2
2026-08-07,80+,6112952,1856757,0,18,0.3
2026-08-08,00-04,3988681,1062516,0,12,0.3
2026-08-08,00+,84358845,39200767,18,121,0.1
2026-08-08,05-14,7940296,4512336,0,1,0
2026-08-08,15-34,19059537,11264113,5,30,0.2
2026-08-08,35-59,28508100,15136257,3,27,0.1
2026-08-08,60-79,18749279,5336483,4,29,0.2
2026-08-08,80+,6112952,1856763,6,22,0.4
2026-08-09,00-04,3988681,1062516,0,12,0.3
2026-08-09,00+,84358845,39200768,1,122,0.1
2026-08-09,05-14,7940296,4512336,0,1,0
2026-08-09,15-34,19059537,11264113,0,30,0.2
2026-08-09,35-59,28508100,15136257,0,27,0.1
2026-08-09,60-79,18749279,5336483,0,29,0.2
2026-08-09,80+,6112952,1856764,1,23,0.4
2026-08-10,00-04,3988681,1062516,0,12,0.3
2026-08-10,00+,84358845,39200768,0,122,0.1
2026-08-10,05-14,7940296,4512336,0,1,0
2026-08-10,15-34,19059537,11264113,0,30,0.2
2026-08-10,35-59,28508100,15136257,0,27,0.1
2026-08-10,60-79,18749279,5336483,0,29,0.2
2026-08-10,80+,6112952,1856764,0,23,0.4
2026-08-11,00-04,3988681,1062519,3,10,0.3
2026-08-11,00+,84358845,39200801,33,115,0.1
2026-08-11,05-14,7940296,4512338,2,3,0
2026-08-11,15-34,19059537,11264120,7,29,0.2
2026-08-11,35-59,28508100,15136265,8,29,0.1
2026-08-11,60-79,18749279,5336488,5,24,0.1
2026-08-11,80+,6112952,1856772,8,20,0.3
2026-08-12,00-04,3988681,1062520,1,8,0.2
2026-08-12,00+,84358845,39200826,25,118,0.1
2026-08-12,05-14,7940296,4512338,0,3,0
2026-08-12,15-34,19059537,11264126,6,28,0.1
2026-08-12,35-59,28508100,15136275,10,34,0.1
2026-08-12,60-79,18749279,5336492,4,23,0.1
2026-08-12,80+,6112952,1856776,4,22,0.4
2026-08-13,00-04,3988681,1062522,2,8,0.2
2026-08-13,00+,84358845,39200840,14,112,0.1
2026-08-13,05-14,7940296,4512338,0,3,0
2026-08-13,15-34,19059537,11264129,3,27,0.1
2026-08-13,35-59,28508100,15136278,3,30,0.1
2026-08-13,60-79,18749279,5336497,5,24,0.1
2026-08-13,80+,6112952,1856777,1,20,0.3
2026-08-14,00-04,3988681,1062523,1,7,0.2
2026-08-14,00+,84358845,39200860,20,111,0.1
2026-08-14,05-14,7940296,4512338,0,2,0
2026-08-14,15-34,19059537,11264136,7,28,0.1
2026-08-14,35-59,28508100,15136285,7,31,0.1
2026-08-14,60-79,18749279,5336501,4,22,0.1
2026-08-14,80+,6112952,1856778,1,21,0.3
2026-08-15,00-04,3988681,1062524,1,8,0.2
2026-08-15,00+,84358845,39200869,9,102,0.1
2026-08-15,05-14,7940296,4512338,0,2,0
2026-08-15,15-34,19059537,11264139,3,26,0.1
2026-08-15,35-59,28508100,15136286,1,29,0.1
2026-08-15,60-79,18749279,5336504,3,21,0.1
2026-08-15,80+,6112952,1856779,1,16,0.3
2026-08-16,00-04,3988681,1062524,0,8,0.2
2026-08-16,00+,84358845,39200869,0,101,0.1
2026-08-16,05-14,7940296,4512338,0,2,0
2026-08-16,15-34,19059537,11264139,0,26,0.1
2026-08-16,35-59,28508100,15136286,0,29,0.1
2026-08-16,60-79,18749279,5336504,0,21,0.1
2026-08-16,80+,6112952,1856779,0,15,0.2
2026-08-17,00-04,3988681,1062524,0,8,0.2
2026-08-17,00+,84358845,39200870,1,102,0.1
2026-08-17,05-14,7940296,4512338,0,2,0
2026-08-17,15-34,19059537,11264139,0,26,0.1
2026-08-17,35-59,28508100,15136287,1,30,0.1
2026-08-17,60-79,18749279,5336504,0,21,0.1
2026-08-17,80+,6112952,1856779,0,15,0.2
2026-08-18,00-04,3988681,1062528,4,9,0.2
2026-08-18,00+,84358845,39200910,40,109,0.1
2026-08-18,05-14,7940296,4512339,1,1,0
2026-08-18,15-34,19059537,11264148,9,28,0.1
2026-08-18,35-59,28508100,15136296,9,31,0.1
2026-08-18,60-79,18749279,5336513,9,25,0.1
2026-08-18,80+,6112952,1856787,8,15,0.2
2026-08-19,00-04,3988681,1062531,3,11,0.3
2026-08-19,00+,84358845,39200938,28,112,0.1
2026-08-19,05-14,7940296,4512340,1,2,0
2026-08-19,15-34,19059537,11264154,6,28,0.1
2026-08-19,35-59,28508100,15136303,7,28,0.1
2026-08-19,60-79,18749279,5336521,8,29,0.2
2026-08-19,80+,6112952,1856790,3,14,0.2
2026-08-20,00-04,3988681,1062535,4,13,0.3
2026-08-20,00+,84358845,39200956,18,116,0.1
2026-08-20,05-14,7940296,4512340,0,2,0
2026-08-20,15-34,19059537,11264157,3,28,0.1
2026-08-20,35-59,28508100,15136309,6,31,0.1
2026-08-20,60-79,18749279,5336525,4,28,0.1
2026-08-20,80+,6112952,1856791,1,14,0.2
2026-08-21,00-04,3988681,1062536,1,13,0.3
2026-08-21,00+,84358845,39200982,26,122,0.1
2026-08-21,05-14,7940296,4512341,1,3,0
2026-08-21,15-34,19059537,11264164,7,28,0.1
2026-08-21,35-59,28508100,15136319,10,34,0.1
2026-08-21,60-79,18749279,5336528,3,27,0.1
2026-08-21,80+,6112952,1856795,4,17,0.3
2026-08-22,00-04,3988681,1062540,4,16,0.4
2026-08-22,00+,84358845,39201002,20,133,0.2
2026-08-22,05-14,7940296,4512341,0,3,0
2026-08-22,15-34,19059537,11264169,5,30,0.2
2026-08-22,35-59,28508100,15136322,3,36,0.1
2026-08-22,60-79,18749279,5336534,6,30,0.2
2026-08-22,80+,6112952,1856797,2,18,0.3
2026-08-23,00-04,3988681,1062540,0,16,0.4
2026-08-23,00+,84358845,39201005,3,136,0.2
2026-08-23,05-14,7940296,4512341,0,3,0
2026-08-23,15-34,19059537,11264169,0,30,0.2
2026-08-23,35-59,28508100,15136323,1,37,0.1
2026-08-23,60-79,18749279,5336536,2,32,0.2
2026-08-23,80+,6112952,1856797,0,18,0.3
2026-08-24,00-04,3988681,1062540,0,16,0.4
2026-08-24,00+,84358845,39201005,0,135,0.2
2026-08-24,05-14,7940296,4512341,0,3,0
2026-08-24,15-34,19059537,11264169,0,30,0.2
2026-08-24,35-59,28508100,15136323,0,36,0.1
2026-08-24,60-79,18749279,5336536,0,32,0.2
2026-08-24,80+,6112952,1856797,0,18,0.3
2026-08-25,00-04,3988681,1062544,4,16,0.4
2026-08-25,00+,84358845,39201050,45,140,0.2
2026-08-25,05-14,7940296,4512343,2,4,0.1
2026-08-25,15-34,19059537,11264182,13,34,0.2
2026-08-25,35-59,28508100,15136333,10,37,0.1
2026-08-25,60-79,18749279,5336544,8,31,0.2
2026-08-25,80+,6112952,1856805,8,18,0.3
2026-08-26,00-04,3988681,1062545,1,14,0.4
2026-08-26,00+,84358845,39201073,23,135,0.2
2026-08-26,05-14,7940296,4512343,0,3,0
2026-08-26,15-34,19059537,11264188,6,34,0.2
2026-08-26,35-59,28508100,15136342,9,39,0.1
2026-08-26,60-79,18749279,5336546,2,25,0.1
2026-08-26,80+,6112952,1856810,5,20,0.3
2026-08-27,00-04,3988681,1062547,2,12,0.3
2026-08-27,00+,84358845,39201098,25,142,0.2
2026-08-27,05-14,7940296,4512343,0,3,0
2026-08-27,15-34,19059537,11264195,7,38,0.2
2026-08-27,35-59,28508100,15136349,7,40,0.1
2026-08-27,60-79,18749279,5336549,3,24,0.1
2026-08-27,80+,6112952,1856816,6,25,0.4
2026-08-28,00-04,3988681,1062551,4,15,0.4
2026-08-28,00+,84358845,39201123,25,141,0.2
2026-08-28,05-14,7940296,4512343,0,2,0
2026-08-28,15-34,19059537,11264199,4,35,0.2
2026-08-28,35-59,28508100,15136358,9,39,0.1
2026-08-28,60-79,18749279,5336552,3,24,0.1
2026-08-28,80+,6112952,1856821,5,26,0.4
2026-08-29,00-04,3988681,1062554,3,14,0.4
2026-08-29,00+,84358845,39201141,18,139,0.2
2026-08-29,05-14,7940296,4512343,0,2,0
2026-08-29,15-34,19059537,11264202,3,33,0.2
2026-08-29,35-59,28508100,15136362,4,40,0.1
2026-08-29,60-79,18749279,5336556,4,22,0.1
2026-08-29,80+,6112952,1856825,4,28,0.5
2026-08-30,00-04,3988681,1062554,0,14,0.4
2026-08-30,00+,84358845,39201141,0,136,0.2
2026-08-30,05-14,7940296,4512343,0,2,0
2026-08-30,15-34,19059537,11264202,0,33,0.2
2026-08-30,35-59,28508100,15136362,0,39,0.1
2026-08-30,60-79,18749279,5336556,0,20,0.1
2026-08-30,80+,6112952,1856825,0,28,0.5
2026-08-31,00-04,3988681,1062554,0,14,0.4
2026-08-31,00+,84358845,39201142,1,137,0.2
2026-08-31,05-14,7940296,4512343,0,2,0
2026-08-31,15-34,19059537,11264202,0,33,0.2
2026-08-31,35-59,28508100,15136362,0,39,0.1
2026-08-31,60-79,18749279,5336556,0,20,0.1
2026-08-31,80+,6112952,1856826,1,29,0.5
2026-09-01,00-04,3988681,1062562,8,18,0.5
2026-09-01,00+,84358845,39201198,56,148,0.2
2026-09-01,05-14,7940296,4512343,0,0,0
2026-09-01,15-34,19059537,11264212,10,30,0.2
2026-09-01,35-59,28508100,15136377,15,44,0.2
2026-09-01,60-79,18749279,5336570,14,26,0.1
2026-09-01,80+,6112952,1856835,9,30,0.5
2026-09-02,00-04,3988681,1062563,1,18,0.5
2026-09-02,00+,84358845,39201223,25,150,0.2
2026-09-02,05-14,7940296,4512345,2,2,0
2026-09-02,15-34,19059537,11264220,8,32,0.2
2026-09-02,35-59,28508100,15136384,7,42,0.1
2026-09-02,60-79,18749279,5336573,3,27,0.1
2026-09-02,80+,6112952,1856839,4,29,0.5
2026-09-03,00-04,3988681,1062563,0,16,0.4
2026-09-03,00+,84358845,39201249,26,151,0.2
2026-09-03,05-14,7940296,4512346,1,3,0
2026-09-03,15-34,19059537,11264228,8,33,0.2
2026-09-03,35-59,28508100,15136392,8,43,0.2
2026-09-03,60-79,18749279,5336580,7,31,0.2
2026-09-03,80+,6112952,1856841,2,25,0.4
2026-09-04,00-04,3988681,1062567,4,16,0.4
2026-09-04,00+,84358845,39201283,34,160,0.2
2026-09-04,05-14,7940296,4512348,2,5,0.1
2026-09-04,15-34,19059537,11264229,1,30,0.2
2026-09-04,35-59,28508100,15136402,10,44,0.2
2026-09-04,60-79,18749279,5336591,11,39,0.2
2026-09-04,80+,6112952,1856847,6,26,0.4
2026-09-05,00-04,3988681,1062571,4,17,0.4
2026-09-05,00+,84358845,39201317,34,176,0.2
2026-09-05,05-14,7940296,4512349,1,6,0.1
2026-09-05,15-34,19059537,11264238,9,36,0.2
2026-09-05,35-59,28508100,15136408,6,46,0.2
2026-09-05,60-79,18749279,5336597,6,41,0.2
2026-09-05,80+,6112952,1856851,4,26,0.4
2026-09-06,00-04,3988681,1062571,0,17,0.4
2026-09-06,00+,84358845,39201318,1,177,0.2
2026-09-06,05-14,7940296,4512349,0,6,0.1
2026-09-06,15-34,19059537,11264238,0,36,0.2
2026-09-06,35-59,28508100,15136408,0,46,0.2
2026-09-06,60-79,18749279,5336598,1,42,0.2
2026-09-06,80+,6112952,1856851,0,26,0.4
2026-09-07,00-04,3988681,1062571,0,17,0.4
2026-09-07,00+,84358845,39201320,2,178,0.2
2026-09-07,05-14,7940296,4512349,0,6,0.1
2026-09-07,15-34,19059537,11264238,0,36,0.2
2026-09-07,35-59,28508100,15136408,0,46,0.2
2026-09-07,60-79,18749279,5336600,2,44,0.2
2026-09-07,80+,6112952,1856851,0,25,0.4
2026-09-08,00-04,3988681,1062577,6,15,0.4
2026-09-08,00+,84358845,39201388,68,190,0.2
2026-09-08,05-14,7940296,4512349,0,6,0.1
2026-09-08,15-34,19059537,11264253,15,41,0.2
2026-09-08,35-59,28508100,15136418,10,41,0.1
2026-09-08,60-79,18749279,5336621,21,51,0.3
2026-09-08,80+,6112952,1856867,16,32,0.5
2026-09-09,00-04,3988681,1062584,7,21,0.5
2026-09-09,00+,84358845,39201455,67,232,0.3
2026-09-09,05-14,7940296,4512349,0,4,0.1
2026-09-09,15-34,19059537,11264271,18,51,0.3
2026-09-09,35-59,28508100,15136437,19,53,0.2
2026-09-09,60-79,18749279,5336633,12,60,0.3
2026-09-09,80+,6112952,1856878,11,39,0.6
2026-09-10,00-04,3988681,1062591,7,28,0.7
2026-09-10,00+,84358845,39201498,43,249,0.3
2026-09-10,05-14,7940296,4512349,0,3,0
2026-09-10,15-34,19059537,11264274,3,46,0.2
2026-09-10,35-59,28508100,15136446,9,54,0.2
2026-09-10,60-79,18749279,5336645,12,65,0.3
2026-09-10,80+,6112952,1856890,12,49,0.8
2026-09-11,00-04,3988681,1062599,8,32,0.8
2026-09-11,00+,84358845,39201555,57,272,0.3
2026-09-11,05-14,7940296,4512349,0,1,0
2026-09-11,15-34,19059537,11264284,10,55,0.3
2026-09-11,35-59,28508100,15136463,17,61,0.2
2026-09-11,60-79,18749279,5336656,11,65,0.3
2026-09-11,80+,6112952,1856901,11,54,0.9
2026-09-12,00-04,3988681,1062602,3,31,0.8
2026-09-12,00+,84358845,39201589,34,272,0.3
2026-09-12,05-14,7940296,4512350,1,1,0
2026-09-12,15-34,19059537,11264289,5,51,0.3
2026-09-12,35-59,28508100,15136471,8,63,0.2
2026-09-12,60-79,18749279,5336666,10,69,0.4
2026-09-12,80+,6112952,1856908,7,57,0.9
2026-09-13,00-04,3988681,1062602,0,31,0.8
2026-09-13,00+,84358845,39201592,3,274,0.3
2026-09-13,05-14,7940296,4512350,0,1,0
2026-09-13,15-34,19059537,11264290,1,52,0.3
2026-09-13,35-59,28508100,15136472,1,64,0.2
2026-09-13,60-79,18749279,5336667,1,69,0.4
2026-09-13,80+,6112952,1856908,0,57,0.9
2026-09-14,00-04,3988681,1062603,1,32,0.8
2026-09-14,00+,84358845,39201595,3,275,0.3
2026-09-14,05-14,7940296,4512350,0,1,0
2026-09-14,15-34,19059537,11264290,0,52,0.3
2026-09-14,35-59,28508100,15136472,0,64,0.2
2026-09-14,60-79,18749279,5336668,1,68,0.4
2026-09-14,80+,6112952,1856909,1,58,0.9
2026-09-15,00-04,3988681,1062617,14,40,1
2026-09-15,00+,84358845,39201673,78,285,0.3
2026-09-15,05-14,7940296,4512350,0,1,0
2026-09-15,15-34,19059537,11264302,12,49,0.3
2026-09-15,35-59,28508100,15136484,12,66,0.2
2026-09-15,60-79,18749279,5336685,17,64,0.3
2026-09-15,80+,6112952,1856931,22,64,1
2026-09-16,00-04,3988681,1062621,4,37,0.9
2026-09-16,00+,84358845,39201735,62,280,0.3
2026-09-16,05-14,7940296,4512350,0,1,0
2026-09-16,15-34,19059537,11264316,14,45,0.2
2026-09-16,35-59,28508100,15136506,22,69,0.2
2026-09-16,60-79,18749279,5336698,13,65,0.3
2026-09-16,80+,6112952,1856940,9,62,1
2026-09-17,00-04,3988681,1062626,5,35,0.9
2026-09-17,00+,84358845,39201791,56,293,0.3
2026-09-17,05-14,7940296,4512350,0,1,0
2026-09-17,15-34,19059537,11264330,14,56,0.3
2026-09-17,35-59,28508100,15136520,14,74,0.3
2026-09-17,60-79,18749279,5336712,14,67,0.4
2026-09-17,80+,6112952,1856949,9,59,1
2026-09-18,00-04,3988681,1062632,6,33,0.8
2026-09-18,00+,84358845,39201846,55,291,0.3
2026-09-18,05-14,7940296,4512350,0,1,0
2026-09-18,15-34,19059537,11264339,9,55,0.3
2026-09-18,35-59,28508100,15136535,15,72,0.3
2026-09-18,60-79,18749279,5336726,14,70,0.4
2026-09-18,80+,6112952,1856960,11,59,1
2026-09-19,00-04,3988681,1062642,10,40,1
2026-09-19,00+,84358845,39201893,47,304,0.4
2026-09-19,05-14,7940296,4512351,1,1,0
2026-09-19,15-34,19059537,11264347,8,58,0.3
2026-09-19,35-59,28508100,15136543,8,72,0.3
2026-09-19,60-79,18749279,5336738,12,72,0.4
2026-09-19,80+,6112952,1856968,8,60,1
2026-09-20,00-04,3988681,1062643,1,41,1
2026-09-20,00+,84358845,39201896,3,304,0.4
2026-09-20,05-14,7940296,4512351,0,1,0
2026-09-20,15-34,19059537,11264347,0,57,0.3
2026-09-20,35-59,28508100,15136543,0,71,0.2
2026-09-20,60-79,18749279,5336740,2,73,0.4
2026-09-20,80+,6112952,1856968,0,60,1
2026-09-21,00-04,3988681,1062643,0,40,1
2026-09-21,00+,84358845,39201896,0,301,0.4
2026-09-21,05-14,7940296,4512351,0,1,0
2026-09-21,15-34,19059537,11264347,0,57,0.3
2026-09-21,35-59,28508100,15136543,0,71,0.2
2026-09-21,60-79,18749279,5336740,0,72,0.4
2026-09-21,80+,6112952,1856968,0,59,1
2026-09-22,00-04,3988681,1062654,11,37,0.9
2026-09-22,00+,84358845,39201990,94,317,0.4
2026-09-22,05-14,7940296,4512352,1,2,0
2026-09-22,15-34,19059537,11264361,14,59,0.3
2026-09-22,35-59,28508100,15136561,18,77,0.3
2026-09-22,60-79,18749279,5336766,26,81,0.4
2026-09-22,80+,6112952,1856992,24,61,1
2026-09-23,00-04,3988681,1062658,4,37,0.9
2026-09-23,00+,84358845,39202065,75,330,0.4
2026-09-23,05-14,7940296,4512353,1,3,0
2026-09-23,15-34,19059537,11264369,8,53,0.3
2026-09-23,35-59,28508100,15136578,17,72,0.3
2026-09-23,60-79,18749279,5336791,25,93,0.5
2026-09-23,80+,6112952,1857012,20,72,1.2
2026-09-24,00-04,3988681,1062660,2,34,0.9
2026-09-24,00+,84358845,39202148,83,357,0.4
2026-09-24,05-14,7940296,4512354,1,4,0.1
2026-09-24,15-34,19059537,11264378,9,48,0.3
2026-09-24,35-59,28508100,15136610,32,90,0.3
2026-09-24,60-79,18749279,5336813,22,101,0.5
2026-09-24,80+,6112952,1857029,17,80,1.3
2026-09-25,00-04,3988681,1062666,6,34,0.9
2026-09-25,00+,84358845,39202222,74,376,0.4
2026-09-25,05-14,7940296,4512356,2,6,0.1
2026-09-25,15-34,19059537,11264391,13,52,0.3
2026-09-25,35-59,28508100,15136631,21,96,0.3
2026-09-25,60-79,18749279,5336831,18,105,0.6
2026-09-25,80+,6112952,1857043,14,83,1.4
2026-09-26,00-04,3988681,1062671,5,29,0.7
2026-09-26,00+,84358845,39202292,70,399,0.5
2026-09-26,05-14,7940296,4512356,0,5,0.1
2026-09-26,15-34,19059537,11264407,16,60,0.3
2026-09-26,35-59,28508100,15136646,15,103,0.4
2026-09-26,60-79,18749279,5336844,13,106,0.6
2026-09-26,80+,6112952,1857063,20,95,1.6
2026-09-27,00-04,3988681,1062671,0,28,0.7
2026-09-27,00+,84358845,39202299,7,403,0.5
2026-09-27,05-14,7940296,4512356,0,5,0.1
2026-09-27,15-34,19059537,11264408,1,61,0.3
2026-09-27,35-59,28508100,15136647,1,104,0.4
2026-09-27,60-79,18749279,5336845,1,105,0.6
2026-09-27,80+,6112952,1857067,4,99,1.6
2026-09-28,00-04,3988681,1062671,0,28,0.7
2026-09-28,00+,84358845,39202305,6,409,0.5
2026-09-28,05-14,7940296,4512356,0,5,0.1
2026-09-28,15-34,19059537,11264409,1,62,0.3
2026-09-28,35-59,28508100,15136648,1,105,0.4
2026-09-28,60-79,18749279,5336846,1,106,0.6
2026-09-28,80+,6112952,1857069,2,101,1.7
2026-09-29,00-04,3988681,1062688,17,34,0.9
2026-09-29,00+,84358845,39202470,165,480,0.6
2026-09-29,05-14,7940296,4512357,1,5,0.1
2026-09-29,15-34,19059537,11264436,27,75,0.4
2026-09-29,35-59,28508100,15136686,38,125,0.4
2026-09-29,60-79,18749279,5336881,35,115,0.6
2026-09-29,80+,6112952,1857116,47,124,2
2026-09-30,00-04,3988681,1062699,11,41,1
2026-09-30,00+,84358845,39202601,131,536,0.6
2026-09-30,05-14,7940296,4512357,0,4,0.1
2026-09-30,15-34,19059537,11264457,21,88,0.5
2026-09-30,35-59,28508100,15136721,35,143,0.5
2026-09-30,60-79,18749279,5336923,42,132,0.7
2026-09-30,80+,6112952,1857138,22,126,2.1
2026-10-01,00-04,3988681,1062704,5,44,1.1
2026-10-01,00+,84358845,39202722,121,574,0.7
2026-10-01,05-14,7940296,4512361,4,7,0.1
2026-10-01,15-34,19059537,11264474,17,96,0.5
2026-10-01,35-59,28508100,15136754,33,144,0.5
2026-10-01,60-79,18749279,5336950,27,137,0.7
2026-10-01,80+,6112952,1857172,34,143,2.3
2026-10-02,00-04,3988681,1062713,9,47,1.2
2026-10-02,00+,84358845,39202822,100,600,0.7
2026-10-02,05-14,7940296,4512364,3,8,0.1
2026-10-02,15-34,19059537,11264488,14,97,0.5
2026-10-02,35-59,28508100,15136782,28,151,0.5
2026-10-02,60-79,18749279,5336980,30,149,0.8
2026-10-02,80+,6112952,1857188,16,145,2.4
2026-10-03,00-04,3988681,1062717,4,46,1.2
2026-10-03,00+,84358845,39202890,68,598,0.7
2026-10-03,05-14,7940296,4512365,1,9,0.1
2026-10-03,15-34,19059537,11264496,8,89,0.5
2026-10-03,35-59,28508100,15136809,27,163,0.6
2026-10-03,60-79,18749279,5336990,10,146,0.8
2026-10-03,80+,6112952,1857206,18,143,2.3
2026-10-04,00-04,3988681,1062718,1,47,1.2
2026-10-04,00+,84358845,39202896,6,597,0.7
2026-10-04,05-14,7940296,4512365,0,9,0.1
2026-10-04,15-34,19059537,11264497,1,89,0.5
2026-10-04,35-59,28508100,15136811,2,164,0.6
2026-10-04,60-79,18749279,5336992,2,147,0.8
2026-10-04,80+,6112952,1857206,0,139,2.3
2026-10-05,00-04,3988681,1062718,0,47,1.2
2026-10-05,00+,84358845,39202900,4,595,0.7
2026-10-05,05-14,7940296,4512365,0,9,0.1
2026-10-05,15-34,19059537,11264498,1,89,0.5
2026-10-05,35-59,28508100,15136811,0,163,0.6
2026-10-05,60-79,18749279,5336994,2,148,0.8
2026-10-05,80+,6112952,1857207,1,138,2.3
2026-10-06,00-04,3988681,1062741,23,53,1.3
2026-10-06,00+,84358845,39203123,223,653,0.8
2026-10-06,05-14,7940296,4512368,3,11,0.1
2026-10-06,15-34,19059537,11264536,38,100,0.5
2026-10-06,35-59,28508100,15136848,37,162,0.6
2026-10-06,60-79,18749279,5337065,71,184,1
2026-10-06,80+,6112952,1857257,50,141,2.3
2026-10-07,00-04,3988681,1062751,10,52,1.3
2026-10-07,00+,84358845,39203277,154,676,0.8
2026-10-07,05-14,7940296,4512370,2,13,0.2
2026-10-07,15-34,19059537,11264562,26,105,0.6
2026-10-07,35-59,28508100,15136879,31,158,0.6
2026-10-07,60-79,18749279,5337105,40,182,1
2026-10-07,80+,6112952,1857299,42,161,2.6
2026-10-08,00-04,3988681,1062762,11,58,1.5
2026-10-08,00+,84358845,39203433,156,711,0.8
2026-10-08,05-14,7940296,4512372,2,11,0.1
2026-10-08,15-34,19059537,11264578,16,104,0.5
2026-10-08,35-59,28508100,15136927,48,173,0.6
2026-10-08,60-79,18749279,5337148,43,198,1.1
2026-10-08,80+,6112952,1857334,35,162,2.7
2026-10-09,00-04,3988681,1062765,3,52,1.3
2026-10-09,00+,84358845,39203516,83,694,0.8
2026-10-09,05-14,7940296,4512374,2,10,0.1
2026-10-09,15-34,19059537,11264593,15,105,0.6
2026-10-09,35-59,28508100,15136943,16,161,0.6
2026-10-09,60-79,18749279,5337174,26,194,1
2026-10-09,80+,6112952,1857355,21,167,2.7
